scene_id,scene_key,dataset,source_group,format,depth_kind,pose_kind,eligible_frame_count,full_count,hard_subset_count,scene_root
DL3DV-ALL-480P__10K_extracted__970a5c674c27b504d592d0a70c496d0e35ab0dc76802fb6e1bf336a4c1fe150a,DL3DV-ALL-480P/10K_extracted/970a5c674c27b504d592d0a70c496d0e35ab0dc76802fb6e1bf336a4c1fe150a,DL3DV-ALL-480P,DL3DV-ALL-480P,nerf_transforms_images8_colmap_depth,colmap_photometric_bin,transforms_json_opengl_c2w,80,80,12,/home/m/dataset/ltm_datasets/DL3DV-ALL-480P/10K_extracted/970a5c674c27b504d592d0a70c496d0e35ab0dc76802fb6e1bf336a4c1fe150a
DL3DV-ALL-480P__10K_extracted__9768df683fa3ee444847b68663c3d5a29b76b65c0ff3c554fa39086c1d9b595a,DL3DV-ALL-480P/10K_extracted/9768df683fa3ee444847b68663c3d5a29b76b65c0ff3c554fa39086c1d9b595a,DL3DV-ALL-480P,DL3DV-ALL-480P,nerf_transforms_images8_colmap_depth,colmap_photometric_bin,transforms_json_opengl_c2w,80,80,12,/home/m/dataset/ltm_datasets/DL3DV-ALL-480P/10K_extracted/9768df683fa3ee444847b68663c3d5a29b76b65c0ff3c554fa39086c1d9b595a
DL3DV-ALL-480P__10K_extracted__97a61765a05baff1891ef1c8adb3e7e85231d7992668f9cc2e5cf01f480aa7c4,DL3DV-ALL-480P/10K_extracted/97a61765a05baff1891ef1c8adb3e7e85231d7992668f9cc2e5cf01f480aa7c4,DL3DV-ALL-480P,DL3DV-ALL-480P,nerf_transforms_images8_colmap_depth,colmap_photometric_bin,transforms_json_opengl_c2w,80,80,12,/home/m/dataset/ltm_datasets/DL3DV-ALL-480P/10K_extracted/97a61765a05baff1891ef1c8adb3e7e85231d7992668f9cc2e5cf01f480aa7c4
DL3DV-ALL-480P__10K_extracted__97c725a4f9f48f1dedea4e1b3d693c60853c1a0658c185cb371f56541929bc7c,DL3DV-ALL-480P/10K_extracted/97c725a4f9f48f1dedea4e1b3d693c60853c1a0658c185cb371f56541929bc7c,DL3DV-ALL-480P,DL3DV-ALL-480P,nerf_transforms_images8_colmap_depth,colmap_photometric_bin,transforms_json_opengl_c2w,80,80,12,/home/m/dataset/ltm_datasets/DL3DV-ALL-480P/10K_extracted/97c725a4f9f48f1dedea4e1b3d693c60853c1a0658c185cb371f56541929bc7c
DL3DV-ALL-480P__10K_extracted__9867fbee9dda9976003c34f3684b9d7082bc3b25b9a4de7ae434236a29ad9adf,DL3DV-ALL-480P/10K_extracted/9867fbee9dda9976003c34f3684b9d7082bc3b25b9a4de7ae434236a29ad9adf,DL3DV-ALL-480P,DL3DV-ALL-480P,nerf_transforms_images8_colmap_depth,colmap_photometric_bin,transforms_json_opengl_c2w,80,80,12,/home/m/dataset/ltm_datasets/DL3DV-ALL-480P/10K_extracted/9867fbee9dda9976003c34f3684b9d7082bc3b25b9a4de7ae434236a29ad9adf
DL3DV-ALL-480P__10K_extracted__98c131f76b72886e98eb22397f22d2001e8a667cf91b89df4f61194756f6dea3,DL3DV-ALL-480P/10K_extracted/98c131f76b72886e98eb22397f22d2001e8a667cf91b89df4f61194756f6dea3,DL3DV-ALL-480P,DL3DV-ALL-480P,nerf_transforms_images8_colmap_depth,colmap_photometric_bin,transforms_json_opengl_c2w,80,80,12,/home/m/dataset/ltm_datasets/DL3DV-ALL-480P/10K_extracted/98c131f76b72886e98eb22397f22d2001e8a667cf91b89df4f61194756f6dea3
DL3DV-ALL-480P__10K_extracted__98ff6a357347abc294c12a34f15a79a3a1996e9f9de76173de37702d111e8138,DL3DV-ALL-480P/10K_extracted/98ff6a357347abc294c12a34f15a79a3a1996e9f9de76173de37702d111e8138,DL3DV-ALL-480P,DL3DV-ALL-480P,nerf_transforms_images8_colmap_depth,colmap_photometric_bin,transforms_json_opengl_c2w,80,80,12,/home/m/dataset/ltm_datasets/DL3DV-ALL-480P/10K_extracted/98ff6a357347abc294c12a34f15a79a3a1996e9f9de76173de37702d111e8138
DL3DV-ALL-480P__10K_extracted__992b77e6bbbba6b54b795ee7a9ec710c1f12ed7a2e8163cf60207d791a6ab3b6,DL3DV-ALL-480P/10K_extracted/992b77e6bbbba6b54b795ee7a9ec710c1f12ed7a2e8163cf60207d791a6ab3b6,DL3DV-ALL-480P,DL3DV-ALL-480P,nerf_transforms_images8_colmap_depth,colmap_photometric_bin,transforms_json_opengl_c2w,80,80,12,/home/m/dataset/ltm_datasets/DL3DV-ALL-480P/10K_extracted/992b77e6bbbba6b54b795ee7a9ec710c1f12ed7a2e8163cf60207d791a6ab3b6
DL3DV-ALL-480P__10K_extracted__99e3a4068de263e1bae0c1e294d322e469f7a6e4af16b2397d2c3f9f6bb63506,DL3DV-ALL-480P/10K_extracted/99e3a4068de263e1bae0c1e294d322e469f7a6e4af16b2397d2c3f9f6bb63506,DL3DV-ALL-480P,DL3DV-ALL-480P,nerf_transforms_images8_colmap_depth,colmap_photometric_bin,transforms_json_opengl_c2w,80,80,12,/home/m/dataset/ltm_datasets/DL3DV-ALL-480P/10K_extracted/99e3a4068de263e1bae0c1e294d322e469f7a6e4af16b2397d2c3f9f6bb63506
DL3DV-ALL-480P__10K_extracted__9aae8ae4d5ad1d1fe1a568cd7fc26dcfc9c4997ca4d9ce5d01dac0da882629d7,DL3DV-ALL-480P/10K_extracted/9aae8ae4d5ad1d1fe1a568cd7fc26dcfc9c4997ca4d9ce5d01dac0da882629d7,DL3DV-ALL-480P,DL3DV-ALL-480P,nerf_transforms_images8_colmap_depth,colmap_photometric_bin,transforms_json_opengl_c2w,80,80,12,/home/m/dataset/ltm_datasets/DL3DV-ALL-480P/10K_extracted/9aae8ae4d5ad1d1fe1a568cd7fc26dcfc9c4997ca4d9ce5d01dac0da882629d7
DL3DV-ALL-480P__10K_extracted__9ae82cb27e35a9dbb807483d563d6fdb743390efced6be250d73123f3e58fae8,DL3DV-ALL-480P/10K_extracted/9ae82cb27e35a9dbb807483d563d6fdb743390efced6be250d73123f3e58fae8,DL3DV-ALL-480P,DL3DV-ALL-480P,nerf_transforms_images8_colmap_depth,colmap_photometric_bin,transforms_json_opengl_c2w,80,80,12,/home/m/dataset/ltm_datasets/DL3DV-ALL-480P/10K_extracted/9ae82cb27e35a9dbb807483d563d6fdb743390efced6be250d73123f3e58fae8
DL3DV-ALL-480P__10K_extracted__9aecb53581ecf1e7eda93a6e904c236e9398673d0ec461fa43faee019456e4d4,DL3DV-ALL-480P/10K_extracted/9aecb53581ecf1e7eda93a6e904c236e9398673d0ec461fa43faee019456e4d4,DL3DV-ALL-480P,DL3DV-ALL-480P,nerf_transforms_images8_colmap_depth,colmap_photometric_bin,transforms_json_opengl_c2w,80,80,12,/home/m/dataset/ltm_datasets/DL3DV-ALL-480P/10K_extracted/9aecb53581ecf1e7eda93a6e904c236e9398673d0ec461fa43faee019456e4d4
DL3DV-ALL-480P__10K_extracted__9b31aaf5a9e4da1ac28b53a22029a5e0ffae7fdd867a8c671c5f565bac5d4346,DL3DV-ALL-480P/10K_extracted/9b31aaf5a9e4da1ac28b53a22029a5e0ffae7fdd867a8c671c5f565bac5d4346,DL3DV-ALL-480P,DL3DV-ALL-480P,nerf_transforms_images8_colmap_depth,colmap_photometric_bin,transforms_json_opengl_c2w,80,80,12,/home/m/dataset/ltm_datasets/DL3DV-ALL-480P/10K_extracted/9b31aaf5a9e4da1ac28b53a22029a5e0ffae7fdd867a8c671c5f565bac5d4346
DL3DV-ALL-480P__10K_extracted__9bee0a9c787d617ee0ad16fdaf88dcc445bf0041e0599e4f4f6e55f8699a1219,DL3DV-ALL-480P/10K_extracted/9bee0a9c787d617ee0ad16fdaf88dcc445bf0041e0599e4f4f6e55f8699a1219,DL3DV-ALL-480P,DL3DV-ALL-480P,nerf_transforms_images8_colmap_depth,colmap_photometric_bin,transforms_json_opengl_c2w,80,80,12,/home/m/dataset/ltm_datasets/DL3DV-ALL-480P/10K_extracted/9bee0a9c787d617ee0ad16fdaf88dcc445bf0041e0599e4f4f6e55f8699a1219
DL3DV-ALL-480P__10K_extracted__9c141498c817249315734c6fbe9c3d598cd122cfe677cd98ff8469e76153a748,DL3DV-ALL-480P/10K_extracted/9c141498c817249315734c6fbe9c3d598cd122cfe677cd98ff8469e76153a748,DL3DV-ALL-480P,DL3DV-ALL-480P,nerf_transforms_images8_colmap_depth,colmap_photometric_bin,transforms_json_opengl_c2w,80,80,12,/home/m/dataset/ltm_datasets/DL3DV-ALL-480P/10K_extracted/9c141498c817249315734c6fbe9c3d598cd122cfe677cd98ff8469e76153a748
DL3DV-ALL-480P__10K_extracted__9c6612f2344468233191f853096d99b8aadaded4778d520141b15dfbaa6236a1,DL3DV-ALL-480P/10K_extracted/9c6612f2344468233191f853096d99b8aadaded4778d520141b15dfbaa6236a1,DL3DV-ALL-480P,DL3DV-ALL-480P,nerf_transforms_images8_colmap_depth,colmap_photometric_bin,transforms_json_opengl_c2w,80,80,12,/home/m/dataset/ltm_datasets/DL3DV-ALL-480P/10K_extracted/9c6612f2344468233191f853096d99b8aadaded4778d520141b15dfbaa6236a1
DL3DV-ALL-480P__10K_extracted__9cc6ad4a9e4e6b1e7e4118af53d99c98dbe58893075e81412aee4041121f9a16,DL3DV-ALL-480P/10K_extracted/9cc6ad4a9e4e6b1e7e4118af53d99c98dbe58893075e81412aee4041121f9a16,DL3DV-ALL-480P,DL3DV-ALL-480P,nerf_transforms_images8_colmap_depth,colmap_photometric_bin,transforms_json_opengl_c2w,80,80,12,/home/m/dataset/ltm_datasets/DL3DV-ALL-480P/10K_extracted/9cc6ad4a9e4e6b1e7e4118af53d99c98dbe58893075e81412aee4041121f9a16
DL3DV-ALL-480P__10K_extracted__9d54ee2753b0e45a3f455a7711bf855687c5d6dccfef463247f613f82192c789,DL3DV-ALL-480P/10K_extracted/9d54ee2753b0e45a3f455a7711bf855687c5d6dccfef463247f613f82192c789,DL3DV-ALL-480P,DL3DV-ALL-480P,nerf_transforms_images8_colmap_depth,colmap_photometric_bin,transforms_json_opengl_c2w,80,80,12,/home/m/dataset/ltm_datasets/DL3DV-ALL-480P/10K_extracted/9d54ee2753b0e45a3f455a7711bf855687c5d6dccfef463247f613f82192c789
DL3DV-ALL-480P__10K_extracted__9efeef19130e667f2252ef6bfb1301efbaa492fde9fd8e46c03d0e1f8dc3e775,DL3DV-ALL-480P/10K_extracted/9efeef19130e667f2252ef6bfb1301efbaa492fde9fd8e46c03d0e1f8dc3e775,DL3DV-ALL-480P,DL3DV-ALL-480P,nerf_transforms_images8_colmap_depth,colmap_photometric_bin,transforms_json_opengl_c2w,80,80,12,/home/m/dataset/ltm_datasets/DL3DV-ALL-480P/10K_extracted/9efeef19130e667f2252ef6bfb1301efbaa492fde9fd8e46c03d0e1f8dc3e775
DL3DV-ALL-480P__10K_extracted__9f39447fac7f78397eb81398428da3dbeb0a344981548a7ffb27710155980519,DL3DV-ALL-480P/10K_extracted/9f39447fac7f78397eb81398428da3dbeb0a344981548a7ffb27710155980519,DL3DV-ALL-480P,DL3DV-ALL-480P,nerf_transforms_images8_colmap_depth,colmap_photometric_bin,transforms_json_opengl_c2w,80,80,12,/home/m/dataset/ltm_datasets/DL3DV-ALL-480P/10K_extracted/9f39447fac7f78397eb81398428da3dbeb0a344981548a7ffb27710155980519
DL3DV-ALL-480P__10K_extracted__a01682b2c3a7207ff327e68172a0e216737bccc7f6abceb25529e6783f319126,DL3DV-ALL-480P/10K_extracted/a01682b2c3a7207ff327e68172a0e216737bccc7f6abceb25529e6783f319126,DL3DV-ALL-480P,DL3DV-ALL-480P,nerf_transforms_images8_colmap_depth,colmap_photometric_bin,transforms_json_opengl_c2w,80,80,12,/home/m/dataset/ltm_datasets/DL3DV-ALL-480P/10K_extracted/a01682b2c3a7207ff327e68172a0e216737bccc7f6abceb25529e6783f319126
DL3DV-ALL-480P__10K_extracted__a443cc175972757d9ca447a7cc4214aa666e6d187282f14680b77742ab5f5bd5,DL3DV-ALL-480P/10K_extracted/a443cc175972757d9ca447a7cc4214aa666e6d187282f14680b77742ab5f5bd5,DL3DV-ALL-480P,DL3DV-ALL-480P,nerf_transforms_images8_colmap_depth,colmap_photometric_bin,transforms_json_opengl_c2w,80,80,12,/home/m/dataset/ltm_datasets/DL3DV-ALL-480P/10K_extracted/a443cc175972757d9ca447a7cc4214aa666e6d187282f14680b77742ab5f5bd5
DL3DV-ALL-480P__10K_extracted__a69ab060143245725aefaba72d9d27d7765f12ced62f55af5a30342a83c35b2a,DL3DV-ALL-480P/10K_extracted/a69ab060143245725aefaba72d9d27d7765f12ced62f55af5a30342a83c35b2a,DL3DV-ALL-480P,DL3DV-ALL-480P,nerf_transforms_images8_colmap_depth,colmap_photometric_bin,transforms_json_opengl_c2w,80,80,12,/home/m/dataset/ltm_datasets/DL3DV-ALL-480P/10K_extracted/a69ab060143245725aefaba72d9d27d7765f12ced62f55af5a30342a83c35b2a
DL3DV-ALL-480P__10K_extracted__a6c3d1408437e10b523bf77f07519896c17ad65260ba245ad42c236b1e5feecc,DL3DV-ALL-480P/10K_extracted/a6c3d1408437e10b523bf77f07519896c17ad65260ba245ad42c236b1e5feecc,DL3DV-ALL-480P,DL3DV-ALL-480P,nerf_transforms_images8_colmap_depth,colmap_photometric_bin,transforms_json_opengl_c2w,80,80,12,/home/m/dataset/ltm_datasets/DL3DV-ALL-480P/10K_extracted/a6c3d1408437e10b523bf77f07519896c17ad65260ba245ad42c236b1e5feecc
DL3DV-ALL-480P__10K_extracted__a833e74ab82f57ed5511bba545ecc6fd222b32484efc6016b6f48f246847e5e5,DL3DV-ALL-480P/10K_extracted/a833e74ab82f57ed5511bba545ecc6fd222b32484efc6016b6f48f246847e5e5,DL3DV-ALL-480P,DL3DV-ALL-480P,nerf_transforms_images8_colmap_depth,colmap_photometric_bin,transforms_json_opengl_c2w,80,80,12,/home/m/dataset/ltm_datasets/DL3DV-ALL-480P/10K_extracted/a833e74ab82f57ed5511bba545ecc6fd222b32484efc6016b6f48f246847e5e5
DL3DV-ALL-480P__10K_extracted__a8d25e809e379cfc2b7c84eeac63debbc78b0127657cdf029e2ec47bb7220554,DL3DV-ALL-480P/10K_extracted/a8d25e809e379cfc2b7c84eeac63debbc78b0127657cdf029e2ec47bb7220554,DL3DV-ALL-480P,DL3DV-ALL-480P,nerf_transforms_images8_colmap_depth,colmap_photometric_bin,transforms_json_opengl_c2w,80,80,12,/home/m/dataset/ltm_datasets/DL3DV-ALL-480P/10K_extracted/a8d25e809e379cfc2b7c84eeac63debbc78b0127657cdf029e2ec47bb7220554
DL3DV-ALL-480P__10K_extracted__a8d8254abe24175357dffb0717616b961b820006fbfe03b4db798520b0c810e0,DL3DV-ALL-480P/10K_extracted/a8d8254abe24175357dffb0717616b961b820006fbfe03b4db798520b0c810e0,DL3DV-ALL-480P,DL3DV-ALL-480P,nerf_transforms_images8_colmap_depth,colmap_photometric_bin,transforms_json_opengl_c2w,80,80,12,/home/m/dataset/ltm_datasets/DL3DV-ALL-480P/10K_extracted/a8d8254abe24175357dffb0717616b961b820006fbfe03b4db798520b0c810e0
DL3DV-ALL-480P__10K_extracted__a8ed3f6301d9df10e5e58adffcbed493fe5697deb485f4649085edce7ac534b6,DL3DV-ALL-480P/10K_extracted/a8ed3f6301d9df10e5e58adffcbed493fe5697deb485f4649085edce7ac534b6,DL3DV-ALL-480P,DL3DV-ALL-480P,nerf_transforms_images8_colmap_depth,colmap_photometric_bin,transforms_json_opengl_c2w,80,80,12,/home/m/dataset/ltm_datasets/DL3DV-ALL-480P/10K_extracted/a8ed3f6301d9df10e5e58adffcbed493fe5697deb485f4649085edce7ac534b6
DL3DV-ALL-480P__10K_extracted__a9583bfeb2125da0184286a12c0b86842f4b6e69ec2dd81a8fe3fe73621a84d7,DL3DV-ALL-480P/10K_extracted/a9583bfeb2125da0184286a12c0b86842f4b6e69ec2dd81a8fe3fe73621a84d7,DL3DV-ALL-480P,DL3DV-ALL-480P,nerf_transforms_images8_colmap_depth,colmap_photometric_bin,transforms_json_opengl_c2w,80,80,12,/home/m/dataset/ltm_datasets/DL3DV-ALL-480P/10K_extracted/a9583bfeb2125da0184286a12c0b86842f4b6e69ec2dd81a8fe3fe73621a84d7
DL3DV-ALL-480P__10K_extracted__a9dd07805733d67e1d8c3b6a4f402f2a31664d4ff63b47092a70b8eff90a08d6,DL3DV-ALL-480P/10K_extracted/a9dd07805733d67e1d8c3b6a4f402f2a31664d4ff63b47092a70b8eff90a08d6,DL3DV-ALL-480P,DL3DV-ALL-480P,nerf_transforms_images8_colmap_depth,colmap_photometric_bin,transforms_json_opengl_c2w,80,80,12,/home/m/dataset/ltm_datasets/DL3DV-ALL-480P/10K_extracted/a9dd07805733d67e1d8c3b6a4f402f2a31664d4ff63b47092a70b8eff90a08d6
DL3DV-ALL-480P__10K_extracted__a9f1011595e1f906ff4fa671d760c8e80a0097e86262b80b44b48718686f31a9,DL3DV-ALL-480P/10K_extracted/a9f1011595e1f906ff4fa671d760c8e80a0097e86262b80b44b48718686f31a9,DL3DV-ALL-480P,DL3DV-ALL-480P,nerf_transforms_images8_colmap_depth,colmap_photometric_bin,transforms_json_opengl_c2w,80,80,12,/home/m/dataset/ltm_datasets/DL3DV-ALL-480P/10K_extracted/a9f1011595e1f906ff4fa671d760c8e80a0097e86262b80b44b48718686f31a9
DL3DV-ALL-480P__10K_extracted__aa8ecbfbec703d101a7cc6dc0514ccf1b3b8e440b932463610dfc54e9866427f,DL3DV-ALL-480P/10K_extracted/aa8ecbfbec703d101a7cc6dc0514ccf1b3b8e440b932463610dfc54e9866427f,DL3DV-ALL-480P,DL3DV-ALL-480P,nerf_transforms_images8_colmap_depth,colmap_photometric_bin,transforms_json_opengl_c2w,80,80,12,/home/m/dataset/ltm_datasets/DL3DV-ALL-480P/10K_extracted/aa8ecbfbec703d101a7cc6dc0514ccf1b3b8e440b932463610dfc54e9866427f
DL3DV-ALL-480P__10K_extracted__aaf028a59de41e864271e07575298ae13fab0931452067e7b4419cc0dfb21232,DL3DV-ALL-480P/10K_extracted/aaf028a59de41e864271e07575298ae13fab0931452067e7b4419cc0dfb21232,DL3DV-ALL-480P,DL3DV-ALL-480P,nerf_transforms_images8_colmap_depth,colmap_photometric_bin,transforms_json_opengl_c2w,80,80,12,/home/m/dataset/ltm_datasets/DL3DV-ALL-480P/10K_extracted/aaf028a59de41e864271e07575298ae13fab0931452067e7b4419cc0dfb21232
DL3DV-ALL-480P__10K_extracted__ab3ec0761978fc389903402992763291142288458d8d34b6ef96c38e85345c89,DL3DV-ALL-480P/10K_extracted/ab3ec0761978fc389903402992763291142288458d8d34b6ef96c38e85345c89,DL3DV-ALL-480P,DL3DV-ALL-480P,nerf_transforms_images8_colmap_depth,colmap_photometric_bin,transforms_json_opengl_c2w,80,80,12,/home/m/dataset/ltm_datasets/DL3DV-ALL-480P/10K_extracted/ab3ec0761978fc389903402992763291142288458d8d34b6ef96c38e85345c89
DL3DV-ALL-480P__10K_extracted__ab4ae1323d587d2e3ca8e2ba95fd9be866324c476f21da89767ee07ba0c24b69,DL3DV-ALL-480P/10K_extracted/ab4ae1323d587d2e3ca8e2ba95fd9be866324c476f21da89767ee07ba0c24b69,DL3DV-ALL-480P,DL3DV-ALL-480P,nerf_transforms_images8_colmap_depth,colmap_photometric_bin,transforms_json_opengl_c2w,80,80,12,/home/m/dataset/ltm_datasets/DL3DV-ALL-480P/10K_extracted/ab4ae1323d587d2e3ca8e2ba95fd9be866324c476f21da89767ee07ba0c24b69
DL3DV-ALL-480P__10K_extracted__abc861fb7ff0de140be6a8a63ca5ec5bf7f592449d63149b004a93495056c5ec,DL3DV-ALL-480P/10K_extracted/abc861fb7ff0de140be6a8a63ca5ec5bf7f592449d63149b004a93495056c5ec,DL3DV-ALL-480P,DL3DV-ALL-480P,nerf_transforms_images8_colmap_depth,colmap_photometric_bin,transforms_json_opengl_c2w,80,80,12,/home/m/dataset/ltm_datasets/DL3DV-ALL-480P/10K_extracted/abc861fb7ff0de140be6a8a63ca5ec5bf7f592449d63149b004a93495056c5ec
DL3DV-ALL-480P__10K_extracted__abd448f46166fd587a0b874e8510a87756172cc3deb8f2dcc6695ac164eb767a,DL3DV-ALL-480P/10K_extracted/abd448f46166fd587a0b874e8510a87756172cc3deb8f2dcc6695ac164eb767a,DL3DV-ALL-480P,DL3DV-ALL-480P,nerf_transforms_images8_colmap_depth,colmap_photometric_bin,transforms_json_opengl_c2w,80,80,12,/home/m/dataset/ltm_datasets/DL3DV-ALL-480P/10K_extracted/abd448f46166fd587a0b874e8510a87756172cc3deb8f2dcc6695ac164eb767a
DL3DV-ALL-480P__10K_extracted__abfbd7dfda75e8a987dc5555816303678ea89eafd688dfa065d886dbf39a50ce,DL3DV-ALL-480P/10K_extracted/abfbd7dfda75e8a987dc5555816303678ea89eafd688dfa065d886dbf39a50ce,DL3DV-ALL-480P,DL3DV-ALL-480P,nerf_transforms_images8_colmap_depth,colmap_photometric_bin,transforms_json_opengl_c2w,80,80,12,/home/m/dataset/ltm_datasets/DL3DV-ALL-480P/10K_extracted/abfbd7dfda75e8a987dc5555816303678ea89eafd688dfa065d886dbf39a50ce
DL3DV-ALL-480P__10K_extracted__ac73925d46fddc669b388e7603f13f027cb6960434ede557cc56486e724b7bf1,DL3DV-ALL-480P/10K_extracted/ac73925d46fddc669b388e7603f13f027cb6960434ede557cc56486e724b7bf1,DL3DV-ALL-480P,DL3DV-ALL-480P,nerf_transforms_images8_colmap_depth,colmap_photometric_bin,transforms_json_opengl_c2w,80,80,12,/home/m/dataset/ltm_datasets/DL3DV-ALL-480P/10K_extracted/ac73925d46fddc669b388e7603f13f027cb6960434ede557cc56486e724b7bf1
DL3DV-ALL-480P__10K_extracted__ac9e283fc15acb8df0cd4d2296788fe4daa5ba3ee98392148821c47c439ee605,DL3DV-ALL-480P/10K_extracted/ac9e283fc15acb8df0cd4d2296788fe4daa5ba3ee98392148821c47c439ee605,DL3DV-ALL-480P,DL3DV-ALL-480P,nerf_transforms_images8_colmap_depth,colmap_photometric_bin,transforms_json_opengl_c2w,80,80,12,/home/m/dataset/ltm_datasets/DL3DV-ALL-480P/10K_extracted/ac9e283fc15acb8df0cd4d2296788fe4daa5ba3ee98392148821c47c439ee605
DL3DV-ALL-480P__10K_extracted__acbbb3864413cc90253eef4ec3a1783e787c2f9e7b157c56a5b383d3443922a8,DL3DV-ALL-480P/10K_extracted/acbbb3864413cc90253eef4ec3a1783e787c2f9e7b157c56a5b383d3443922a8,DL3DV-ALL-480P,DL3DV-ALL-480P,nerf_transforms_images8_colmap_depth,colmap_photometric_bin,transforms_json_opengl_c2w,80,80,12,/home/m/dataset/ltm_datasets/DL3DV-ALL-480P/10K_extracted/acbbb3864413cc90253eef4ec3a1783e787c2f9e7b157c56a5b383d3443922a8
DL3DV-ALL-480P__10K_extracted__ad30405183ac7a50e20ca1fb1185dc6a48b5df2813e9a26ad5e82d7f76572c09,DL3DV-ALL-480P/10K_extracted/ad30405183ac7a50e20ca1fb1185dc6a48b5df2813e9a26ad5e82d7f76572c09,DL3DV-ALL-480P,DL3DV-ALL-480P,nerf_transforms_images8_colmap_depth,colmap_photometric_bin,transforms_json_opengl_c2w,80,80,12,/home/m/dataset/ltm_datasets/DL3DV-ALL-480P/10K_extracted/ad30405183ac7a50e20ca1fb1185dc6a48b5df2813e9a26ad5e82d7f76572c09
DL3DV-ALL-480P__10K_extracted__ad39abc21ca034cc81b36c2eea5b80db16f156aabb033dd0ebfe55d13e402378,DL3DV-ALL-480P/10K_extracted/ad39abc21ca034cc81b36c2eea5b80db16f156aabb033dd0ebfe55d13e402378,DL3DV-ALL-480P,DL3DV-ALL-480P,nerf_transforms_images8_colmap_depth,colmap_photometric_bin,transforms_json_opengl_c2w,80,80,12,/home/m/dataset/ltm_datasets/DL3DV-ALL-480P/10K_extracted/ad39abc21ca034cc81b36c2eea5b80db16f156aabb033dd0ebfe55d13e402378
DL3DV-ALL-480P__10K_extracted__adecab8c87c864518cc0352fe62b333cddc7204118ec9059382eb4548c32548a,DL3DV-ALL-480P/10K_extracted/adecab8c87c864518cc0352fe62b333cddc7204118ec9059382eb4548c32548a,DL3DV-ALL-480P,DL3DV-ALL-480P,nerf_transforms_images8_colmap_depth,colmap_photometric_bin,transforms_json_opengl_c2w,80,80,12,/home/m/dataset/ltm_datasets/DL3DV-ALL-480P/10K_extracted/adecab8c87c864518cc0352fe62b333cddc7204118ec9059382eb4548c32548a
DL3DV-ALL-480P__10K_extracted__aebf2425584f92447835fa62eaeace32822b6ce7957f04dc78149cac7e109542,DL3DV-ALL-480P/10K_extracted/aebf2425584f92447835fa62eaeace32822b6ce7957f04dc78149cac7e109542,DL3DV-ALL-480P,DL3DV-ALL-480P,nerf_transforms_images8_colmap_depth,colmap_photometric_bin,transforms_json_opengl_c2w,80,80,12,/home/m/dataset/ltm_datasets/DL3DV-ALL-480P/10K_extracted/aebf2425584f92447835fa62eaeace32822b6ce7957f04dc78149cac7e109542
DL3DV-ALL-480P__10K_extracted__af10d40591e57faba9b528c0624f469882303d2cf36f550f38ec83e4fd08193b,DL3DV-ALL-480P/10K_extracted/af10d40591e57faba9b528c0624f469882303d2cf36f550f38ec83e4fd08193b,DL3DV-ALL-480P,DL3DV-ALL-480P,nerf_transforms_images8_colmap_depth,colmap_photometric_bin,transforms_json_opengl_c2w,80,80,12,/home/m/dataset/ltm_datasets/DL3DV-ALL-480P/10K_extracted/af10d40591e57faba9b528c0624f469882303d2cf36f550f38ec83e4fd08193b
DL3DV-ALL-480P__10K_extracted__afb4ddd7c0dc8ff08ea89915e41d7aaa01a3b0b3870e2c93e1ec6856e04344ee,DL3DV-ALL-480P/10K_extracted/afb4ddd7c0dc8ff08ea89915e41d7aaa01a3b0b3870e2c93e1ec6856e04344ee,DL3DV-ALL-480P,DL3DV-ALL-480P,nerf_transforms_images8_colmap_depth,colmap_photometric_bin,transforms_json_opengl_c2w,80,80,12,/home/m/dataset/ltm_datasets/DL3DV-ALL-480P/10K_extracted/afb4ddd7c0dc8ff08ea89915e41d7aaa01a3b0b3870e2c93e1ec6856e04344ee
DL3DV-ALL-480P__10K_extracted__b03cca764bf38530c27e58884723e4c55c951dbe970f611fbd9e3f8b2d6ef635,DL3DV-ALL-480P/10K_extracted/b03cca764bf38530c27e58884723e4c55c951dbe970f611fbd9e3f8b2d6ef635,DL3DV-ALL-480P,DL3DV-ALL-480P,nerf_transforms_images8_colmap_depth,colmap_photometric_bin,transforms_json_opengl_c2w,80,80,12,/home/m/dataset/ltm_datasets/DL3DV-ALL-480P/10K_extracted/b03cca764bf38530c27e58884723e4c55c951dbe970f611fbd9e3f8b2d6ef635
DL3DV-ALL-480P__10K_extracted__b0f2796777bc1be7b88bcdd77d86c14735f3c66a2e890db96ab331473fbdb21e,DL3DV-ALL-480P/10K_extracted/b0f2796777bc1be7b88bcdd77d86c14735f3c66a2e890db96ab331473fbdb21e,DL3DV-ALL-480P,DL3DV-ALL-480P,nerf_transforms_images8_colmap_depth,colmap_photometric_bin,transforms_json_opengl_c2w,80,80,12,/home/m/dataset/ltm_datasets/DL3DV-ALL-480P/10K_extracted/b0f2796777bc1be7b88bcdd77d86c14735f3c66a2e890db96ab331473fbdb21e
DL3DV-ALL-480P__10K_extracted__b25d22166b6f0d71300d8371ba4bf606c828b7d692f4f5cb8461eb36ed9a663f,DL3DV-ALL-480P/10K_extracted/b25d22166b6f0d71300d8371ba4bf606c828b7d692f4f5cb8461eb36ed9a663f,DL3DV-ALL-480P,DL3DV-ALL-480P,nerf_transforms_images8_colmap_depth,colmap_photometric_bin,transforms_json_opengl_c2w,80,80,12,/home/m/dataset/ltm_datasets/DL3DV-ALL-480P/10K_extracted/b25d22166b6f0d71300d8371ba4bf606c828b7d692f4f5cb8461eb36ed9a663f
DL3DV-ALL-480P__10K_extracted__b3bec34b72da2f59a41f3b70863d67e9ad5c6fd5ac4da96121f49c295d490f02,DL3DV-ALL-480P/10K_extracted/b3bec34b72da2f59a41f3b70863d67e9ad5c6fd5ac4da96121f49c295d490f02,DL3DV-ALL-480P,DL3DV-ALL-480P,nerf_transforms_images8_colmap_depth,colmap_photometric_bin,transforms_json_opengl_c2w,80,80,12,/home/m/dataset/ltm_datasets/DL3DV-ALL-480P/10K_extracted/b3bec34b72da2f59a41f3b70863d67e9ad5c6fd5ac4da96121f49c295d490f02
DL3DV-ALL-480P__10K_extracted__b3bf6de449f46b5076b5980cf0217670f16b731cbe3cfb170c4635f9dcd19f2f,DL3DV-ALL-480P/10K_extracted/b3bf6de449f46b5076b5980cf0217670f16b731cbe3cfb170c4635f9dcd19f2f,DL3DV-ALL-480P,DL3DV-ALL-480P,nerf_transforms_images8_colmap_depth,colmap_photometric_bin,transforms_json_opengl_c2w,80,80,12,/home/m/dataset/ltm_datasets/DL3DV-ALL-480P/10K_extracted/b3bf6de449f46b5076b5980cf0217670f16b731cbe3cfb170c4635f9dcd19f2f
DL3DV-ALL-480P__10K_extracted__b45d305e3a2d5252c13079555b073a5d53a1ec5653fe4052b1de906e5753eaeb,DL3DV-ALL-480P/10K_extracted/b45d305e3a2d5252c13079555b073a5d53a1ec5653fe4052b1de906e5753eaeb,DL3DV-ALL-480P,DL3DV-ALL-480P,nerf_transforms_images8_colmap_depth,colmap_photometric_bin,transforms_json_opengl_c2w,80,80,12,/home/m/dataset/ltm_datasets/DL3DV-ALL-480P/10K_extracted/b45d305e3a2d5252c13079555b073a5d53a1ec5653fe4052b1de906e5753eaeb
DL3DV-ALL-480P__10K_extracted__b46ccc4cee0c08ef80da3a082be22262d122eee33ddc869fb2d201f82f5ab028,DL3DV-ALL-480P/10K_extracted/b46ccc4cee0c08ef80da3a082be22262d122eee33ddc869fb2d201f82f5ab028,DL3DV-ALL-480P,DL3DV-ALL-480P,nerf_transforms_images8_colmap_depth,colmap_photometric_bin,transforms_json_opengl_c2w,80,80,12,/home/m/dataset/ltm_datasets/DL3DV-ALL-480P/10K_extracted/b46ccc4cee0c08ef80da3a082be22262d122eee33ddc869fb2d201f82f5ab028
DL3DV-ALL-480P__10K_extracted__b4a026c71b44d034ffe15d1a5a80a42a3d1e826d718bee801a2a84dd33c6fc40,DL3DV-ALL-480P/10K_extracted/b4a026c71b44d034ffe15d1a5a80a42a3d1e826d718bee801a2a84dd33c6fc40,DL3DV-ALL-480P,DL3DV-ALL-480P,nerf_transforms_images8_colmap_depth,colmap_photometric_bin,transforms_json_opengl_c2w,80,80,12,/home/m/dataset/ltm_datasets/DL3DV-ALL-480P/10K_extracted/b4a026c71b44d034ffe15d1a5a80a42a3d1e826d718bee801a2a84dd33c6fc40
DL3DV-ALL-480P__10K_extracted__b532339656faffbc992bdd0932a6e8c5169fd6cff36804063b09eb67cb189d1d,DL3DV-ALL-480P/10K_extracted/b532339656faffbc992bdd0932a6e8c5169fd6cff36804063b09eb67cb189d1d,DL3DV-ALL-480P,DL3DV-ALL-480P,nerf_transforms_images8_colmap_depth,colmap_photometric_bin,transforms_json_opengl_c2w,80,80,12,/home/m/dataset/ltm_datasets/DL3DV-ALL-480P/10K_extracted/b532339656faffbc992bdd0932a6e8c5169fd6cff36804063b09eb67cb189d1d
DL3DV-ALL-480P__10K_extracted__b5da01cc1542d2f3f2c67613462254d0dcfd4f1dd2f7f596fcbbdcb52ee1e62f,DL3DV-ALL-480P/10K_extracted/b5da01cc1542d2f3f2c67613462254d0dcfd4f1dd2f7f596fcbbdcb52ee1e62f,DL3DV-ALL-480P,DL3DV-ALL-480P,nerf_transforms_images8_colmap_depth,colmap_photometric_bin,transforms_json_opengl_c2w,80,80,12,/home/m/dataset/ltm_datasets/DL3DV-ALL-480P/10K_extracted/b5da01cc1542d2f3f2c67613462254d0dcfd4f1dd2f7f596fcbbdcb52ee1e62f
DL3DV-ALL-480P__10K_extracted__b5dceff090bb0929069abe2c8944b4ac61711a0ea201b5906619d83c1afa6c2a,DL3DV-ALL-480P/10K_extracted/b5dceff090bb0929069abe2c8944b4ac61711a0ea201b5906619d83c1afa6c2a,DL3DV-ALL-480P,DL3DV-ALL-480P,nerf_transforms_images8_colmap_depth,colmap_photometric_bin,transforms_json_opengl_c2w,80,80,12,/home/m/dataset/ltm_datasets/DL3DV-ALL-480P/10K_extracted/b5dceff090bb0929069abe2c8944b4ac61711a0ea201b5906619d83c1afa6c2a
DL3DV-ALL-480P__10K_extracted__b5faa2a8ce980030125717352086bf9ec16c5d994bae3b3a732da3eb67cf4fa8,DL3DV-ALL-480P/10K_extracted/b5faa2a8ce980030125717352086bf9ec16c5d994bae3b3a732da3eb67cf4fa8,DL3DV-ALL-480P,DL3DV-ALL-480P,nerf_transforms_images8_colmap_depth,colmap_photometric_bin,transforms_json_opengl_c2w,80,80,12,/home/m/dataset/ltm_datasets/DL3DV-ALL-480P/10K_extracted/b5faa2a8ce980030125717352086bf9ec16c5d994bae3b3a732da3eb67cf4fa8
DL3DV-ALL-480P__10K_extracted__b6249b4a287f5c033966bcafcd25407528585fef2f8171a40e52a228fe13a163,DL3DV-ALL-480P/10K_extracted/b6249b4a287f5c033966bcafcd25407528585fef2f8171a40e52a228fe13a163,DL3DV-ALL-480P,DL3DV-ALL-480P,nerf_transforms_images8_colmap_depth,colmap_photometric_bin,transforms_json_opengl_c2w,80,80,12,/home/m/dataset/ltm_datasets/DL3DV-ALL-480P/10K_extracted/b6249b4a287f5c033966bcafcd25407528585fef2f8171a40e52a228fe13a163
DL3DV-ALL-480P__10K_extracted__b6478d8df467ed7943d86a38537e2b3368fa3d21bface6cd1f9e2b05fc506927,DL3DV-ALL-480P/10K_extracted/b6478d8df467ed7943d86a38537e2b3368fa3d21bface6cd1f9e2b05fc506927,DL3DV-ALL-480P,DL3DV-ALL-480P,nerf_transforms_images8_colmap_depth,colmap_photometric_bin,transforms_json_opengl_c2w,80,80,12,/home/m/dataset/ltm_datasets/DL3DV-ALL-480P/10K_extracted/b6478d8df467ed7943d86a38537e2b3368fa3d21bface6cd1f9e2b05fc506927
DL3DV-ALL-480P__10K_extracted__b6c07fa831b27b20b957b73fbbf1e253f3ae7ad2fcdf9a3cefd8f6ea46635e8f,DL3DV-ALL-480P/10K_extracted/b6c07fa831b27b20b957b73fbbf1e253f3ae7ad2fcdf9a3cefd8f6ea46635e8f,DL3DV-ALL-480P,DL3DV-ALL-480P,nerf_transforms_images8_colmap_depth,colmap_photometric_bin,transforms_json_opengl_c2w,80,80,12,/home/m/dataset/ltm_datasets/DL3DV-ALL-480P/10K_extracted/b6c07fa831b27b20b957b73fbbf1e253f3ae7ad2fcdf9a3cefd8f6ea46635e8f
DL3DV-ALL-480P__10K_extracted__b7556bbe1eb2f74debd99d7ce2c70967a29c1a50de4127c288029ed14b9c2d5e,DL3DV-ALL-480P/10K_extracted/b7556bbe1eb2f74debd99d7ce2c70967a29c1a50de4127c288029ed14b9c2d5e,DL3DV-ALL-480P,DL3DV-ALL-480P,nerf_transforms_images8_colmap_depth,colmap_photometric_bin,transforms_json_opengl_c2w,80,80,12,/home/m/dataset/ltm_datasets/DL3DV-ALL-480P/10K_extracted/b7556bbe1eb2f74debd99d7ce2c70967a29c1a50de4127c288029ed14b9c2d5e
DL3DV-ALL-480P__10K_extracted__b906c475b68e69a6122895437f2a4180b82d1cdde79085f67f3ac2a0898babe6,DL3DV-ALL-480P/10K_extracted/b906c475b68e69a6122895437f2a4180b82d1cdde79085f67f3ac2a0898babe6,DL3DV-ALL-480P,DL3DV-ALL-480P,nerf_transforms_images8_colmap_depth,colmap_photometric_bin,transforms_json_opengl_c2w,80,80,12,/home/m/dataset/ltm_datasets/DL3DV-ALL-480P/10K_extracted/b906c475b68e69a6122895437f2a4180b82d1cdde79085f67f3ac2a0898babe6
DL3DV-ALL-480P__10K_extracted__b929cfe9642d7b80a76b42e8e0e694d5d160280ab51f0e092dca9204d2c70431,DL3DV-ALL-480P/10K_extracted/b929cfe9642d7b80a76b42e8e0e694d5d160280ab51f0e092dca9204d2c70431,DL3DV-ALL-480P,DL3DV-ALL-480P,nerf_transforms_images8_colmap_depth,colmap_photometric_bin,transforms_json_opengl_c2w,80,80,12,/home/m/dataset/ltm_datasets/DL3DV-ALL-480P/10K_extracted/b929cfe9642d7b80a76b42e8e0e694d5d160280ab51f0e092dca9204d2c70431
DL3DV-ALL-480P__10K_extracted__b94c8747de8f9af30a4371c8b1a559c5ade83f07b474edf701cacecf4955c07f,DL3DV-ALL-480P/10K_extracted/b94c8747de8f9af30a4371c8b1a559c5ade83f07b474edf701cacecf4955c07f,DL3DV-ALL-480P,DL3DV-ALL-480P,nerf_transforms_images8_colmap_depth,colmap_photometric_bin,transforms_json_opengl_c2w,80,80,12,/home/m/dataset/ltm_datasets/DL3DV-ALL-480P/10K_extracted/b94c8747de8f9af30a4371c8b1a559c5ade83f07b474edf701cacecf4955c07f
DL3DV-ALL-480P__10K_extracted__b9b0d3543f0dd2874b4fc6c08d35848ba849eaf31881c9c0888d5031509a8ee2,DL3DV-ALL-480P/10K_extracted/b9b0d3543f0dd2874b4fc6c08d35848ba849eaf31881c9c0888d5031509a8ee2,DL3DV-ALL-480P,DL3DV-ALL-480P,nerf_transforms_images8_colmap_depth,colmap_photometric_bin,transforms_json_opengl_c2w,80,80,12,/home/m/dataset/ltm_datasets/DL3DV-ALL-480P/10K_extracted/b9b0d3543f0dd2874b4fc6c08d35848ba849eaf31881c9c0888d5031509a8ee2
DL3DV-ALL-480P__10K_extracted__ba1a518f67baee1674926c2eb398d357b7aff13e84b675db869a842770a7f1c1,DL3DV-ALL-480P/10K_extracted/ba1a518f67baee1674926c2eb398d357b7aff13e84b675db869a842770a7f1c1,DL3DV-ALL-480P,DL3DV-ALL-480P,nerf_transforms_images8_colmap_depth,colmap_photometric_bin,transforms_json_opengl_c2w,80,80,12,/home/m/dataset/ltm_datasets/DL3DV-ALL-480P/10K_extracted/ba1a518f67baee1674926c2eb398d357b7aff13e84b675db869a842770a7f1c1
DL3DV-ALL-480P__10K_extracted__bb6af58c9930080b0df7bdf8bee555b44570a464627078d4f3c6cee798f57be2,DL3DV-ALL-480P/10K_extracted/bb6af58c9930080b0df7bdf8bee555b44570a464627078d4f3c6cee798f57be2,DL3DV-ALL-480P,DL3DV-ALL-480P,nerf_transforms_images8_colmap_depth,colmap_photometric_bin,transforms_json_opengl_c2w,80,80,12,/home/m/dataset/ltm_datasets/DL3DV-ALL-480P/10K_extracted/bb6af58c9930080b0df7bdf8bee555b44570a464627078d4f3c6cee798f57be2
DL3DV-ALL-480P__10K_extracted__bbc16ed81de3f587010c73cf766aaf59199bda2e38b979af9c930206bccc7307,DL3DV-ALL-480P/10K_extracted/bbc16ed81de3f587010c73cf766aaf59199bda2e38b979af9c930206bccc7307,DL3DV-ALL-480P,DL3DV-ALL-480P,nerf_transforms_images8_colmap_depth,colmap_photometric_bin,transforms_json_opengl_c2w,80,80,12,/home/m/dataset/ltm_datasets/DL3DV-ALL-480P/10K_extracted/bbc16ed81de3f587010c73cf766aaf59199bda2e38b979af9c930206bccc7307
DL3DV-ALL-480P__10K_extracted__bbf8c5ad205b3ac0f25a9da09048b54b1b47a2240e62b9635ac0de5fe7f1b118,DL3DV-ALL-480P/10K_extracted/bbf8c5ad205b3ac0f25a9da09048b54b1b47a2240e62b9635ac0de5fe7f1b118,DL3DV-ALL-480P,DL3DV-ALL-480P,nerf_transforms_images8_colmap_depth,colmap_photometric_bin,transforms_json_opengl_c2w,80,80,12,/home/m/dataset/ltm_datasets/DL3DV-ALL-480P/10K_extracted/bbf8c5ad205b3ac0f25a9da09048b54b1b47a2240e62b9635ac0de5fe7f1b118
DL3DV-ALL-480P__10K_extracted__bd7c0cdb2eac18c45f6f4e7856940796b3170920f7859c76fb7bdcbf04f85d78,DL3DV-ALL-480P/10K_extracted/bd7c0cdb2eac18c45f6f4e7856940796b3170920f7859c76fb7bdcbf04f85d78,DL3DV-ALL-480P,DL3DV-ALL-480P,nerf_transforms_images8_colmap_depth,colmap_photometric_bin,transforms_json_opengl_c2w,80,80,12,/home/m/dataset/ltm_datasets/DL3DV-ALL-480P/10K_extracted/bd7c0cdb2eac18c45f6f4e7856940796b3170920f7859c76fb7bdcbf04f85d78
DL3DV-ALL-480P__10K_extracted__bda7721449bd45d38d05e0605cd7c303ec9b029d4e34e752e1897d025efe7962,DL3DV-ALL-480P/10K_extracted/bda7721449bd45d38d05e0605cd7c303ec9b029d4e34e752e1897d025efe7962,DL3DV-ALL-480P,DL3DV-ALL-480P,nerf_transforms_images8_colmap_depth,colmap_photometric_bin,transforms_json_opengl_c2w,80,80,12,/home/m/dataset/ltm_datasets/DL3DV-ALL-480P/10K_extracted/bda7721449bd45d38d05e0605cd7c303ec9b029d4e34e752e1897d025efe7962
DL3DV-ALL-480P__10K_extracted__be48a5aefa8e2f00011540b78c442238bb1ab2ccb0f39f9f57114848012dd8c6,DL3DV-ALL-480P/10K_extracted/be48a5aefa8e2f00011540b78c442238bb1ab2ccb0f39f9f57114848012dd8c6,DL3DV-ALL-480P,DL3DV-ALL-480P,nerf_transforms_images8_colmap_depth,colmap_photometric_bin,transforms_json_opengl_c2w,80,80,12,/home/m/dataset/ltm_datasets/DL3DV-ALL-480P/10K_extracted/be48a5aefa8e2f00011540b78c442238bb1ab2ccb0f39f9f57114848012dd8c6
DL3DV-ALL-480P__10K_extracted__c096a616dc9bc06a06b9f5fa7f4f92cd66c7aa34f4d141f7638c50b456fcea8a,DL3DV-ALL-480P/10K_extracted/c096a616dc9bc06a06b9f5fa7f4f92cd66c7aa34f4d141f7638c50b456fcea8a,DL3DV-ALL-480P,DL3DV-ALL-480P,nerf_transforms_images8_colmap_depth,colmap_photometric_bin,transforms_json_opengl_c2w,80,80,12,/home/m/dataset/ltm_datasets/DL3DV-ALL-480P/10K_extracted/c096a616dc9bc06a06b9f5fa7f4f92cd66c7aa34f4d141f7638c50b456fcea8a
DL3DV-ALL-480P__10K_extracted__c0fdbd1d3c8ceb1d82db748cb39a7a077fce358f9a31ce19654a63611182db2a,DL3DV-ALL-480P/10K_extracted/c0fdbd1d3c8ceb1d82db748cb39a7a077fce358f9a31ce19654a63611182db2a,DL3DV-ALL-480P,DL3DV-ALL-480P,nerf_transforms_images8_colmap_depth,colmap_photometric_bin,transforms_json_opengl_c2w,80,80,12,/home/m/dataset/ltm_datasets/DL3DV-ALL-480P/10K_extracted/c0fdbd1d3c8ceb1d82db748cb39a7a077fce358f9a31ce19654a63611182db2a
DL3DV-ALL-480P__10K_extracted__c30b5906e906f4cb8b6876073c7bd83d3170885c76b29b9bddc6b5f64154ac79,DL3DV-ALL-480P/10K_extracted/c30b5906e906f4cb8b6876073c7bd83d3170885c76b29b9bddc6b5f64154ac79,DL3DV-ALL-480P,DL3DV-ALL-480P,nerf_transforms_images8_colmap_depth,colmap_photometric_bin,transforms_json_opengl_c2w,80,80,12,/home/m/dataset/ltm_datasets/DL3DV-ALL-480P/10K_extracted/c30b5906e906f4cb8b6876073c7bd83d3170885c76b29b9bddc6b5f64154ac79
DL3DV-ALL-480P__10K_extracted__c37109a55effe0000f8e40652ca935376e75bcb2a0b56de8eabd20a26e2a0f68,DL3DV-ALL-480P/10K_extracted/c37109a55effe0000f8e40652ca935376e75bcb2a0b56de8eabd20a26e2a0f68,DL3DV-ALL-480P,DL3DV-ALL-480P,nerf_transforms_images8_colmap_depth,colmap_photometric_bin,transforms_json_opengl_c2w,80,80,12,/home/m/dataset/ltm_datasets/DL3DV-ALL-480P/10K_extracted/c37109a55effe0000f8e40652ca935376e75bcb2a0b56de8eabd20a26e2a0f68
DL3DV-ALL-480P__10K_extracted__c3870941c026971424b18739138a3714a4af87806d38bd22b443e093bf8a15b7,DL3DV-ALL-480P/10K_extracted/c3870941c026971424b18739138a3714a4af87806d38bd22b443e093bf8a15b7,DL3DV-ALL-480P,DL3DV-ALL-480P,nerf_transforms_images8_colmap_depth,colmap_photometric_bin,transforms_json_opengl_c2w,80,80,12,/home/m/dataset/ltm_datasets/DL3DV-ALL-480P/10K_extracted/c3870941c026971424b18739138a3714a4af87806d38bd22b443e093bf8a15b7
DL3DV-ALL-480P__10K_extracted__c3b6c99842ae19686f557827232c2433651304951af70f76efa5ad195400b570,DL3DV-ALL-480P/10K_extracted/c3b6c99842ae19686f557827232c2433651304951af70f76efa5ad195400b570,DL3DV-ALL-480P,DL3DV-ALL-480P,nerf_transforms_images8_colmap_depth,colmap_photometric_bin,transforms_json_opengl_c2w,80,80,12,/home/m/dataset/ltm_datasets/DL3DV-ALL-480P/10K_extracted/c3b6c99842ae19686f557827232c2433651304951af70f76efa5ad195400b570
DL3DV-ALL-480P__10K_extracted__c5c1c4cc45f8ab892acda5706ba46e2fe53748c615d97ca364c54a4e3bc6e4e2,DL3DV-ALL-480P/10K_extracted/c5c1c4cc45f8ab892acda5706ba46e2fe53748c615d97ca364c54a4e3bc6e4e2,DL3DV-ALL-480P,DL3DV-ALL-480P,nerf_transforms_images8_colmap_depth,colmap_photometric_bin,transforms_json_opengl_c2w,80,80,12,/home/m/dataset/ltm_datasets/DL3DV-ALL-480P/10K_extracted/c5c1c4cc45f8ab892acda5706ba46e2fe53748c615d97ca364c54a4e3bc6e4e2
DL3DV-ALL-480P__10K_extracted__c7520919b9a577cf295ffdd7eb92aa1dc5d3930669a9efb7f43c9815cf0d6e70,DL3DV-ALL-480P/10K_extracted/c7520919b9a577cf295ffdd7eb92aa1dc5d3930669a9efb7f43c9815cf0d6e70,DL3DV-ALL-480P,DL3DV-ALL-480P,nerf_transforms_images8_colmap_depth,colmap_photometric_bin,transforms_json_opengl_c2w,80,80,12,/home/m/dataset/ltm_datasets/DL3DV-ALL-480P/10K_extracted/c7520919b9a577cf295ffdd7eb92aa1dc5d3930669a9efb7f43c9815cf0d6e70
DL3DV-ALL-480P__10K_extracted__c76a8630b5ca636752fdf210dd90af559e3f3cb257c0d72355cb32b23f18056a,DL3DV-ALL-480P/10K_extracted/c76a8630b5ca636752fdf210dd90af559e3f3cb257c0d72355cb32b23f18056a,DL3DV-ALL-480P,DL3DV-ALL-480P,nerf_transforms_images8_colmap_depth,colmap_photometric_bin,transforms_json_opengl_c2w,80,80,12,/home/m/dataset/ltm_datasets/DL3DV-ALL-480P/10K_extracted/c76a8630b5ca636752fdf210dd90af559e3f3cb257c0d72355cb32b23f18056a
DL3DV-ALL-480P__10K_extracted__c77249c199e51c1e90737f222b2a2a34d85b667e878024570850f5277b5e8a9b,DL3DV-ALL-480P/10K_extracted/c77249c199e51c1e90737f222b2a2a34d85b667e878024570850f5277b5e8a9b,DL3DV-ALL-480P,DL3DV-ALL-480P,nerf_transforms_images8_colmap_depth,colmap_photometric_bin,transforms_json_opengl_c2w,80,80,12,/home/m/dataset/ltm_datasets/DL3DV-ALL-480P/10K_extracted/c77249c199e51c1e90737f222b2a2a34d85b667e878024570850f5277b5e8a9b
DL3DV-ALL-480P__10K_extracted__c945a91d8f5bad9ef36d496f86acf483fd78e5a200daac9e34857fe52a8415f7,DL3DV-ALL-480P/10K_extracted/c945a91d8f5bad9ef36d496f86acf483fd78e5a200daac9e34857fe52a8415f7,DL3DV-ALL-480P,DL3DV-ALL-480P,nerf_transforms_images8_colmap_depth,colmap_photometric_bin,transforms_json_opengl_c2w,80,80,12,/home/m/dataset/ltm_datasets/DL3DV-ALL-480P/10K_extracted/c945a91d8f5bad9ef36d496f86acf483fd78e5a200daac9e34857fe52a8415f7
DL3DV-ALL-480P__10K_extracted__caaff2dffcb6563f672693a134a2a4d5f571da9a7e2e11d371d8a486a3e517c6,DL3DV-ALL-480P/10K_extracted/caaff2dffcb6563f672693a134a2a4d5f571da9a7e2e11d371d8a486a3e517c6,DL3DV-ALL-480P,DL3DV-ALL-480P,nerf_transforms_images8_colmap_depth,colmap_photometric_bin,transforms_json_opengl_c2w,80,80,12,/home/m/dataset/ltm_datasets/DL3DV-ALL-480P/10K_extracted/caaff2dffcb6563f672693a134a2a4d5f571da9a7e2e11d371d8a486a3e517c6
DL3DV-ALL-480P__10K_extracted__caf35e90103817a639c72286755aa7b25718666b337269cf7c577b19722a17df,DL3DV-ALL-480P/10K_extracted/caf35e90103817a639c72286755aa7b25718666b337269cf7c577b19722a17df,DL3DV-ALL-480P,DL3DV-ALL-480P,nerf_transforms_images8_colmap_depth,colmap_photometric_bin,transforms_json_opengl_c2w,80,80,12,/home/m/dataset/ltm_datasets/DL3DV-ALL-480P/10K_extracted/caf35e90103817a639c72286755aa7b25718666b337269cf7c577b19722a17df
DL3DV-ALL-480P__10K_extracted__cb0545615fb47f23a87a7ece4a0867bfddb86c3bc22dad2dd3121be681000674,DL3DV-ALL-480P/10K_extracted/cb0545615fb47f23a87a7ece4a0867bfddb86c3bc22dad2dd3121be681000674,DL3DV-ALL-480P,DL3DV-ALL-480P,nerf_transforms_images8_colmap_depth,colmap_photometric_bin,transforms_json_opengl_c2w,80,80,12,/home/m/dataset/ltm_datasets/DL3DV-ALL-480P/10K_extracted/cb0545615fb47f23a87a7ece4a0867bfddb86c3bc22dad2dd3121be681000674
DL3DV-ALL-480P__10K_extracted__cb36cf0a22c013e7cbaa8b2e7f8f46d66b0f67ba9dbf48690586e84c182a8569,DL3DV-ALL-480P/10K_extracted/cb36cf0a22c013e7cbaa8b2e7f8f46d66b0f67ba9dbf48690586e84c182a8569,DL3DV-ALL-480P,DL3DV-ALL-480P,nerf_transforms_images8_colmap_depth,colmap_photometric_bin,transforms_json_opengl_c2w,80,80,12,/home/m/dataset/ltm_datasets/DL3DV-ALL-480P/10K_extracted/cb36cf0a22c013e7cbaa8b2e7f8f46d66b0f67ba9dbf48690586e84c182a8569
DL3DV-ALL-480P__10K_extracted__cbc98249db44049f5411362174573c7fc5a9ca3b3f94e68cdb5fbdcf2defdebc,DL3DV-ALL-480P/10K_extracted/cbc98249db44049f5411362174573c7fc5a9ca3b3f94e68cdb5fbdcf2defdebc,DL3DV-ALL-480P,DL3DV-ALL-480P,nerf_transforms_images8_colmap_depth,colmap_photometric_bin,transforms_json_opengl_c2w,80,80,12,/home/m/dataset/ltm_datasets/DL3DV-ALL-480P/10K_extracted/cbc98249db44049f5411362174573c7fc5a9ca3b3f94e68cdb5fbdcf2defdebc
DL3DV-ALL-480P__10K_extracted__cc00087d5c79e9f78181d576ffbf0da0927c70fcc79a29ed83a978d023d857e5,DL3DV-ALL-480P/10K_extracted/cc00087d5c79e9f78181d576ffbf0da0927c70fcc79a29ed83a978d023d857e5,DL3DV-ALL-480P,DL3DV-ALL-480P,nerf_transforms_images8_colmap_depth,colmap_photometric_bin,transforms_json_opengl_c2w,80,80,12,/home/m/dataset/ltm_datasets/DL3DV-ALL-480P/10K_extracted/cc00087d5c79e9f78181d576ffbf0da0927c70fcc79a29ed83a978d023d857e5
DL3DV-ALL-480P__10K_extracted__cc2c8d29ab835d33a0e5a91733c9cfbf4820bf13011f088d6fd8dea4e2897aca,DL3DV-ALL-480P/10K_extracted/cc2c8d29ab835d33a0e5a91733c9cfbf4820bf13011f088d6fd8dea4e2897aca,DL3DV-ALL-480P,DL3DV-ALL-480P,nerf_transforms_images8_colmap_depth,colmap_photometric_bin,transforms_json_opengl_c2w,80,80,12,/home/m/dataset/ltm_datasets/DL3DV-ALL-480P/10K_extracted/cc2c8d29ab835d33a0e5a91733c9cfbf4820bf13011f088d6fd8dea4e2897aca
DL3DV-ALL-480P__10K_extracted__ccc5483ae11e2ce09201186693a84d78507f9a1e0db3ff61f23e1571a9f54e2c,DL3DV-ALL-480P/10K_extracted/ccc5483ae11e2ce09201186693a84d78507f9a1e0db3ff61f23e1571a9f54e2c,DL3DV-ALL-480P,DL3DV-ALL-480P,nerf_transforms_images8_colmap_depth,colmap_photometric_bin,transforms_json_opengl_c2w,80,80,12,/home/m/dataset/ltm_datasets/DL3DV-ALL-480P/10K_extracted/ccc5483ae11e2ce09201186693a84d78507f9a1e0db3ff61f23e1571a9f54e2c
DL3DV-ALL-480P__10K_extracted__cd30b32720e22c1b8fdf6865ede507bce5529698046522215182d371654f1968,DL3DV-ALL-480P/10K_extracted/cd30b32720e22c1b8fdf6865ede507bce5529698046522215182d371654f1968,DL3DV-ALL-480P,DL3DV-ALL-480P,nerf_transforms_images8_colmap_depth,colmap_photometric_bin,transforms_json_opengl_c2w,80,80,12,/home/m/dataset/ltm_datasets/DL3DV-ALL-480P/10K_extracted/cd30b32720e22c1b8fdf6865ede507bce5529698046522215182d371654f1968
DL3DV-ALL-480P__10K_extracted__cdffadd29d52c9479f91401e48a9479e235f18c2efa5f5cfc46190dd8bd8ea65,DL3DV-ALL-480P/10K_extracted/cdffadd29d52c9479f91401e48a9479e235f18c2efa5f5cfc46190dd8bd8ea65,DL3DV-ALL-480P,DL3DV-ALL-480P,nerf_transforms_images8_colmap_depth,colmap_photometric_bin,transforms_json_opengl_c2w,80,80,12,/home/m/dataset/ltm_datasets/DL3DV-ALL-480P/10K_extracted/cdffadd29d52c9479f91401e48a9479e235f18c2efa5f5cfc46190dd8bd8ea65
DL3DV-ALL-480P__10K_extracted__ce9edf3a30691e82443726450db8e4a19be319ad2a1bf8c1278acc75a11030b4,DL3DV-ALL-480P/10K_extracted/ce9edf3a30691e82443726450db8e4a19be319ad2a1bf8c1278acc75a11030b4,DL3DV-ALL-480P,DL3DV-ALL-480P,nerf_transforms_images8_colmap_depth,colmap_photometric_bin,transforms_json_opengl_c2w,80,80,12,/home/m/dataset/ltm_datasets/DL3DV-ALL-480P/10K_extracted/ce9edf3a30691e82443726450db8e4a19be319ad2a1bf8c1278acc75a11030b4
DL3DV-ALL-480P__10K_extracted__cef3ef624abef67855c73c9e45c75dfd0f81e96884ef6af5e0c65f20b31c6490,DL3DV-ALL-480P/10K_extracted/cef3ef624abef67855c73c9e45c75dfd0f81e96884ef6af5e0c65f20b31c6490,DL3DV-ALL-480P,DL3DV-ALL-480P,nerf_transforms_images8_colmap_depth,colmap_photometric_bin,transforms_json_opengl_c2w,80,80,12,/home/m/dataset/ltm_datasets/DL3DV-ALL-480P/10K_extracted/cef3ef624abef67855c73c9e45c75dfd0f81e96884ef6af5e0c65f20b31c6490
DL3DV-ALL-480P__10K_extracted__cf21e858a8c552b2eaa5edd493a53cf2cfcf45f338b23c3c008b6703de3fa859,DL3DV-ALL-480P/10K_extracted/cf21e858a8c552b2eaa5edd493a53cf2cfcf45f338b23c3c008b6703de3fa859,DL3DV-ALL-480P,DL3DV-ALL-480P,nerf_transforms_images8_colmap_depth,colmap_photometric_bin,transforms_json_opengl_c2w,80,80,12,/home/m/dataset/ltm_datasets/DL3DV-ALL-480P/10K_extracted/cf21e858a8c552b2eaa5edd493a53cf2cfcf45f338b23c3c008b6703de3fa859
DL3DV-ALL-480P__10K_extracted__cfc34928ff306217f2a6854b61b1913749df1990be72442ee3e618dc64e72bbd,DL3DV-ALL-480P/10K_extracted/cfc34928ff306217f2a6854b61b1913749df1990be72442ee3e618dc64e72bbd,DL3DV-ALL-480P,DL3DV-ALL-480P,nerf_transforms_images8_colmap_depth,colmap_photometric_bin,transforms_json_opengl_c2w,80,80,12,/home/m/dataset/ltm_datasets/DL3DV-ALL-480P/10K_extracted/cfc34928ff306217f2a6854b61b1913749df1990be72442ee3e618dc64e72bbd
DL3DV-ALL-480P__10K_extracted__cfdd0b67153ae4f4c780f01e788194f2c3670c09ebdbbb9fb75701550ce35ab2,DL3DV-ALL-480P/10K_extracted/cfdd0b67153ae4f4c780f01e788194f2c3670c09ebdbbb9fb75701550ce35ab2,DL3DV-ALL-480P,DL3DV-ALL-480P,nerf_transforms_images8_colmap_depth,colmap_photometric_bin,transforms_json_opengl_c2w,80,80,12,/home/m/dataset/ltm_datasets/DL3DV-ALL-480P/10K_extracted/cfdd0b67153ae4f4c780f01e788194f2c3670c09ebdbbb9fb75701550ce35ab2
DL3DV-ALL-480P__10K_extracted__d0432d2ea7a63697623e4bee0ea6173f08aede53cb49c923098e7cebd09b9704,DL3DV-ALL-480P/10K_extracted/d0432d2ea7a63697623e4bee0ea6173f08aede53cb49c923098e7cebd09b9704,DL3DV-ALL-480P,DL3DV-ALL-480P,nerf_transforms_images8_colmap_depth,colmap_photometric_bin,transforms_json_opengl_c2w,80,80,12,/home/m/dataset/ltm_datasets/DL3DV-ALL-480P/10K_extracted/d0432d2ea7a63697623e4bee0ea6173f08aede53cb49c923098e7cebd09b9704
DL3DV-ALL-480P__10K_extracted__d1ef0b0f27a84ef47e42e348a86536435e2ad878d76ebdc0fba533039cad66a0,DL3DV-ALL-480P/10K_extracted/d1ef0b0f27a84ef47e42e348a86536435e2ad878d76ebdc0fba533039cad66a0,DL3DV-ALL-480P,DL3DV-ALL-480P,nerf_transforms_images8_colmap_depth,colmap_photometric_bin,transforms_json_opengl_c2w,80,80,12,/home/m/dataset/ltm_datasets/DL3DV-ALL-480P/10K_extracted/d1ef0b0f27a84ef47e42e348a86536435e2ad878d76ebdc0fba533039cad66a0
DL3DV-ALL-480P__10K_extracted__d2759f16a0428ee3992016ac4aa8f68635d1951282c35448bf21661118a273b3,DL3DV-ALL-480P/10K_extracted/d2759f16a0428ee3992016ac4aa8f68635d1951282c35448bf21661118a273b3,DL3DV-ALL-480P,DL3DV-ALL-480P,nerf_transforms_images8_colmap_depth,colmap_photometric_bin,transforms_json_opengl_c2w,80,80,12,/home/m/dataset/ltm_datasets/DL3DV-ALL-480P/10K_extracted/d2759f16a0428ee3992016ac4aa8f68635d1951282c35448bf21661118a273b3
DL3DV-ALL-480P__10K_extracted__d29884ed82de0d2fb29f76ba628d458cb67b8cd46298fa078d2f51ce8680f34b,DL3DV-ALL-480P/10K_extracted/d29884ed82de0d2fb29f76ba628d458cb67b8cd46298fa078d2f51ce8680f34b,DL3DV-ALL-480P,DL3DV-ALL-480P,nerf_transforms_images8_colmap_depth,colmap_photometric_bin,transforms_json_opengl_c2w,80,80,12,/home/m/dataset/ltm_datasets/DL3DV-ALL-480P/10K_extracted/d29884ed82de0d2fb29f76ba628d458cb67b8cd46298fa078d2f51ce8680f34b
DL3DV-ALL-480P__10K_extracted__d3531349b4e26ae6faf12fadf17f7bceb9bf1ad7cb32b378c95f3d13b7748c66,DL3DV-ALL-480P/10K_extracted/d3531349b4e26ae6faf12fadf17f7bceb9bf1ad7cb32b378c95f3d13b7748c66,DL3DV-ALL-480P,DL3DV-ALL-480P,nerf_transforms_images8_colmap_depth,colmap_photometric_bin,transforms_json_opengl_c2w,80,80,12,/home/m/dataset/ltm_datasets/DL3DV-ALL-480P/10K_extracted/d3531349b4e26ae6faf12fadf17f7bceb9bf1ad7cb32b378c95f3d13b7748c66
DL3DV-ALL-480P__10K_extracted__d467d7d2114534e5ef99fd3da255d3ef36d70856e817270d2994380af3fa9b87,DL3DV-ALL-480P/10K_extracted/d467d7d2114534e5ef99fd3da255d3ef36d70856e817270d2994380af3fa9b87,DL3DV-ALL-480P,DL3DV-ALL-480P,nerf_transforms_images8_colmap_depth,colmap_photometric_bin,transforms_json_opengl_c2w,80,80,12,/home/m/dataset/ltm_datasets/DL3DV-ALL-480P/10K_extracted/d467d7d2114534e5ef99fd3da255d3ef36d70856e817270d2994380af3fa9b87
DL3DV-ALL-480P__10K_extracted__d47de1e5564ff97f4a2e85cf41b78709fd9b9b4b666f7a90cac7411e904d8296,DL3DV-ALL-480P/10K_extracted/d47de1e5564ff97f4a2e85cf41b78709fd9b9b4b666f7a90cac7411e904d8296,DL3DV-ALL-480P,DL3DV-ALL-480P,nerf_transforms_images8_colmap_depth,colmap_photometric_bin,transforms_json_opengl_c2w,80,80,12,/home/m/dataset/ltm_datasets/DL3DV-ALL-480P/10K_extracted/d47de1e5564ff97f4a2e85cf41b78709fd9b9b4b666f7a90cac7411e904d8296
DL3DV-ALL-480P__10K_extracted__d5651723c6f7fc89e6ea1d052ea53849f8d834ffb4bd16c0aded179a09209120,DL3DV-ALL-480P/10K_extracted/d5651723c6f7fc89e6ea1d052ea53849f8d834ffb4bd16c0aded179a09209120,DL3DV-ALL-480P,DL3DV-ALL-480P,nerf_transforms_images8_colmap_depth,colmap_photometric_bin,transforms_json_opengl_c2w,80,80,12,/home/m/dataset/ltm_datasets/DL3DV-ALL-480P/10K_extracted/d5651723c6f7fc89e6ea1d052ea53849f8d834ffb4bd16c0aded179a09209120
DL3DV-ALL-480P__10K_extracted__d5c8cc9cb0d5b7260d5ddc95da07ce4530cada7591d1a375bce24576290da17b,DL3DV-ALL-480P/10K_extracted/d5c8cc9cb0d5b7260d5ddc95da07ce4530cada7591d1a375bce24576290da17b,DL3DV-ALL-480P,DL3DV-ALL-480P,nerf_transforms_images8_colmap_depth,colmap_photometric_bin,transforms_json_opengl_c2w,80,80,12,/home/m/dataset/ltm_datasets/DL3DV-ALL-480P/10K_extracted/d5c8cc9cb0d5b7260d5ddc95da07ce4530cada7591d1a375bce24576290da17b
DL3DV-ALL-480P__10K_extracted__d5f0ac56a3f882e28924d9c5b9fb76389ea7df31c43f4efd161a9f4864542475,DL3DV-ALL-480P/10K_extracted/d5f0ac56a3f882e28924d9c5b9fb76389ea7df31c43f4efd161a9f4864542475,DL3DV-ALL-480P,DL3DV-ALL-480P,nerf_transforms_images8_colmap_depth,colmap_photometric_bin,transforms_json_opengl_c2w,80,80,12,/home/m/dataset/ltm_datasets/DL3DV-ALL-480P/10K_extracted/d5f0ac56a3f882e28924d9c5b9fb76389ea7df31c43f4efd161a9f4864542475
DL3DV-ALL-480P__10K_extracted__d5ff2dc1b6a774a578a7a41c8c0ef1f789ab13d1462aabb4ddb8e859dffb3afb,DL3DV-ALL-480P/10K_extracted/d5ff2dc1b6a774a578a7a41c8c0ef1f789ab13d1462aabb4ddb8e859dffb3afb,DL3DV-ALL-480P,DL3DV-ALL-480P,nerf_transforms_images8_colmap_depth,colmap_photometric_bin,transforms_json_opengl_c2w,80,80,12,/home/m/dataset/ltm_datasets/DL3DV-ALL-480P/10K_extracted/d5ff2dc1b6a774a578a7a41c8c0ef1f789ab13d1462aabb4ddb8e859dffb3afb
DL3DV-ALL-480P__10K_extracted__d61e2849bc4742b67461eacc67a8f25d3602c349300b55d6228897d20ec5a076,DL3DV-ALL-480P/10K_extracted/d61e2849bc4742b67461eacc67a8f25d3602c349300b55d6228897d20ec5a076,DL3DV-ALL-480P,DL3DV-ALL-480P,nerf_transforms_images8_colmap_depth,colmap_photometric_bin,transforms_json_opengl_c2w,80,80,12,/home/m/dataset/ltm_datasets/DL3DV-ALL-480P/10K_extracted/d61e2849bc4742b67461eacc67a8f25d3602c349300b55d6228897d20ec5a076
DL3DV-ALL-480P__10K_extracted__d6559fc3dd0d3ce577460d609b2f792c27d9b4f25cbba7ccdb1500f203ca7429,DL3DV-ALL-480P/10K_extracted/d6559fc3dd0d3ce577460d609b2f792c27d9b4f25cbba7ccdb1500f203ca7429,DL3DV-ALL-480P,DL3DV-ALL-480P,nerf_transforms_images8_colmap_depth,colmap_photometric_bin,transforms_json_opengl_c2w,80,80,12,/home/m/dataset/ltm_datasets/DL3DV-ALL-480P/10K_extracted/d6559fc3dd0d3ce577460d609b2f792c27d9b4f25cbba7ccdb1500f203ca7429
DL3DV-ALL-480P__10K_extracted__d662b5f597ea4a609265d40e3f8ae5608c99b434f06f09a387144ed4baef9f1f,DL3DV-ALL-480P/10K_extracted/d662b5f597ea4a609265d40e3f8ae5608c99b434f06f09a387144ed4baef9f1f,DL3DV-ALL-480P,DL3DV-ALL-480P,nerf_transforms_images8_colmap_depth,colmap_photometric_bin,transforms_json_opengl_c2w,80,80,12,/home/m/dataset/ltm_datasets/DL3DV-ALL-480P/10K_extracted/d662b5f597ea4a609265d40e3f8ae5608c99b434f06f09a387144ed4baef9f1f
DL3DV-ALL-480P__10K_extracted__d67ebf21a201b33b5fd90040193960c23145df13c7bb5c5992d29c41232e1652,DL3DV-ALL-480P/10K_extracted/d67ebf21a201b33b5fd90040193960c23145df13c7bb5c5992d29c41232e1652,DL3DV-ALL-480P,DL3DV-ALL-480P,nerf_transforms_images8_colmap_depth,colmap_photometric_bin,transforms_json_opengl_c2w,80,80,12,/home/m/dataset/ltm_datasets/DL3DV-ALL-480P/10K_extracted/d67ebf21a201b33b5fd90040193960c23145df13c7bb5c5992d29c41232e1652
DL3DV-ALL-480P__10K_extracted__d6e2d07041ba71f62b5cd5704e986b60fcc9eaf92a5ada7133745d72d45ce5ae,DL3DV-ALL-480P/10K_extracted/d6e2d07041ba71f62b5cd5704e986b60fcc9eaf92a5ada7133745d72d45ce5ae,DL3DV-ALL-480P,DL3DV-ALL-480P,nerf_transforms_images8_colmap_depth,colmap_photometric_bin,transforms_json_opengl_c2w,80,80,12,/home/m/dataset/ltm_datasets/DL3DV-ALL-480P/10K_extracted/d6e2d07041ba71f62b5cd5704e986b60fcc9eaf92a5ada7133745d72d45ce5ae
DL3DV-ALL-480P__10K_extracted__d76e3faed70e5b029a48e023b98c2c9013cd2ccb19f8ef43c4d03d4d67a2f255,DL3DV-ALL-480P/10K_extracted/d76e3faed70e5b029a48e023b98c2c9013cd2ccb19f8ef43c4d03d4d67a2f255,DL3DV-ALL-480P,DL3DV-ALL-480P,nerf_transforms_images8_colmap_depth,colmap_photometric_bin,transforms_json_opengl_c2w,80,80,12,/home/m/dataset/ltm_datasets/DL3DV-ALL-480P/10K_extracted/d76e3faed70e5b029a48e023b98c2c9013cd2ccb19f8ef43c4d03d4d67a2f255
DL3DV-ALL-480P__10K_extracted__d77580a7d20c338a9c9edd0b9a7d1acb8b32c98573d7066c47d3dc3aab0efdb8,DL3DV-ALL-480P/10K_extracted/d77580a7d20c338a9c9edd0b9a7d1acb8b32c98573d7066c47d3dc3aab0efdb8,DL3DV-ALL-480P,DL3DV-ALL-480P,nerf_transforms_images8_colmap_depth,colmap_photometric_bin,transforms_json_opengl_c2w,80,80,12,/home/m/dataset/ltm_datasets/DL3DV-ALL-480P/10K_extracted/d77580a7d20c338a9c9edd0b9a7d1acb8b32c98573d7066c47d3dc3aab0efdb8
DL3DV-ALL-480P__10K_extracted__d786147d94be97737e07da71ce9cd22aeef49bf9e3606884cabf6d47e269af53,DL3DV-ALL-480P/10K_extracted/d786147d94be97737e07da71ce9cd22aeef49bf9e3606884cabf6d47e269af53,DL3DV-ALL-480P,DL3DV-ALL-480P,nerf_transforms_images8_colmap_depth,colmap_photometric_bin,transforms_json_opengl_c2w,80,80,12,/home/m/dataset/ltm_datasets/DL3DV-ALL-480P/10K_extracted/d786147d94be97737e07da71ce9cd22aeef49bf9e3606884cabf6d47e269af53
DL3DV-ALL-480P__10K_extracted__d904ae2998f775e4cb1dafe542b8df9706195c1983c4b2d5b2b5c71dcc75570a,DL3DV-ALL-480P/10K_extracted/d904ae2998f775e4cb1dafe542b8df9706195c1983c4b2d5b2b5c71dcc75570a,DL3DV-ALL-480P,DL3DV-ALL-480P,nerf_transforms_images8_colmap_depth,colmap_photometric_bin,transforms_json_opengl_c2w,80,80,12,/home/m/dataset/ltm_datasets/DL3DV-ALL-480P/10K_extracted/d904ae2998f775e4cb1dafe542b8df9706195c1983c4b2d5b2b5c71dcc75570a
DL3DV-ALL-480P__10K_extracted__d91778246aebbf976808d01a096eead070e72e7d5a359fff8dae4e098607143e,DL3DV-ALL-480P/10K_extracted/d91778246aebbf976808d01a096eead070e72e7d5a359fff8dae4e098607143e,DL3DV-ALL-480P,DL3DV-ALL-480P,nerf_transforms_images8_colmap_depth,colmap_photometric_bin,transforms_json_opengl_c2w,80,80,12,/home/m/dataset/ltm_datasets/DL3DV-ALL-480P/10K_extracted/d91778246aebbf976808d01a096eead070e72e7d5a359fff8dae4e098607143e
DL3DV-ALL-480P__10K_extracted__d97227b206f387d1c3f0c4653870adc91bfabeccb7219c26503a57c4003481f3,DL3DV-ALL-480P/10K_extracted/d97227b206f387d1c3f0c4653870adc91bfabeccb7219c26503a57c4003481f3,DL3DV-ALL-480P,DL3DV-ALL-480P,nerf_transforms_images8_colmap_depth,colmap_photometric_bin,transforms_json_opengl_c2w,80,80,12,/home/m/dataset/ltm_datasets/DL3DV-ALL-480P/10K_extracted/d97227b206f387d1c3f0c4653870adc91bfabeccb7219c26503a57c4003481f3
DL3DV-ALL-480P__10K_extracted__d98b20dbbfdd122b9e05ae23ad682d4433cd8dd4a101390c61444e19b7c29dac,DL3DV-ALL-480P/10K_extracted/d98b20dbbfdd122b9e05ae23ad682d4433cd8dd4a101390c61444e19b7c29dac,DL3DV-ALL-480P,DL3DV-ALL-480P,nerf_transforms_images8_colmap_depth,colmap_photometric_bin,transforms_json_opengl_c2w,80,80,12,/home/m/dataset/ltm_datasets/DL3DV-ALL-480P/10K_extracted/d98b20dbbfdd122b9e05ae23ad682d4433cd8dd4a101390c61444e19b7c29dac
DL3DV-ALL-480P__10K_extracted__d9d619a7a47cd7d23536a726e3c68b34934b9e6c8258b7b49739f14cb4c1a3e7,DL3DV-ALL-480P/10K_extracted/d9d619a7a47cd7d23536a726e3c68b34934b9e6c8258b7b49739f14cb4c1a3e7,DL3DV-ALL-480P,DL3DV-ALL-480P,nerf_transforms_images8_colmap_depth,colmap_photometric_bin,transforms_json_opengl_c2w,80,80,12,/home/m/dataset/ltm_datasets/DL3DV-ALL-480P/10K_extracted/d9d619a7a47cd7d23536a726e3c68b34934b9e6c8258b7b49739f14cb4c1a3e7
DL3DV-ALL-480P__10K_extracted__da5d39bb7c38b7e3fccc5b68d0ee2674c0c5e9935096014d0fa2fe7f81fe9042,DL3DV-ALL-480P/10K_extracted/da5d39bb7c38b7e3fccc5b68d0ee2674c0c5e9935096014d0fa2fe7f81fe9042,DL3DV-ALL-480P,DL3DV-ALL-480P,nerf_transforms_images8_colmap_depth,colmap_photometric_bin,transforms_json_opengl_c2w,80,80,12,/home/m/dataset/ltm_datasets/DL3DV-ALL-480P/10K_extracted/da5d39bb7c38b7e3fccc5b68d0ee2674c0c5e9935096014d0fa2fe7f81fe9042
DL3DV-ALL-480P__10K_extracted__db6404b2a812bbfafae59106d31152ea5ab71200ad5b410dc9ffad00dd68f797,DL3DV-ALL-480P/10K_extracted/db6404b2a812bbfafae59106d31152ea5ab71200ad5b410dc9ffad00dd68f797,DL3DV-ALL-480P,DL3DV-ALL-480P,nerf_transforms_images8_colmap_depth,colmap_photometric_bin,transforms_json_opengl_c2w,80,80,12,/home/m/dataset/ltm_datasets/DL3DV-ALL-480P/10K_extracted/db6404b2a812bbfafae59106d31152ea5ab71200ad5b410dc9ffad00dd68f797
DL3DV-ALL-480P__10K_extracted__db8a905c14ce2844c06b2d42c6f3beef0300e41be840af16bb8ccd73e22b35cb,DL3DV-ALL-480P/10K_extracted/db8a905c14ce2844c06b2d42c6f3beef0300e41be840af16bb8ccd73e22b35cb,DL3DV-ALL-480P,DL3DV-ALL-480P,nerf_transforms_images8_colmap_depth,colmap_photometric_bin,transforms_json_opengl_c2w,80,80,12,/home/m/dataset/ltm_datasets/DL3DV-ALL-480P/10K_extracted/db8a905c14ce2844c06b2d42c6f3beef0300e41be840af16bb8ccd73e22b35cb
DL3DV-ALL-480P__10K_extracted__dbf7ab4a65787489f3d96ac0cd5a0291f79260e25811b88c1bccdaffd0d408cb,DL3DV-ALL-480P/10K_extracted/dbf7ab4a65787489f3d96ac0cd5a0291f79260e25811b88c1bccdaffd0d408cb,DL3DV-ALL-480P,DL3DV-ALL-480P,nerf_transforms_images8_colmap_depth,colmap_photometric_bin,transforms_json_opengl_c2w,80,80,12,/home/m/dataset/ltm_datasets/DL3DV-ALL-480P/10K_extracted/dbf7ab4a65787489f3d96ac0cd5a0291f79260e25811b88c1bccdaffd0d408cb
DL3DV-ALL-480P__10K_extracted__dc6d46aeafd38d0f22ed6e363b3cf216b646e8d2327739127ebd7fbc5ebb8f29,DL3DV-ALL-480P/10K_extracted/dc6d46aeafd38d0f22ed6e363b3cf216b646e8d2327739127ebd7fbc5ebb8f29,DL3DV-ALL-480P,DL3DV-ALL-480P,nerf_transforms_images8_colmap_depth,colmap_photometric_bin,transforms_json_opengl_c2w,80,80,12,/home/m/dataset/ltm_datasets/DL3DV-ALL-480P/10K_extracted/dc6d46aeafd38d0f22ed6e363b3cf216b646e8d2327739127ebd7fbc5ebb8f29
DL3DV-ALL-480P__10K_extracted__dc9e18849eb7082792176dfc43a29fb103cca60252db2dd5906dbaeb7f0a4416,DL3DV-ALL-480P/10K_extracted/dc9e18849eb7082792176dfc43a29fb103cca60252db2dd5906dbaeb7f0a4416,DL3DV-ALL-480P,DL3DV-ALL-480P,nerf_transforms_images8_colmap_depth,colmap_photometric_bin,transforms_json_opengl_c2w,80,80,12,/home/m/dataset/ltm_datasets/DL3DV-ALL-480P/10K_extracted/dc9e18849eb7082792176dfc43a29fb103cca60252db2dd5906dbaeb7f0a4416
DL3DV-ALL-480P__10K_extracted__dd53b16100c7cfda518acd243ceac16df8a0738a465d90a6644e061b96915e4f,DL3DV-ALL-480P/10K_extracted/dd53b16100c7cfda518acd243ceac16df8a0738a465d90a6644e061b96915e4f,DL3DV-ALL-480P,DL3DV-ALL-480P,nerf_transforms_images8_colmap_depth,colmap_photometric_bin,transforms_json_opengl_c2w,80,80,12,/home/m/dataset/ltm_datasets/DL3DV-ALL-480P/10K_extracted/dd53b16100c7cfda518acd243ceac16df8a0738a465d90a6644e061b96915e4f
DL3DV-ALL-480P__10K_extracted__ddbbb5431a325b5eb2e7b713773493e55868f5548eea82c151199b2085088811,DL3DV-ALL-480P/10K_extracted/ddbbb5431a325b5eb2e7b713773493e55868f5548eea82c151199b2085088811,DL3DV-ALL-480P,DL3DV-ALL-480P,nerf_transforms_images8_colmap_depth,colmap_photometric_bin,transforms_json_opengl_c2w,80,80,12,/home/m/dataset/ltm_datasets/DL3DV-ALL-480P/10K_extracted/ddbbb5431a325b5eb2e7b713773493e55868f5548eea82c151199b2085088811
DL3DV-ALL-480P__10K_extracted__ddfeee3a629773ce3ec5d5ed44b9751b6260a42875fcb59ee33f850d357011cb,DL3DV-ALL-480P/10K_extracted/ddfeee3a629773ce3ec5d5ed44b9751b6260a42875fcb59ee33f850d357011cb,DL3DV-ALL-480P,DL3DV-ALL-480P,nerf_transforms_images8_colmap_depth,colmap_photometric_bin,transforms_json_opengl_c2w,80,80,12,/home/m/dataset/ltm_datasets/DL3DV-ALL-480P/10K_extracted/ddfeee3a629773ce3ec5d5ed44b9751b6260a42875fcb59ee33f850d357011cb
DL3DV-ALL-480P__10K_extracted__de528493b25012a5dc241d7ea176379ec8241047525321635af80c45c9754845,DL3DV-ALL-480P/10K_extracted/de528493b25012a5dc241d7ea176379ec8241047525321635af80c45c9754845,DL3DV-ALL-480P,DL3DV-ALL-480P,nerf_transforms_images8_colmap_depth,colmap_photometric_bin,transforms_json_opengl_c2w,80,80,12,/home/m/dataset/ltm_datasets/DL3DV-ALL-480P/10K_extracted/de528493b25012a5dc241d7ea176379ec8241047525321635af80c45c9754845
DL3DV-ALL-480P__10K_extracted__de62a57443498f4bb160c9dd3af45600ce8b8bca580936563c3f2f2816282e39,DL3DV-ALL-480P/10K_extracted/de62a57443498f4bb160c9dd3af45600ce8b8bca580936563c3f2f2816282e39,DL3DV-ALL-480P,DL3DV-ALL-480P,nerf_transforms_images8_colmap_depth,colmap_photometric_bin,transforms_json_opengl_c2w,80,80,12,/home/m/dataset/ltm_datasets/DL3DV-ALL-480P/10K_extracted/de62a57443498f4bb160c9dd3af45600ce8b8bca580936563c3f2f2816282e39
DL3DV-ALL-480P__10K_extracted__e0396aaf75c1dc6f373adcf0610579497ff2ccaf4d214088e4174527f49a077f,DL3DV-ALL-480P/10K_extracted/e0396aaf75c1dc6f373adcf0610579497ff2ccaf4d214088e4174527f49a077f,DL3DV-ALL-480P,DL3DV-ALL-480P,nerf_transforms_images8_colmap_depth,colmap_photometric_bin,transforms_json_opengl_c2w,80,80,12,/home/m/dataset/ltm_datasets/DL3DV-ALL-480P/10K_extracted/e0396aaf75c1dc6f373adcf0610579497ff2ccaf4d214088e4174527f49a077f
DL3DV-ALL-480P__10K_extracted__e07dd45feafc9db545a4128e9c600e21b13aeebe48e8815009dfb596bba40415,DL3DV-ALL-480P/10K_extracted/e07dd45feafc9db545a4128e9c600e21b13aeebe48e8815009dfb596bba40415,DL3DV-ALL-480P,DL3DV-ALL-480P,nerf_transforms_images8_colmap_depth,colmap_photometric_bin,transforms_json_opengl_c2w,80,80,12,/home/m/dataset/ltm_datasets/DL3DV-ALL-480P/10K_extracted/e07dd45feafc9db545a4128e9c600e21b13aeebe48e8815009dfb596bba40415
DL3DV-ALL-480P__10K_extracted__e087dce96a0ce697d381d8c232ec9e3385ba9e8263ed78f18bbba85ceebdc298,DL3DV-ALL-480P/10K_extracted/e087dce96a0ce697d381d8c232ec9e3385ba9e8263ed78f18bbba85ceebdc298,DL3DV-ALL-480P,DL3DV-ALL-480P,nerf_transforms_images8_colmap_depth,colmap_photometric_bin,transforms_json_opengl_c2w,80,80,12,/home/m/dataset/ltm_datasets/DL3DV-ALL-480P/10K_extracted/e087dce96a0ce697d381d8c232ec9e3385ba9e8263ed78f18bbba85ceebdc298
DL3DV-ALL-480P__10K_extracted__e095ca18aff8e212ce21da0491e2e0fd469c151dc41282cb3a7cee87996decad,DL3DV-ALL-480P/10K_extracted/e095ca18aff8e212ce21da0491e2e0fd469c151dc41282cb3a7cee87996decad,DL3DV-ALL-480P,DL3DV-ALL-480P,nerf_transforms_images8_colmap_depth,colmap_photometric_bin,transforms_json_opengl_c2w,80,80,12,/home/m/dataset/ltm_datasets/DL3DV-ALL-480P/10K_extracted/e095ca18aff8e212ce21da0491e2e0fd469c151dc41282cb3a7cee87996decad
DL3DV-ALL-480P__10K_extracted__e097d07bd89ddda6adbf5d355c3af0189c30dfa339ac0d834d21771f0b242ae2,DL3DV-ALL-480P/10K_extracted/e097d07bd89ddda6adbf5d355c3af0189c30dfa339ac0d834d21771f0b242ae2,DL3DV-ALL-480P,DL3DV-ALL-480P,nerf_transforms_images8_colmap_depth,colmap_photometric_bin,transforms_json_opengl_c2w,80,80,12,/home/m/dataset/ltm_datasets/DL3DV-ALL-480P/10K_extracted/e097d07bd89ddda6adbf5d355c3af0189c30dfa339ac0d834d21771f0b242ae2
DL3DV-ALL-480P__10K_extracted__e1a07d9df49f03107784135f3b040c21597d6f9f40d8f7907a150850dc2b62d7,DL3DV-ALL-480P/10K_extracted/e1a07d9df49f03107784135f3b040c21597d6f9f40d8f7907a150850dc2b62d7,DL3DV-ALL-480P,DL3DV-ALL-480P,nerf_transforms_images8_colmap_depth,colmap_photometric_bin,transforms_json_opengl_c2w,80,80,12,/home/m/dataset/ltm_datasets/DL3DV-ALL-480P/10K_extracted/e1a07d9df49f03107784135f3b040c21597d6f9f40d8f7907a150850dc2b62d7
DL3DV-ALL-480P__10K_extracted__e2657284cf606cc5d684703fef9484fa166598f2440aa467b620d5cdabb3b2ab,DL3DV-ALL-480P/10K_extracted/e2657284cf606cc5d684703fef9484fa166598f2440aa467b620d5cdabb3b2ab,DL3DV-ALL-480P,DL3DV-ALL-480P,nerf_transforms_images8_colmap_depth,colmap_photometric_bin,transforms_json_opengl_c2w,80,80,12,/home/m/dataset/ltm_datasets/DL3DV-ALL-480P/10K_extracted/e2657284cf606cc5d684703fef9484fa166598f2440aa467b620d5cdabb3b2ab
DL3DV-ALL-480P__10K_extracted__e27d1088659576eee91a832032612cc7540d6cc9f0fdb21974d47a08ed3dc3ba,DL3DV-ALL-480P/10K_extracted/e27d1088659576eee91a832032612cc7540d6cc9f0fdb21974d47a08ed3dc3ba,DL3DV-ALL-480P,DL3DV-ALL-480P,nerf_transforms_images8_colmap_depth,colmap_photometric_bin,transforms_json_opengl_c2w,80,80,12,/home/m/dataset/ltm_datasets/DL3DV-ALL-480P/10K_extracted/e27d1088659576eee91a832032612cc7540d6cc9f0fdb21974d47a08ed3dc3ba
DL3DV-ALL-480P__10K_extracted__e27fd7d476e9065fd8a9697494abb1e9587243ef125b0c07739ce796cc686988,DL3DV-ALL-480P/10K_extracted/e27fd7d476e9065fd8a9697494abb1e9587243ef125b0c07739ce796cc686988,DL3DV-ALL-480P,DL3DV-ALL-480P,nerf_transforms_images8_colmap_depth,colmap_photometric_bin,transforms_json_opengl_c2w,80,80,12,/home/m/dataset/ltm_datasets/DL3DV-ALL-480P/10K_extracted/e27fd7d476e9065fd8a9697494abb1e9587243ef125b0c07739ce796cc686988
DL3DV-ALL-480P__10K_extracted__e2b57dfd0557060342a6dd1e3468aec06d72b6a8dda21b2d9b188be1156d865a,DL3DV-ALL-480P/10K_extracted/e2b57dfd0557060342a6dd1e3468aec06d72b6a8dda21b2d9b188be1156d865a,DL3DV-ALL-480P,DL3DV-ALL-480P,nerf_transforms_images8_colmap_depth,colmap_photometric_bin,transforms_json_opengl_c2w,80,80,12,/home/m/dataset/ltm_datasets/DL3DV-ALL-480P/10K_extracted/e2b57dfd0557060342a6dd1e3468aec06d72b6a8dda21b2d9b188be1156d865a
DL3DV-ALL-480P__10K_extracted__e362d67349502b8af6abb1dfe11f4fe2ad89948a903983e7a5479d14ad56bbf9,DL3DV-ALL-480P/10K_extracted/e362d67349502b8af6abb1dfe11f4fe2ad89948a903983e7a5479d14ad56bbf9,DL3DV-ALL-480P,DL3DV-ALL-480P,nerf_transforms_images8_colmap_depth,colmap_photometric_bin,transforms_json_opengl_c2w,80,80,12,/home/m/dataset/ltm_datasets/DL3DV-ALL-480P/10K_extracted/e362d67349502b8af6abb1dfe11f4fe2ad89948a903983e7a5479d14ad56bbf9
DL3DV-ALL-480P__10K_extracted__e3ae4f21452e682c8d3bc52698c8a28e1bf58167f0abe936df2d1ab23df9600a,DL3DV-ALL-480P/10K_extracted/e3ae4f21452e682c8d3bc52698c8a28e1bf58167f0abe936df2d1ab23df9600a,DL3DV-ALL-480P,DL3DV-ALL-480P,nerf_transforms_images8_colmap_depth,colmap_photometric_bin,transforms_json_opengl_c2w,80,80,12,/home/m/dataset/ltm_datasets/DL3DV-ALL-480P/10K_extracted/e3ae4f21452e682c8d3bc52698c8a28e1bf58167f0abe936df2d1ab23df9600a
DL3DV-ALL-480P__10K_extracted__e4aa0cf286b915d8dc5c83daec9c128bf6f33e4da3e3586d68344bdba9c33708,DL3DV-ALL-480P/10K_extracted/e4aa0cf286b915d8dc5c83daec9c128bf6f33e4da3e3586d68344bdba9c33708,DL3DV-ALL-480P,DL3DV-ALL-480P,nerf_transforms_images8_colmap_depth,colmap_photometric_bin,transforms_json_opengl_c2w,80,80,12,/home/m/dataset/ltm_datasets/DL3DV-ALL-480P/10K_extracted/e4aa0cf286b915d8dc5c83daec9c128bf6f33e4da3e3586d68344bdba9c33708
DL3DV-ALL-480P__10K_extracted__e4be3cc208a28a3859457ad7b753fccbf04256c1ace1b8972e9f08869174515d,DL3DV-ALL-480P/10K_extracted/e4be3cc208a28a3859457ad7b753fccbf04256c1ace1b8972e9f08869174515d,DL3DV-ALL-480P,DL3DV-ALL-480P,nerf_transforms_images8_colmap_depth,colmap_photometric_bin,transforms_json_opengl_c2w,80,80,12,/home/m/dataset/ltm_datasets/DL3DV-ALL-480P/10K_extracted/e4be3cc208a28a3859457ad7b753fccbf04256c1ace1b8972e9f08869174515d
DL3DV-ALL-480P__10K_extracted__e4d7354b7fd57f953af90d1290fa772c49a500e1262013e66f9f593bd5ec9eca,DL3DV-ALL-480P/10K_extracted/e4d7354b7fd57f953af90d1290fa772c49a500e1262013e66f9f593bd5ec9eca,DL3DV-ALL-480P,DL3DV-ALL-480P,nerf_transforms_images8_colmap_depth,colmap_photometric_bin,transforms_json_opengl_c2w,80,80,12,/home/m/dataset/ltm_datasets/DL3DV-ALL-480P/10K_extracted/e4d7354b7fd57f953af90d1290fa772c49a500e1262013e66f9f593bd5ec9eca
wildrgbd_harrison__TV__scene_026,wildrgbd_harrison/TV/scene_026,wildrgbd_harrison,wildrgbd_harrison:TV,wildrgbd_rgb_depth_npz_pose,sensor_depth_png,npz_camera_pose,100,100,12,/home/m/dataset/ltm_datasets/wildrgbd_harrison/TV/scenes/scene_026
wildrgbd_harrison__TV__scene_030,wildrgbd_harrison/TV/scene_030,wildrgbd_harrison,wildrgbd_harrison:TV,wildrgbd_rgb_depth_npz_pose,sensor_depth_png,npz_camera_pose,100,100,12,/home/m/dataset/ltm_datasets/wildrgbd_harrison/TV/scenes/scene_030
wildrgbd_harrison__TV__scene_059,wildrgbd_harrison/TV/scene_059,wildrgbd_harrison,wildrgbd_harrison:TV,wildrgbd_rgb_depth_npz_pose,sensor_depth_png,npz_camera_pose,100,100,12,/home/m/dataset/ltm_datasets/wildrgbd_harrison/TV/scenes/scene_059
wildrgbd_harrison__TV__scene_071,wildrgbd_harrison/TV/scene_071,wildrgbd_harrison,wildrgbd_harrison:TV,wildrgbd_rgb_depth_npz_pose,sensor_depth_png,npz_camera_pose,100,100,12,/home/m/dataset/ltm_datasets/wildrgbd_harrison/TV/scenes/scene_071
wildrgbd_harrison__TV__scene_079,wildrgbd_harrison/TV/scene_079,wildrgbd_harrison,wildrgbd_harrison:TV,wildrgbd_rgb_depth_npz_pose,sensor_depth_png,npz_camera_pose,100,100,12,/home/m/dataset/ltm_datasets/wildrgbd_harrison/TV/scenes/scene_079
wildrgbd_harrison__TV__scene_081,wildrgbd_harrison/TV/scene_081,wildrgbd_harrison,wildrgbd_harrison:TV,wildrgbd_rgb_depth_npz_pose,sensor_depth_png,npz_camera_pose,100,100,12,/home/m/dataset/ltm_datasets/wildrgbd_harrison/TV/scenes/scene_081
wildrgbd_harrison__TV__scene_097,wildrgbd_harrison/TV/scene_097,wildrgbd_harrison,wildrgbd_harrison:TV,wildrgbd_rgb_depth_npz_pose,sensor_depth_png,npz_camera_pose,100,100,12,/home/m/dataset/ltm_datasets/wildrgbd_harrison/TV/scenes/scene_097
wildrgbd_harrison__apple__scene_016,wildrgbd_harrison/apple/scene_016,wildrgbd_harrison,wildrgbd_harrison:apple,wildrgbd_rgb_depth_npz_pose,sensor_depth_png,npz_camera_pose,100,100,12,/home/m/dataset/ltm_datasets/wildrgbd_harrison/apple/scenes/scene_016
wildrgbd_harrison__apple__scene_036,wildrgbd_harrison/apple/scene_036,wildrgbd_harrison,wildrgbd_harrison:apple,wildrgbd_rgb_depth_npz_pose,sensor_depth_png,npz_camera_pose,100,100,12,/home/m/dataset/ltm_datasets/wildrgbd_harrison/apple/scenes/scene_036
wildrgbd_harrison__apple__scene_039,wildrgbd_harrison/apple/scene_039,wildrgbd_harrison,wildrgbd_harrison:apple,wildrgbd_rgb_depth_npz_pose,sensor_depth_png,npz_camera_pose,100,100,12,/home/m/dataset/ltm_datasets/wildrgbd_harrison/apple/scenes/scene_039
wildrgbd_harrison__apple__scene_090,wildrgbd_harrison/apple/scene_090,wildrgbd_harrison,wildrgbd_harrison:apple,wildrgbd_rgb_depth_npz_pose,sensor_depth_png,npz_camera_pose,100,100,12,/home/m/dataset/ltm_datasets/wildrgbd_harrison/apple/scenes/scene_090
wildrgbd_harrison__apple__scene_137,wildrgbd_harrison/apple/scene_137,wildrgbd_harrison,wildrgbd_harrison:apple,wildrgbd_rgb_depth_npz_pose,sensor_depth_png,npz_camera_pose,100,100,12,/home/m/dataset/ltm_datasets/wildrgbd_harrison/apple/scenes/scene_137
wildrgbd_harrison__apple__scene_162,wildrgbd_harrison/apple/scene_162,wildrgbd_harrison,wildrgbd_harrison:apple,wildrgbd_rgb_depth_npz_pose,sensor_depth_png,npz_camera_pose,100,100,12,/home/m/dataset/ltm_datasets/wildrgbd_harrison/apple/scenes/scene_162
wildrgbd_harrison__backpack__scene_025,wildrgbd_harrison/backpack/scene_025,wildrgbd_harrison,wildrgbd_harrison:backpack,wildrgbd_rgb_depth_npz_pose,sensor_depth_png,npz_camera_pose,100,100,12,/home/m/dataset/ltm_datasets/wildrgbd_harrison/backpack/scenes/scene_025
wildrgbd_harrison__backpack__scene_232,wildrgbd_harrison/backpack/scene_232,wildrgbd_harrison,wildrgbd_harrison:backpack,wildrgbd_rgb_depth_npz_pose,sensor_depth_png,npz_camera_pose,100,100,12,/home/m/dataset/ltm_datasets/wildrgbd_harrison/backpack/scenes/scene_232
wildrgbd_harrison__backpack__scene_432,wildrgbd_harrison/backpack/scene_432,wildrgbd_harrison,wildrgbd_harrison:backpack,wildrgbd_rgb_depth_npz_pose,sensor_depth_png,npz_camera_pose,100,100,12,/home/m/dataset/ltm_datasets/wildrgbd_harrison/backpack/scenes/scene_432
wildrgbd_harrison__ball__scene_195,wildrgbd_harrison/ball/scene_195,wildrgbd_harrison,wildrgbd_harrison:ball,wildrgbd_rgb_depth_npz_pose,sensor_depth_png,npz_camera_pose,100,100,12,/home/m/dataset/ltm_datasets/wildrgbd_harrison/ball/scenes/scene_195
wildrgbd_harrison__ball__scene_263,wildrgbd_harrison/ball/scene_263,wildrgbd_harrison,wildrgbd_harrison:ball,wildrgbd_rgb_depth_npz_pose,sensor_depth_png,npz_camera_pose,100,100,12,/home/m/dataset/ltm_datasets/wildrgbd_harrison/ball/scenes/scene_263
wildrgbd_harrison__ball__scene_351,wildrgbd_harrison/ball/scene_351,wildrgbd_harrison,wildrgbd_harrison:ball,wildrgbd_rgb_depth_npz_pose,sensor_depth_png,npz_camera_pose,100,100,12,/home/m/dataset/ltm_datasets/wildrgbd_harrison/ball/scenes/scene_351
wildrgbd_harrison__ball__scene_392,wildrgbd_harrison/ball/scene_392,wildrgbd_harrison,wildrgbd_harrison:ball,wildrgbd_rgb_depth_npz_pose,sensor_depth_png,npz_camera_pose,100,100,12,/home/m/dataset/ltm_datasets/wildrgbd_harrison/ball/scenes/scene_392
wildrgbd_harrison__banana__scene_033,wildrgbd_harrison/banana/scene_033,wildrgbd_harrison,wildrgbd_harrison:banana,wildrgbd_rgb_depth_npz_pose,sensor_depth_png,npz_camera_pose,100,100,12,/home/m/dataset/ltm_datasets/wildrgbd_harrison/banana/scenes/scene_033
wildrgbd_harrison__banana__scene_109,wildrgbd_harrison/banana/scene_109,wildrgbd_harrison,wildrgbd_harrison:banana,wildrgbd_rgb_depth_npz_pose,sensor_depth_png,npz_camera_pose,100,100,12,/home/m/dataset/ltm_datasets/wildrgbd_harrison/banana/scenes/scene_109
wildrgbd_harrison__banana__scene_189,wildrgbd_harrison/banana/scene_189,wildrgbd_harrison,wildrgbd_harrison:banana,wildrgbd_rgb_depth_npz_pose,sensor_depth_png,npz_camera_pose,100,100,12,/home/m/dataset/ltm_datasets/wildrgbd_harrison/banana/scenes/scene_189
wildrgbd_harrison__boat__scene_022,wildrgbd_harrison/boat/scene_022,wildrgbd_harrison,wildrgbd_harrison:boat,wildrgbd_rgb_depth_npz_pose,sensor_depth_png,npz_camera_pose,100,100,12,/home/m/dataset/ltm_datasets/wildrgbd_harrison/boat/scenes/scene_022
wildrgbd_harrison__boat__scene_090,wildrgbd_harrison/boat/scene_090,wildrgbd_harrison,wildrgbd_harrison:boat,wildrgbd_rgb_depth_npz_pose,sensor_depth_png,npz_camera_pose,100,100,12,/home/m/dataset/ltm_datasets/wildrgbd_harrison/boat/scenes/scene_090
wildrgbd_harrison__book__scene_173,wildrgbd_harrison/book/scene_173,wildrgbd_harrison,wildrgbd_harrison:book,wildrgbd_rgb_depth_npz_pose,sensor_depth_png,npz_camera_pose,100,100,12,/home/m/dataset/ltm_datasets/wildrgbd_harrison/book/scenes/scene_173
wildrgbd_harrison__book__scene_200,wildrgbd_harrison/book/scene_200,wildrgbd_harrison,wildrgbd_harrison:book,wildrgbd_rgb_depth_npz_pose,sensor_depth_png,npz_camera_pose,100,100,12,/home/m/dataset/ltm_datasets/wildrgbd_harrison/book/scenes/scene_200
wildrgbd_harrison__book__scene_211,wildrgbd_harrison/book/scene_211,wildrgbd_harrison,wildrgbd_harrison:book,wildrgbd_rgb_depth_npz_pose,sensor_depth_png,npz_camera_pose,100,100,12,/home/m/dataset/ltm_datasets/wildrgbd_harrison/book/scenes/scene_211
wildrgbd_harrison__book__scene_226,wildrgbd_harrison/book/scene_226,wildrgbd_harrison,wildrgbd_harrison:book,wildrgbd_rgb_depth_npz_pose,sensor_depth_png,npz_camera_pose,100,100,12,/home/m/dataset/ltm_datasets/wildrgbd_harrison/book/scenes/scene_226
wildrgbd_harrison__book__scene_390,wildrgbd_harrison/book/scene_390,wildrgbd_harrison,wildrgbd_harrison:book,wildrgbd_rgb_depth_npz_pose,sensor_depth_png,npz_camera_pose,100,100,12,/home/m/dataset/ltm_datasets/wildrgbd_harrison/book/scenes/scene_390
wildrgbd_harrison__bottle__scene_377,wildrgbd_harrison/bottle/scene_377,wildrgbd_harrison,wildrgbd_harrison:bottle,wildrgbd_rgb_depth_npz_pose,sensor_depth_png,npz_camera_pose,100,100,12,/home/m/dataset/ltm_datasets/wildrgbd_harrison/bottle/scenes/scene_377
wildrgbd_harrison__bottle__scene_420,wildrgbd_harrison/bottle/scene_420,wildrgbd_harrison,wildrgbd_harrison:bottle,wildrgbd_rgb_depth_npz_pose,sensor_depth_png,npz_camera_pose,100,100,12,/home/m/dataset/ltm_datasets/wildrgbd_harrison/bottle/scenes/scene_420
wildrgbd_harrison__bowl__scene_205,wildrgbd_harrison/bowl/scene_205,wildrgbd_harrison,wildrgbd_harrison:bowl,wildrgbd_rgb_depth_npz_pose,sensor_depth_png,npz_camera_pose,100,100,12,/home/m/dataset/ltm_datasets/wildrgbd_harrison/bowl/scenes/scene_205
wildrgbd_harrison__bowl__scene_330,wildrgbd_harrison/bowl/scene_330,wildrgbd_harrison,wildrgbd_harrison:bowl,wildrgbd_rgb_depth_npz_pose,sensor_depth_png,npz_camera_pose,100,100,12,/home/m/dataset/ltm_datasets/wildrgbd_harrison/bowl/scenes/scene_330
wildrgbd_harrison__bowl__scene_365,wildrgbd_harrison/bowl/scene_365,wildrgbd_harrison,wildrgbd_harrison:bowl,wildrgbd_rgb_depth_npz_pose,sensor_depth_png,npz_camera_pose,100,100,12,/home/m/dataset/ltm_datasets/wildrgbd_harrison/bowl/scenes/scene_365
wildrgbd_harrison__bowl__scene_391,wildrgbd_harrison/bowl/scene_391,wildrgbd_harrison,wildrgbd_harrison:bowl,wildrgbd_rgb_depth_npz_pose,sensor_depth_png,npz_camera_pose,100,100,12,/home/m/dataset/ltm_datasets/wildrgbd_harrison/bowl/scenes/scene_391
wildrgbd_harrison__bowl__scene_463,wildrgbd_harrison/bowl/scene_463,wildrgbd_harrison,wildrgbd_harrison:bowl,wildrgbd_rgb_depth_npz_pose,sensor_depth_png,npz_camera_pose,100,100,12,/home/m/dataset/ltm_datasets/wildrgbd_harrison/bowl/scenes/scene_463
wildrgbd_harrison__bowl__scene_473,wildrgbd_harrison/bowl/scene_473,wildrgbd_harrison,wildrgbd_harrison:bowl,wildrgbd_rgb_depth_npz_pose,sensor_depth_png,npz_camera_pose,100,100,12,/home/m/dataset/ltm_datasets/wildrgbd_harrison/bowl/scenes/scene_473
wildrgbd_harrison__box__scene_079,wildrgbd_harrison/box/scene_079,wildrgbd_harrison,wildrgbd_harrison:box,wildrgbd_rgb_depth_npz_pose,sensor_depth_png,npz_camera_pose,100,100,12,/home/m/dataset/ltm_datasets/wildrgbd_harrison/box/scenes/scene_079
wildrgbd_harrison__box__scene_184,wildrgbd_harrison/box/scene_184,wildrgbd_harrison,wildrgbd_harrison:box,wildrgbd_rgb_depth_npz_pose,sensor_depth_png,npz_camera_pose,100,100,12,/home/m/dataset/ltm_datasets/wildrgbd_harrison/box/scenes/scene_184
wildrgbd_harrison__box__scene_214,wildrgbd_harrison/box/scene_214,wildrgbd_harrison,wildrgbd_harrison:box,wildrgbd_rgb_depth_npz_pose,sensor_depth_png,npz_camera_pose,100,100,12,/home/m/dataset/ltm_datasets/wildrgbd_harrison/box/scenes/scene_214
wildrgbd_harrison__box__scene_257,wildrgbd_harrison/box/scene_257,wildrgbd_harrison,wildrgbd_harrison:box,wildrgbd_rgb_depth_npz_pose,sensor_depth_png,npz_camera_pose,100,100,12,/home/m/dataset/ltm_datasets/wildrgbd_harrison/box/scenes/scene_257
wildrgbd_harrison__bucket__scene_151,wildrgbd_harrison/bucket/scene_151,wildrgbd_harrison,wildrgbd_harrison:bucket,wildrgbd_rgb_depth_npz_pose,sensor_depth_png,npz_camera_pose,100,100,12,/home/m/dataset/ltm_datasets/wildrgbd_harrison/bucket/scenes/scene_151
wildrgbd_harrison__bucket__scene_158,wildrgbd_harrison/bucket/scene_158,wildrgbd_harrison,wildrgbd_harrison:bucket,wildrgbd_rgb_depth_npz_pose,sensor_depth_png,npz_camera_pose,100,100,12,/home/m/dataset/ltm_datasets/wildrgbd_harrison/bucket/scenes/scene_158
wildrgbd_harrison__bucket__scene_214,wildrgbd_harrison/bucket/scene_214,wildrgbd_harrison,wildrgbd_harrison:bucket,wildrgbd_rgb_depth_npz_pose,sensor_depth_png,npz_camera_pose,100,100,12,/home/m/dataset/ltm_datasets/wildrgbd_harrison/bucket/scenes/scene_214
wildrgbd_harrison__bucket__scene_239,wildrgbd_harrison/bucket/scene_239,wildrgbd_harrison,wildrgbd_harrison:bucket,wildrgbd_rgb_depth_npz_pose,sensor_depth_png,npz_camera_pose,100,100,12,/home/m/dataset/ltm_datasets/wildrgbd_harrison/bucket/scenes/scene_239
wildrgbd_harrison__bus__scene_004,wildrgbd_harrison/bus/scene_004,wildrgbd_harrison,wildrgbd_harrison:bus,wildrgbd_rgb_depth_npz_pose,sensor_depth_png,npz_camera_pose,100,100,12,/home/m/dataset/ltm_datasets/wildrgbd_harrison/bus/scenes/scene_004
wildrgbd_harrison__bus__scene_006,wildrgbd_harrison/bus/scene_006,wildrgbd_harrison,wildrgbd_harrison:bus,wildrgbd_rgb_depth_npz_pose,sensor_depth_png,npz_camera_pose,100,100,12,/home/m/dataset/ltm_datasets/wildrgbd_harrison/bus/scenes/scene_006
wildrgbd_harrison__bus__scene_019,wildrgbd_harrison/bus/scene_019,wildrgbd_harrison,wildrgbd_harrison:bus,wildrgbd_rgb_depth_npz_pose,sensor_depth_png,npz_camera_pose,100,100,12,/home/m/dataset/ltm_datasets/wildrgbd_harrison/bus/scenes/scene_019
wildrgbd_harrison__bus__scene_091,wildrgbd_harrison/bus/scene_091,wildrgbd_harrison,wildrgbd_harrison:bus,wildrgbd_rgb_depth_npz_pose,sensor_depth_png,npz_camera_pose,100,100,12,/home/m/dataset/ltm_datasets/wildrgbd_harrison/bus/scenes/scene_091
wildrgbd_harrison__bus__scene_099,wildrgbd_harrison/bus/scene_099,wildrgbd_harrison,wildrgbd_harrison:bus,wildrgbd_rgb_depth_npz_pose,sensor_depth_png,npz_camera_pose,100,100,12,/home/m/dataset/ltm_datasets/wildrgbd_harrison/bus/scenes/scene_099
wildrgbd_harrison__bus__scene_189,wildrgbd_harrison/bus/scene_189,wildrgbd_harrison,wildrgbd_harrison:bus,wildrgbd_rgb_depth_npz_pose,sensor_depth_png,npz_camera_pose,100,100,12,/home/m/dataset/ltm_datasets/wildrgbd_harrison/bus/scenes/scene_189
wildrgbd_harrison__cake__scene_039,wildrgbd_harrison/cake/scene_039,wildrgbd_harrison,wildrgbd_harrison:cake,wildrgbd_rgb_depth_npz_pose,sensor_depth_png,npz_camera_pose,100,100,12,/home/m/dataset/ltm_datasets/wildrgbd_harrison/cake/scenes/scene_039
wildrgbd_harrison__cake__scene_099,wildrgbd_harrison/cake/scene_099,wildrgbd_harrison,wildrgbd_harrison:cake,wildrgbd_rgb_depth_npz_pose,sensor_depth_png,npz_camera_pose,100,100,12,/home/m/dataset/ltm_datasets/wildrgbd_harrison/cake/scenes/scene_099
wildrgbd_harrison__cake__scene_118,wildrgbd_harrison/cake/scene_118,wildrgbd_harrison,wildrgbd_harrison:cake,wildrgbd_rgb_depth_npz_pose,sensor_depth_png,npz_camera_pose,100,100,12,/home/m/dataset/ltm_datasets/wildrgbd_harrison/cake/scenes/scene_118
wildrgbd_harrison__cake__scene_123,wildrgbd_harrison/cake/scene_123,wildrgbd_harrison,wildrgbd_harrison:cake,wildrgbd_rgb_depth_npz_pose,sensor_depth_png,npz_camera_pose,100,100,12,/home/m/dataset/ltm_datasets/wildrgbd_harrison/cake/scenes/scene_123
wildrgbd_harrison__cake__scene_166,wildrgbd_harrison/cake/scene_166,wildrgbd_harrison,wildrgbd_harrison:cake,wildrgbd_rgb_depth_npz_pose,sensor_depth_png,npz_camera_pose,100,100,12,/home/m/dataset/ltm_datasets/wildrgbd_harrison/cake/scenes/scene_166
wildrgbd_harrison__cake__scene_175,wildrgbd_harrison/cake/scene_175,wildrgbd_harrison,wildrgbd_harrison:cake,wildrgbd_rgb_depth_npz_pose,sensor_depth_png,npz_camera_pose,100,100,12,/home/m/dataset/ltm_datasets/wildrgbd_harrison/cake/scenes/scene_175
wildrgbd_harrison__cake__scene_179,wildrgbd_harrison/cake/scene_179,wildrgbd_harrison,wildrgbd_harrison:cake,wildrgbd_rgb_depth_npz_pose,sensor_depth_png,npz_camera_pose,100,100,12,/home/m/dataset/ltm_datasets/wildrgbd_harrison/cake/scenes/scene_179
wildrgbd_harrison__car__scene_012,wildrgbd_harrison/car/scene_012,wildrgbd_harrison,wildrgbd_harrison:car,wildrgbd_rgb_depth_npz_pose,sensor_depth_png,npz_camera_pose,100,100,12,/home/m/dataset/ltm_datasets/wildrgbd_harrison/car/scenes/scene_012
wildrgbd_harrison__car__scene_059,wildrgbd_harrison/car/scene_059,wildrgbd_harrison,wildrgbd_harrison:car,wildrgbd_rgb_depth_npz_pose,sensor_depth_png,npz_camera_pose,100,100,12,/home/m/dataset/ltm_datasets/wildrgbd_harrison/car/scenes/scene_059
wildrgbd_harrison__carrot__scene_098,wildrgbd_harrison/carrot/scene_098,wildrgbd_harrison,wildrgbd_harrison:carrot,wildrgbd_rgb_depth_npz_pose,sensor_depth_png,npz_camera_pose,100,100,12,/home/m/dataset/ltm_datasets/wildrgbd_harrison/carrot/scenes/scene_098
wildrgbd_harrison__carrot__scene_109,wildrgbd_harrison/carrot/scene_109,wildrgbd_harrison,wildrgbd_harrison:carrot,wildrgbd_rgb_depth_npz_pose,sensor_depth_png,npz_camera_pose,100,100,12,/home/m/dataset/ltm_datasets/wildrgbd_harrison/carrot/scenes/scene_109
wildrgbd_harrison__carrot__scene_185,wildrgbd_harrison/carrot/scene_185,wildrgbd_harrison,wildrgbd_harrison:carrot,wildrgbd_rgb_depth_npz_pose,sensor_depth_png,npz_camera_pose,100,100,12,/home/m/dataset/ltm_datasets/wildrgbd_harrison/carrot/scenes/scene_185
wildrgbd_harrison__cellphone__scene_006,wildrgbd_harrison/cellphone/scene_006,wildrgbd_harrison,wildrgbd_harrison:cellphone,wildrgbd_rgb_depth_npz_pose,sensor_depth_png,npz_camera_pose,100,100,12,/home/m/dataset/ltm_datasets/wildrgbd_harrison/cellphone/scenes/scene_006
wildrgbd_harrison__chair__scene_059,wildrgbd_harrison/chair/scene_059,wildrgbd_harrison,wildrgbd_harrison:chair,wildrgbd_rgb_depth_npz_pose,sensor_depth_png,npz_camera_pose,100,100,12,/home/m/dataset/ltm_datasets/wildrgbd_harrison/chair/scenes/scene_059
wildrgbd_harrison__chair__scene_127,wildrgbd_harrison/chair/scene_127,wildrgbd_harrison,wildrgbd_harrison:chair,wildrgbd_rgb_depth_npz_pose,sensor_depth_png,npz_camera_pose,100,100,12,/home/m/dataset/ltm_datasets/wildrgbd_harrison/chair/scenes/scene_127
wildrgbd_harrison__chair__scene_128,wildrgbd_harrison/chair/scene_128,wildrgbd_harrison,wildrgbd_harrison:chair,wildrgbd_rgb_depth_npz_pose,sensor_depth_png,npz_camera_pose,100,100,12,/home/m/dataset/ltm_datasets/wildrgbd_harrison/chair/scenes/scene_128
wildrgbd_harrison__chair__scene_261,wildrgbd_harrison/chair/scene_261,wildrgbd_harrison,wildrgbd_harrison:chair,wildrgbd_rgb_depth_npz_pose,sensor_depth_png,npz_camera_pose,100,100,12,/home/m/dataset/ltm_datasets/wildrgbd_harrison/chair/scenes/scene_261
wildrgbd_harrison__chair__scene_330,wildrgbd_harrison/chair/scene_330,wildrgbd_harrison,wildrgbd_harrison:chair,wildrgbd_rgb_depth_npz_pose,sensor_depth_png,npz_camera_pose,100,100,12,/home/m/dataset/ltm_datasets/wildrgbd_harrison/chair/scenes/scene_330
wildrgbd_harrison__clock__scene_190,wildrgbd_harrison/clock/scene_190,wildrgbd_harrison,wildrgbd_harrison:clock,wildrgbd_rgb_depth_npz_pose,sensor_depth_png,npz_camera_pose,100,100,12,/home/m/dataset/ltm_datasets/wildrgbd_harrison/clock/scenes/scene_190
wildrgbd_harrison__clock__scene_194,wildrgbd_harrison/clock/scene_194,wildrgbd_harrison,wildrgbd_harrison:clock,wildrgbd_rgb_depth_npz_pose,sensor_depth_png,npz_camera_pose,100,100,12,/home/m/dataset/ltm_datasets/wildrgbd_harrison/clock/scenes/scene_194
wildrgbd_harrison__clock__scene_230,wildrgbd_harrison/clock/scene_230,wildrgbd_harrison,wildrgbd_harrison:clock,wildrgbd_rgb_depth_npz_pose,sensor_depth_png,npz_camera_pose,100,100,12,/home/m/dataset/ltm_datasets/wildrgbd_harrison/clock/scenes/scene_230
wildrgbd_harrison__clock__scene_231,wildrgbd_harrison/clock/scene_231,wildrgbd_harrison,wildrgbd_harrison:clock,wildrgbd_rgb_depth_npz_pose,sensor_depth_png,npz_camera_pose,100,100,12,/home/m/dataset/ltm_datasets/wildrgbd_harrison/clock/scenes/scene_231
wildrgbd_harrison__cucumber__scene_036,wildrgbd_harrison/cucumber/scene_036,wildrgbd_harrison,wildrgbd_harrison:cucumber,wildrgbd_rgb_depth_npz_pose,sensor_depth_png,npz_camera_pose,100,100,12,/home/m/dataset/ltm_datasets/wildrgbd_harrison/cucumber/scenes/scene_036
wildrgbd_harrison__cucumber__scene_071,wildrgbd_harrison/cucumber/scene_071,wildrgbd_harrison,wildrgbd_harrison:cucumber,wildrgbd_rgb_depth_npz_pose,sensor_depth_png,npz_camera_pose,100,100,12,/home/m/dataset/ltm_datasets/wildrgbd_harrison/cucumber/scenes/scene_071
wildrgbd_harrison__cucumber__scene_137,wildrgbd_harrison/cucumber/scene_137,wildrgbd_harrison,wildrgbd_harrison:cucumber,wildrgbd_rgb_depth_npz_pose,sensor_depth_png,npz_camera_pose,100,100,12,/home/m/dataset/ltm_datasets/wildrgbd_harrison/cucumber/scenes/scene_137
wildrgbd_harrison__cucumber__scene_177,wildrgbd_harrison/cucumber/scene_177,wildrgbd_harrison,wildrgbd_harrison:cucumber,wildrgbd_rgb_depth_npz_pose,sensor_depth_png,npz_camera_pose,100,100,12,/home/m/dataset/ltm_datasets/wildrgbd_harrison/cucumber/scenes/scene_177
wildrgbd_harrison__detergent__scene_098,wildrgbd_harrison/detergent/scene_098,wildrgbd_harrison,wildrgbd_harrison:detergent,wildrgbd_rgb_depth_npz_pose,sensor_depth_png,npz_camera_pose,100,100,12,/home/m/dataset/ltm_datasets/wildrgbd_harrison/detergent/scenes/scene_098
wildrgbd_harrison__detergent__scene_385,wildrgbd_harrison/detergent/scene_385,wildrgbd_harrison,wildrgbd_harrison:detergent,wildrgbd_rgb_depth_npz_pose,sensor_depth_png,npz_camera_pose,100,100,12,/home/m/dataset/ltm_datasets/wildrgbd_harrison/detergent/scenes/scene_385
wildrgbd_harrison__donut__scene_058,wildrgbd_harrison/donut/scene_058,wildrgbd_harrison,wildrgbd_harrison:donut,wildrgbd_rgb_depth_npz_pose,sensor_depth_png,npz_camera_pose,100,100,12,/home/m/dataset/ltm_datasets/wildrgbd_harrison/donut/scenes/scene_058
wildrgbd_harrison__donut__scene_141,wildrgbd_harrison/donut/scene_141,wildrgbd_harrison,wildrgbd_harrison:donut,wildrgbd_rgb_depth_npz_pose,sensor_depth_png,npz_camera_pose,100,100,12,/home/m/dataset/ltm_datasets/wildrgbd_harrison/donut/scenes/scene_141
wildrgbd_harrison__flower_pot__scene_236,wildrgbd_harrison/flower_pot/scene_236,wildrgbd_harrison,wildrgbd_harrison:flower_pot,wildrgbd_rgb_depth_npz_pose,sensor_depth_png,npz_camera_pose,100,100,12,/home/m/dataset/ltm_datasets/wildrgbd_harrison/flower_pot/scenes/scene_236
wildrgbd_harrison__handbag__scene_034,wildrgbd_harrison/handbag/scene_034,wildrgbd_harrison,wildrgbd_harrison:handbag,wildrgbd_rgb_depth_npz_pose,sensor_depth_png,npz_camera_pose,100,100,12,/home/m/dataset/ltm_datasets/wildrgbd_harrison/handbag/scenes/scene_034
wildrgbd_harrison__handbag__scene_041,wildrgbd_harrison/handbag/scene_041,wildrgbd_harrison,wildrgbd_harrison:handbag,wildrgbd_rgb_depth_npz_pose,sensor_depth_png,npz_camera_pose,100,100,12,/home/m/dataset/ltm_datasets/wildrgbd_harrison/handbag/scenes/scene_041
wildrgbd_harrison__handbag__scene_279,wildrgbd_harrison/handbag/scene_279,wildrgbd_harrison,wildrgbd_harrison:handbag,wildrgbd_rgb_depth_npz_pose,sensor_depth_png,npz_camera_pose,100,100,12,/home/m/dataset/ltm_datasets/wildrgbd_harrison/handbag/scenes/scene_279
wildrgbd_harrison__handbag__scene_465,wildrgbd_harrison/handbag/scene_465,wildrgbd_harrison,wildrgbd_harrison:handbag,wildrgbd_rgb_depth_npz_pose,sensor_depth_png,npz_camera_pose,100,100,12,/home/m/dataset/ltm_datasets/wildrgbd_harrison/handbag/scenes/scene_465
wildrgbd_harrison__hat__scene_102,wildrgbd_harrison/hat/scene_102,wildrgbd_harrison,wildrgbd_harrison:hat,wildrgbd_rgb_depth_npz_pose,sensor_depth_png,npz_camera_pose,100,100,12,/home/m/dataset/ltm_datasets/wildrgbd_harrison/hat/scenes/scene_102
wildrgbd_harrison__hat__scene_127,wildrgbd_harrison/hat/scene_127,wildrgbd_harrison,wildrgbd_harrison:hat,wildrgbd_rgb_depth_npz_pose,sensor_depth_png,npz_camera_pose,100,100,12,/home/m/dataset/ltm_datasets/wildrgbd_harrison/hat/scenes/scene_127
wildrgbd_harrison__hat__scene_172,wildrgbd_harrison/hat/scene_172,wildrgbd_harrison,wildrgbd_harrison:hat,wildrgbd_rgb_depth_npz_pose,sensor_depth_png,npz_camera_pose,100,100,12,/home/m/dataset/ltm_datasets/wildrgbd_harrison/hat/scenes/scene_172
wildrgbd_harrison__hat__scene_254,wildrgbd_harrison/hat/scene_254,wildrgbd_harrison,wildrgbd_harrison:hat,wildrgbd_rgb_depth_npz_pose,sensor_depth_png,npz_camera_pose,100,100,12,/home/m/dataset/ltm_datasets/wildrgbd_harrison/hat/scenes/scene_254
wildrgbd_harrison__hat__scene_322,wildrgbd_harrison/hat/scene_322,wildrgbd_harrison,wildrgbd_harrison:hat,wildrgbd_rgb_depth_npz_pose,sensor_depth_png,npz_camera_pose,100,100,12,/home/m/dataset/ltm_datasets/wildrgbd_harrison/hat/scenes/scene_322
wildrgbd_harrison__hat__scene_493,wildrgbd_harrison/hat/scene_493,wildrgbd_harrison,wildrgbd_harrison:hat,wildrgbd_rgb_depth_npz_pose,sensor_depth_png,npz_camera_pose,100,100,12,/home/m/dataset/ltm_datasets/wildrgbd_harrison/hat/scenes/scene_493
wildrgbd_harrison__kettle__scene_216,wildrgbd_harrison/kettle/scene_216,wildrgbd_harrison,wildrgbd_harrison:kettle,wildrgbd_rgb_depth_npz_pose,sensor_depth_png,npz_camera_pose,100,100,12,/home/m/dataset/ltm_datasets/wildrgbd_harrison/kettle/scenes/scene_216
wildrgbd_harrison__keyboard__scene_015,wildrgbd_harrison/keyboard/scene_015,wildrgbd_harrison,wildrgbd_harrison:keyboard,wildrgbd_rgb_depth_npz_pose,sensor_depth_png,npz_camera_pose,100,100,12,/home/m/dataset/ltm_datasets/wildrgbd_harrison/keyboard/scenes/scene_015
wildrgbd_harrison__keyboard__scene_022,wildrgbd_harrison/keyboard/scene_022,wildrgbd_harrison,wildrgbd_harrison:keyboard,wildrgbd_rgb_depth_npz_pose,sensor_depth_png,npz_camera_pose,100,100,12,/home/m/dataset/ltm_datasets/wildrgbd_harrison/keyboard/scenes/scene_022
wildrgbd_harrison__keyboard__scene_204,wildrgbd_harrison/keyboard/scene_204,wildrgbd_harrison,wildrgbd_harrison:keyboard,wildrgbd_rgb_depth_npz_pose,sensor_depth_png,npz_camera_pose,100,100,12,/home/m/dataset/ltm_datasets/wildrgbd_harrison/keyboard/scenes/scene_204
wildrgbd_harrison__keyboard__scene_344,wildrgbd_harrison/keyboard/scene_344,wildrgbd_harrison,wildrgbd_harrison:keyboard,wildrgbd_rgb_depth_npz_pose,sensor_depth_png,npz_camera_pose,100,100,12,/home/m/dataset/ltm_datasets/wildrgbd_harrison/keyboard/scenes/scene_344
wildrgbd_harrison__knife__scene_219,wildrgbd_harrison/knife/scene_219,wildrgbd_harrison,wildrgbd_harrison:knife,wildrgbd_rgb_depth_npz_pose,sensor_depth_png,npz_camera_pose,100,100,12,/home/m/dataset/ltm_datasets/wildrgbd_harrison/knife/scenes/scene_219
wildrgbd_harrison__knife__scene_491,wildrgbd_harrison/knife/scene_491,wildrgbd_harrison,wildrgbd_harrison:knife,wildrgbd_rgb_depth_npz_pose,sensor_depth_png,npz_camera_pose,100,100,12,/home/m/dataset/ltm_datasets/wildrgbd_harrison/knife/scenes/scene_491
wildrgbd_harrison__microwave__scene_004,wildrgbd_harrison/microwave/scene_004,wildrgbd_harrison,wildrgbd_harrison:microwave,wildrgbd_rgb_depth_npz_pose,sensor_depth_png,npz_camera_pose,100,100,12,/home/m/dataset/ltm_datasets/wildrgbd_harrison/microwave/scenes/scene_004
wildrgbd_harrison__microwave__scene_012,wildrgbd_harrison/microwave/scene_012,wildrgbd_harrison,wildrgbd_harrison:microwave,wildrgbd_rgb_depth_npz_pose,sensor_depth_png,npz_camera_pose,100,100,12,/home/m/dataset/ltm_datasets/wildrgbd_harrison/microwave/scenes/scene_012
wildrgbd_harrison__microwave__scene_033,wildrgbd_harrison/microwave/scene_033,wildrgbd_harrison,wildrgbd_harrison:microwave,wildrgbd_rgb_depth_npz_pose,sensor_depth_png,npz_camera_pose,100,100,12,/home/m/dataset/ltm_datasets/wildrgbd_harrison/microwave/scenes/scene_033
wildrgbd_harrison__microwave__scene_088,wildrgbd_harrison/microwave/scene_088,wildrgbd_harrison,wildrgbd_harrison:microwave,wildrgbd_rgb_depth_npz_pose,sensor_depth_png,npz_camera_pose,100,100,12,/home/m/dataset/ltm_datasets/wildrgbd_harrison/microwave/scenes/scene_088
wildrgbd_harrison__microwave__scene_105,wildrgbd_harrison/microwave/scene_105,wildrgbd_harrison,wildrgbd_harrison:microwave,wildrgbd_rgb_depth_npz_pose,sensor_depth_png,npz_camera_pose,100,100,12,/home/m/dataset/ltm_datasets/wildrgbd_harrison/microwave/scenes/scene_105
wildrgbd_harrison__microwave__scene_186,wildrgbd_harrison/microwave/scene_186,wildrgbd_harrison,wildrgbd_harrison:microwave,wildrgbd_rgb_depth_npz_pose,sensor_depth_png,npz_camera_pose,100,100,12,/home/m/dataset/ltm_datasets/wildrgbd_harrison/microwave/scenes/scene_186
wildrgbd_harrison__microwave__scene_190,wildrgbd_harrison/microwave/scene_190,wildrgbd_harrison,wildrgbd_harrison:microwave,wildrgbd_rgb_depth_npz_pose,sensor_depth_png,npz_camera_pose,100,100,12,/home/m/dataset/ltm_datasets/wildrgbd_harrison/microwave/scenes/scene_190
wildrgbd_harrison__mouse__scene_114,wildrgbd_harrison/mouse/scene_114,wildrgbd_harrison,wildrgbd_harrison:mouse,wildrgbd_rgb_depth_npz_pose,sensor_depth_png,npz_camera_pose,100,100,12,/home/m/dataset/ltm_datasets/wildrgbd_harrison/mouse/scenes/scene_114
wildrgbd_harrison__mouse__scene_139,wildrgbd_harrison/mouse/scene_139,wildrgbd_harrison,wildrgbd_harrison:mouse,wildrgbd_rgb_depth_npz_pose,sensor_depth_png,npz_camera_pose,100,100,12,/home/m/dataset/ltm_datasets/wildrgbd_harrison/mouse/scenes/scene_139
wildrgbd_harrison__mouse__scene_352,wildrgbd_harrison/mouse/scene_352,wildrgbd_harrison,wildrgbd_harrison:mouse,wildrgbd_rgb_depth_npz_pose,sensor_depth_png,npz_camera_pose,100,100,12,/home/m/dataset/ltm_datasets/wildrgbd_harrison/mouse/scenes/scene_352
wildrgbd_harrison__orange__scene_130,wildrgbd_harrison/orange/scene_130,wildrgbd_harrison,wildrgbd_harrison:orange,wildrgbd_rgb_depth_npz_pose,sensor_depth_png,npz_camera_pose,100,100,12,/home/m/dataset/ltm_datasets/wildrgbd_harrison/orange/scenes/scene_130
wildrgbd_harrison__peach__scene_014,wildrgbd_harrison/peach/scene_014,wildrgbd_harrison,wildrgbd_harrison:peach,wildrgbd_rgb_depth_npz_pose,sensor_depth_png,npz_camera_pose,100,100,12,/home/m/dataset/ltm_datasets/wildrgbd_harrison/peach/scenes/scene_014
wildrgbd_harrison__peach__scene_096,wildrgbd_harrison/peach/scene_096,wildrgbd_harrison,wildrgbd_harrison:peach,wildrgbd_rgb_depth_npz_pose,sensor_depth_png,npz_camera_pose,100,100,12,/home/m/dataset/ltm_datasets/wildrgbd_harrison/peach/scenes/scene_096
wildrgbd_harrison__peach__scene_177,wildrgbd_harrison/peach/scene_177,wildrgbd_harrison,wildrgbd_harrison:peach,wildrgbd_rgb_depth_npz_pose,sensor_depth_png,npz_camera_pose,100,100,12,/home/m/dataset/ltm_datasets/wildrgbd_harrison/peach/scenes/scene_177
wildrgbd_harrison__pear__scene_049,wildrgbd_harrison/pear/scene_049,wildrgbd_harrison,wildrgbd_harrison:pear,wildrgbd_rgb_depth_npz_pose,sensor_depth_png,npz_camera_pose,100,100,12,/home/m/dataset/ltm_datasets/wildrgbd_harrison/pear/scenes/scene_049
wildrgbd_harrison__pear__scene_091,wildrgbd_harrison/pear/scene_091,wildrgbd_harrison,wildrgbd_harrison:pear,wildrgbd_rgb_depth_npz_pose,sensor_depth_png,npz_camera_pose,100,100,12,/home/m/dataset/ltm_datasets/wildrgbd_harrison/pear/scenes/scene_091
wildrgbd_harrison__pear__scene_118,wildrgbd_harrison/pear/scene_118,wildrgbd_harrison,wildrgbd_harrison:pear,wildrgbd_rgb_depth_npz_pose,sensor_depth_png,npz_camera_pose,100,100,12,/home/m/dataset/ltm_datasets/wildrgbd_harrison/pear/scenes/scene_118
wildrgbd_harrison__pliers__scene_029,wildrgbd_harrison/pliers/scene_029,wildrgbd_harrison,wildrgbd_harrison:pliers,wildrgbd_rgb_depth_npz_pose,sensor_depth_png,npz_camera_pose,100,100,12,/home/m/dataset/ltm_datasets/wildrgbd_harrison/pliers/scenes/scene_029
wildrgbd_harrison__pliers__scene_265,wildrgbd_harrison/pliers/scene_265,wildrgbd_harrison,wildrgbd_harrison:pliers,wildrgbd_rgb_depth_npz_pose,sensor_depth_png,npz_camera_pose,100,100,12,/home/m/dataset/ltm_datasets/wildrgbd_harrison/pliers/scenes/scene_265
wildrgbd_harrison__potato__scene_024,wildrgbd_harrison/potato/scene_024,wildrgbd_harrison,wildrgbd_harrison:potato,wildrgbd_rgb_depth_npz_pose,sensor_depth_png,npz_camera_pose,100,100,12,/home/m/dataset/ltm_datasets/wildrgbd_harrison/potato/scenes/scene_024
wildrgbd_harrison__potato__scene_049,wildrgbd_harrison/potato/scene_049,wildrgbd_harrison,wildrgbd_harrison:potato,wildrgbd_rgb_depth_npz_pose,sensor_depth_png,npz_camera_pose,100,100,12,/home/m/dataset/ltm_datasets/wildrgbd_harrison/potato/scenes/scene_049
wildrgbd_harrison__potato__scene_050,wildrgbd_harrison/potato/scene_050,wildrgbd_harrison,wildrgbd_harrison:potato,wildrgbd_rgb_depth_npz_pose,sensor_depth_png,npz_camera_pose,100,100,12,/home/m/dataset/ltm_datasets/wildrgbd_harrison/potato/scenes/scene_050
wildrgbd_harrison__potato__scene_090,wildrgbd_harrison/potato/scene_090,wildrgbd_harrison,wildrgbd_harrison:potato,wildrgbd_rgb_depth_npz_pose,sensor_depth_png,npz_camera_pose,100,100,12,/home/m/dataset/ltm_datasets/wildrgbd_harrison/potato/scenes/scene_090
wildrgbd_harrison__potato__scene_133,wildrgbd_harrison/potato/scene_133,wildrgbd_harrison,wildrgbd_harrison:potato,wildrgbd_rgb_depth_npz_pose,sensor_depth_png,npz_camera_pose,100,100,12,/home/m/dataset/ltm_datasets/wildrgbd_harrison/potato/scenes/scene_133
wildrgbd_harrison__razor__scene_145,wildrgbd_harrison/razor/scene_145,wildrgbd_harrison,wildrgbd_harrison:razor,wildrgbd_rgb_depth_npz_pose,sensor_depth_png,npz_camera_pose,100,100,12,/home/m/dataset/ltm_datasets/wildrgbd_harrison/razor/scenes/scene_145
wildrgbd_harrison__razor__scene_186,wildrgbd_harrison/razor/scene_186,wildrgbd_harrison,wildrgbd_harrison:razor,wildrgbd_rgb_depth_npz_pose,sensor_depth_png,npz_camera_pose,100,100,12,/home/m/dataset/ltm_datasets/wildrgbd_harrison/razor/scenes/scene_186
wildrgbd_harrison__razor__scene_209,wildrgbd_harrison/razor/scene_209,wildrgbd_harrison,wildrgbd_harrison:razor,wildrgbd_rgb_depth_npz_pose,sensor_depth_png,npz_camera_pose,100,100,12,/home/m/dataset/ltm_datasets/wildrgbd_harrison/razor/scenes/scene_209
wildrgbd_harrison__razor__scene_253,wildrgbd_harrison/razor/scene_253,wildrgbd_harrison,wildrgbd_harrison:razor,wildrgbd_rgb_depth_npz_pose,sensor_depth_png,npz_camera_pose,100,100,12,/home/m/dataset/ltm_datasets/wildrgbd_harrison/razor/scenes/scene_253
wildrgbd_harrison__remote_control__scene_037,wildrgbd_harrison/remote_control/scene_037,wildrgbd_harrison,wildrgbd_harrison:remote_control,wildrgbd_rgb_depth_npz_pose,sensor_depth_png,npz_camera_pose,100,100,12,/home/m/dataset/ltm_datasets/wildrgbd_harrison/remote_control/scenes/scene_037
wildrgbd_harrison__remote_control__scene_046,wildrgbd_harrison/remote_control/scene_046,wildrgbd_harrison,wildrgbd_harrison:remote_control,wildrgbd_rgb_depth_npz_pose,sensor_depth_png,npz_camera_pose,100,100,12,/home/m/dataset/ltm_datasets/wildrgbd_harrison/remote_control/scenes/scene_046
wildrgbd_harrison__remote_control__scene_170,wildrgbd_harrison/remote_control/scene_170,wildrgbd_harrison,wildrgbd_harrison:remote_control,wildrgbd_rgb_depth_npz_pose,sensor_depth_png,npz_camera_pose,100,100,12,/home/m/dataset/ltm_datasets/wildrgbd_harrison/remote_control/scenes/scene_170
wildrgbd_harrison__scissor__scene_011,wildrgbd_harrison/scissor/scene_011,wildrgbd_harrison,wildrgbd_harrison:scissor,wildrgbd_rgb_depth_npz_pose,sensor_depth_png,npz_camera_pose,100,100,12,/home/m/dataset/ltm_datasets/wildrgbd_harrison/scissor/scenes/scene_011
wildrgbd_harrison__scissor__scene_233,wildrgbd_harrison/scissor/scene_233,wildrgbd_harrison,wildrgbd_harrison:scissor,wildrgbd_rgb_depth_npz_pose,sensor_depth_png,npz_camera_pose,100,100,12,/home/m/dataset/ltm_datasets/wildrgbd_harrison/scissor/scenes/scene_233
wildrgbd_harrison__scissor__scene_463,wildrgbd_harrison/scissor/scene_463,wildrgbd_harrison,wildrgbd_harrison:scissor,wildrgbd_rgb_depth_npz_pose,sensor_depth_png,npz_camera_pose,100,100,12,/home/m/dataset/ltm_datasets/wildrgbd_harrison/scissor/scenes/scene_463
wildrgbd_harrison__scissor__scene_564,wildrgbd_harrison/scissor/scene_564,wildrgbd_harrison,wildrgbd_harrison:scissor,wildrgbd_rgb_depth_npz_pose,sensor_depth_png,npz_camera_pose,100,100,12,/home/m/dataset/ltm_datasets/wildrgbd_harrison/scissor/scenes/scene_564
wildrgbd_harrison__shoe__scene_011,wildrgbd_harrison/shoe/scene_011,wildrgbd_harrison,wildrgbd_harrison:shoe,wildrgbd_rgb_depth_npz_pose,sensor_depth_png,npz_camera_pose,100,100,12,/home/m/dataset/ltm_datasets/wildrgbd_harrison/shoe/scenes/scene_011
wildrgbd_harrison__shoe__scene_102,wildrgbd_harrison/shoe/scene_102,wildrgbd_harrison,wildrgbd_harrison:shoe,wildrgbd_rgb_depth_npz_pose,sensor_depth_png,npz_camera_pose,100,100,12,/home/m/dataset/ltm_datasets/wildrgbd_harrison/shoe/scenes/scene_102
wildrgbd_harrison__shoe__scene_263,wildrgbd_harrison/shoe/scene_263,wildrgbd_harrison,wildrgbd_harrison:shoe,wildrgbd_rgb_depth_npz_pose,sensor_depth_png,npz_camera_pose,100,100,12,/home/m/dataset/ltm_datasets/wildrgbd_harrison/shoe/scenes/scene_263
wildrgbd_harrison__stuffed_toy__scene_007,wildrgbd_harrison/stuffed_toy/scene_007,wildrgbd_harrison,wildrgbd_harrison:stuffed_toy,wildrgbd_rgb_depth_npz_pose,sensor_depth_png,npz_camera_pose,100,100,12,/home/m/dataset/ltm_datasets/wildrgbd_harrison/stuffed_toy/scenes/scene_007
wildrgbd_harrison__stuffed_toy__scene_239,wildrgbd_harrison/stuffed_toy/scene_239,wildrgbd_harrison,wildrgbd_harrison:stuffed_toy,wildrgbd_rgb_depth_npz_pose,sensor_depth_png,npz_camera_pose,100,100,12,/home/m/dataset/ltm_datasets/wildrgbd_harrison/stuffed_toy/scenes/scene_239
wildrgbd_harrison__stuffed_toy__scene_254,wildrgbd_harrison/stuffed_toy/scene_254,wildrgbd_harrison,wildrgbd_harrison:stuffed_toy,wildrgbd_rgb_depth_npz_pose,sensor_depth_png,npz_camera_pose,100,100,12,/home/m/dataset/ltm_datasets/wildrgbd_harrison/stuffed_toy/scenes/scene_254
wildrgbd_harrison__stuffed_toy__scene_424,wildrgbd_harrison/stuffed_toy/scene_424,wildrgbd_harrison,wildrgbd_harrison:stuffed_toy,wildrgbd_rgb_depth_npz_pose,sensor_depth_png,npz_camera_pose,100,100,12,/home/m/dataset/ltm_datasets/wildrgbd_harrison/stuffed_toy/scenes/scene_424
wildrgbd_harrison__stuffed_toy__scene_436,wildrgbd_harrison/stuffed_toy/scene_436,wildrgbd_harrison,wildrgbd_harrison:stuffed_toy,wildrgbd_rgb_depth_npz_pose,sensor_depth_png,npz_camera_pose,100,100,12,/home/m/dataset/ltm_datasets/wildrgbd_harrison/stuffed_toy/scenes/scene_436
wildrgbd_harrison__tomato__scene_024,wildrgbd_harrison/tomato/scene_024,wildrgbd_harrison,wildrgbd_harrison:tomato,wildrgbd_rgb_depth_npz_pose,sensor_depth_png,npz_camera_pose,100,100,12,/home/m/dataset/ltm_datasets/wildrgbd_harrison/tomato/scenes/scene_024
wildrgbd_harrison__tomato__scene_029,wildrgbd_harrison/tomato/scene_029,wildrgbd_harrison,wildrgbd_harrison:tomato,wildrgbd_rgb_depth_npz_pose,sensor_depth_png,npz_camera_pose,100,100,12,/home/m/dataset/ltm_datasets/wildrgbd_harrison/tomato/scenes/scene_029
wildrgbd_harrison__tomato__scene_073,wildrgbd_harrison/tomato/scene_073,wildrgbd_harrison,wildrgbd_harrison:tomato,wildrgbd_rgb_depth_npz_pose,sensor_depth_png,npz_camera_pose,100,100,12,/home/m/dataset/ltm_datasets/wildrgbd_harrison/tomato/scenes/scene_073
wildrgbd_harrison__tomato__scene_096,wildrgbd_harrison/tomato/scene_096,wildrgbd_harrison,wildrgbd_harrison:tomato,wildrgbd_rgb_depth_npz_pose,sensor_depth_png,npz_camera_pose,100,100,12,/home/m/dataset/ltm_datasets/wildrgbd_harrison/tomato/scenes/scene_096
wildrgbd_harrison__tomato__scene_133,wildrgbd_harrison/tomato/scene_133,wildrgbd_harrison,wildrgbd_harrison:tomato,wildrgbd_rgb_depth_npz_pose,sensor_depth_png,npz_camera_pose,100,100,12,/home/m/dataset/ltm_datasets/wildrgbd_harrison/tomato/scenes/scene_133
wildrgbd_harrison__tomato__scene_159,wildrgbd_harrison/tomato/scene_159,wildrgbd_harrison,wildrgbd_harrison:tomato,wildrgbd_rgb_depth_npz_pose,sensor_depth_png,npz_camera_pose,100,100,12,/home/m/dataset/ltm_datasets/wildrgbd_harrison/tomato/scenes/scene_159
wildrgbd_harrison__tomato__scene_183,wildrgbd_harrison/tomato/scene_183,wildrgbd_harrison,wildrgbd_harrison:tomato,wildrgbd_rgb_depth_npz_pose,sensor_depth_png,npz_camera_pose,100,100,12,/home/m/dataset/ltm_datasets/wildrgbd_harrison/tomato/scenes/scene_183
