scene_key,dataset,source_group,format,depth_kind,pose_kind,eligible_frame_count,full_count,scene_root
DL3DV-ALL-480P/10K_extracted/976447ba2e97db48db6c5245f6d8d95e38fe5ea06e9a56e292b5cb6f50960b00,DL3DV-ALL-480P,DL3DV-ALL-480P,nerf_transforms_images8_colmap_depth,colmap_photometric_bin,transforms_json_opengl_c2w,80,16,/home/m/dataset/ltm_datasets/DL3DV-ALL-480P/10K_extracted/976447ba2e97db48db6c5245f6d8d95e38fe5ea06e9a56e292b5cb6f50960b00
DL3DV-ALL-480P/10K_extracted/9779c77917d6990177bd796c72f59d2a66018a2403406f2c0d9f0edb4e1bc098,DL3DV-ALL-480P,DL3DV-ALL-480P,nerf_transforms_images8_colmap_depth,colmap_photometric_bin,transforms_json_opengl_c2w,80,16,/home/m/dataset/ltm_datasets/DL3DV-ALL-480P/10K_extracted/9779c77917d6990177bd796c72f59d2a66018a2403406f2c0d9f0edb4e1bc098
DL3DV-ALL-480P/10K_extracted/97a61765a05baff1891ef1c8adb3e7e85231d7992668f9cc2e5cf01f480aa7c4,DL3DV-ALL-480P,DL3DV-ALL-480P,nerf_transforms_images8_colmap_depth,colmap_photometric_bin,transforms_json_opengl_c2w,80,16,/home/m/dataset/ltm_datasets/DL3DV-ALL-480P/10K_extracted/97a61765a05baff1891ef1c8adb3e7e85231d7992668f9cc2e5cf01f480aa7c4
DL3DV-ALL-480P/10K_extracted/97cb739ab732aba61332c4a710605a16cf2eefcb3f9986067b26cc40db373737,DL3DV-ALL-480P,DL3DV-ALL-480P,nerf_transforms_images8_colmap_depth,colmap_photometric_bin,transforms_json_opengl_c2w,80,16,/home/m/dataset/ltm_datasets/DL3DV-ALL-480P/10K_extracted/97cb739ab732aba61332c4a710605a16cf2eefcb3f9986067b26cc40db373737
DL3DV-ALL-480P/10K_extracted/98c131f76b72886e98eb22397f22d2001e8a667cf91b89df4f61194756f6dea3,DL3DV-ALL-480P,DL3DV-ALL-480P,nerf_transforms_images8_colmap_depth,colmap_photometric_bin,transforms_json_opengl_c2w,80,16,/home/m/dataset/ltm_datasets/DL3DV-ALL-480P/10K_extracted/98c131f76b72886e98eb22397f22d2001e8a667cf91b89df4f61194756f6dea3
DL3DV-ALL-480P/10K_extracted/9921e9d5dade9ece5abc91c27eb487a2ea5b3924f299278eeab972193d4799c5,DL3DV-ALL-480P,DL3DV-ALL-480P,nerf_transforms_images8_colmap_depth,colmap_photometric_bin,transforms_json_opengl_c2w,80,16,/home/m/dataset/ltm_datasets/DL3DV-ALL-480P/10K_extracted/9921e9d5dade9ece5abc91c27eb487a2ea5b3924f299278eeab972193d4799c5
DL3DV-ALL-480P/10K_extracted/996e46c8b2ee2c0cae0693eba6b08d111c0825c224c425bfea24f6b625ada7a0,DL3DV-ALL-480P,DL3DV-ALL-480P,nerf_transforms_images8_colmap_depth,colmap_photometric_bin,transforms_json_opengl_c2w,80,16,/home/m/dataset/ltm_datasets/DL3DV-ALL-480P/10K_extracted/996e46c8b2ee2c0cae0693eba6b08d111c0825c224c425bfea24f6b625ada7a0
DL3DV-ALL-480P/10K_extracted/9a9d9ad74705265cee75c018beac4ed1c144ae1debf082dc558b3353306eb732,DL3DV-ALL-480P,DL3DV-ALL-480P,nerf_transforms_images8_colmap_depth,colmap_photometric_bin,transforms_json_opengl_c2w,80,16,/home/m/dataset/ltm_datasets/DL3DV-ALL-480P/10K_extracted/9a9d9ad74705265cee75c018beac4ed1c144ae1debf082dc558b3353306eb732
DL3DV-ALL-480P/10K_extracted/9aaa19b7b5382820caa99bab3292c2cbc9030bdfbb500ee4773a5d1adc307770,DL3DV-ALL-480P,DL3DV-ALL-480P,nerf_transforms_images8_colmap_depth,colmap_photometric_bin,transforms_json_opengl_c2w,80,16,/home/m/dataset/ltm_datasets/DL3DV-ALL-480P/10K_extracted/9aaa19b7b5382820caa99bab3292c2cbc9030bdfbb500ee4773a5d1adc307770
DL3DV-ALL-480P/10K_extracted/9b31aaf5a9e4da1ac28b53a22029a5e0ffae7fdd867a8c671c5f565bac5d4346,DL3DV-ALL-480P,DL3DV-ALL-480P,nerf_transforms_images8_colmap_depth,colmap_photometric_bin,transforms_json_opengl_c2w,80,16,/home/m/dataset/ltm_datasets/DL3DV-ALL-480P/10K_extracted/9b31aaf5a9e4da1ac28b53a22029a5e0ffae7fdd867a8c671c5f565bac5d4346
DL3DV-ALL-480P/10K_extracted/9b3bb8bd9118cccbdb50b217cc70d0eea57a31c10730453ab5ed996cc8b14285,DL3DV-ALL-480P,DL3DV-ALL-480P,nerf_transforms_images8_colmap_depth,colmap_photometric_bin,transforms_json_opengl_c2w,80,16,/home/m/dataset/ltm_datasets/DL3DV-ALL-480P/10K_extracted/9b3bb8bd9118cccbdb50b217cc70d0eea57a31c10730453ab5ed996cc8b14285
DL3DV-ALL-480P/10K_extracted/9b9050cb9ee1054e5d04d07297c29394dd12a67b32555e80aca8d14a69decb5c,DL3DV-ALL-480P,DL3DV-ALL-480P,nerf_transforms_images8_colmap_depth,colmap_photometric_bin,transforms_json_opengl_c2w,80,16,/home/m/dataset/ltm_datasets/DL3DV-ALL-480P/10K_extracted/9b9050cb9ee1054e5d04d07297c29394dd12a67b32555e80aca8d14a69decb5c
DL3DV-ALL-480P/10K_extracted/9ba50e63bcd036100552ca389b8733b479b29715b2b7f452c0cfe0e22dc54546,DL3DV-ALL-480P,DL3DV-ALL-480P,nerf_transforms_images8_colmap_depth,colmap_photometric_bin,transforms_json_opengl_c2w,80,16,/home/m/dataset/ltm_datasets/DL3DV-ALL-480P/10K_extracted/9ba50e63bcd036100552ca389b8733b479b29715b2b7f452c0cfe0e22dc54546
DL3DV-ALL-480P/10K_extracted/9c141498c817249315734c6fbe9c3d598cd122cfe677cd98ff8469e76153a748,DL3DV-ALL-480P,DL3DV-ALL-480P,nerf_transforms_images8_colmap_depth,colmap_photometric_bin,transforms_json_opengl_c2w,80,16,/home/m/dataset/ltm_datasets/DL3DV-ALL-480P/10K_extracted/9c141498c817249315734c6fbe9c3d598cd122cfe677cd98ff8469e76153a748
DL3DV-ALL-480P/10K_extracted/9c8c0e0fadd97abf60088f667eba058ef077a71a8c0f5a4eff2782aa97f1ceb8,DL3DV-ALL-480P,DL3DV-ALL-480P,nerf_transforms_images8_colmap_depth,colmap_photometric_bin,transforms_json_opengl_c2w,80,16,/home/m/dataset/ltm_datasets/DL3DV-ALL-480P/10K_extracted/9c8c0e0fadd97abf60088f667eba058ef077a71a8c0f5a4eff2782aa97f1ceb8
DL3DV-ALL-480P/10K_extracted/9cc6ad4a9e4e6b1e7e4118af53d99c98dbe58893075e81412aee4041121f9a16,DL3DV-ALL-480P,DL3DV-ALL-480P,nerf_transforms_images8_colmap_depth,colmap_photometric_bin,transforms_json_opengl_c2w,80,16,/home/m/dataset/ltm_datasets/DL3DV-ALL-480P/10K_extracted/9cc6ad4a9e4e6b1e7e4118af53d99c98dbe58893075e81412aee4041121f9a16
DL3DV-ALL-480P/10K_extracted/9d323754bcbb4f036f5611eb760462542c3ef0527ec8d4a808adf691b0c53ea0,DL3DV-ALL-480P,DL3DV-ALL-480P,nerf_transforms_images8_colmap_depth,colmap_photometric_bin,transforms_json_opengl_c2w,80,16,/home/m/dataset/ltm_datasets/DL3DV-ALL-480P/10K_extracted/9d323754bcbb4f036f5611eb760462542c3ef0527ec8d4a808adf691b0c53ea0
DL3DV-ALL-480P/10K_extracted/9d54ee2753b0e45a3f455a7711bf855687c5d6dccfef463247f613f82192c789,DL3DV-ALL-480P,DL3DV-ALL-480P,nerf_transforms_images8_colmap_depth,colmap_photometric_bin,transforms_json_opengl_c2w,80,16,/home/m/dataset/ltm_datasets/DL3DV-ALL-480P/10K_extracted/9d54ee2753b0e45a3f455a7711bf855687c5d6dccfef463247f613f82192c789
DL3DV-ALL-480P/10K_extracted/9e45b8f1628703bb3061719df9fff6baa70971c779abe3ebf58fc7130921625d,DL3DV-ALL-480P,DL3DV-ALL-480P,nerf_transforms_images8_colmap_depth,colmap_photometric_bin,transforms_json_opengl_c2w,80,16,/home/m/dataset/ltm_datasets/DL3DV-ALL-480P/10K_extracted/9e45b8f1628703bb3061719df9fff6baa70971c779abe3ebf58fc7130921625d
DL3DV-ALL-480P/10K_extracted/9ea237f774d4c52fbdbe29aabd7614f7ac2e753c80940f2893d226fe95e2f662,DL3DV-ALL-480P,DL3DV-ALL-480P,nerf_transforms_images8_colmap_depth,colmap_photometric_bin,transforms_json_opengl_c2w,80,16,/home/m/dataset/ltm_datasets/DL3DV-ALL-480P/10K_extracted/9ea237f774d4c52fbdbe29aabd7614f7ac2e753c80940f2893d226fe95e2f662
DL3DV-ALL-480P/10K_extracted/9efeef19130e667f2252ef6bfb1301efbaa492fde9fd8e46c03d0e1f8dc3e775,DL3DV-ALL-480P,DL3DV-ALL-480P,nerf_transforms_images8_colmap_depth,colmap_photometric_bin,transforms_json_opengl_c2w,80,16,/home/m/dataset/ltm_datasets/DL3DV-ALL-480P/10K_extracted/9efeef19130e667f2252ef6bfb1301efbaa492fde9fd8e46c03d0e1f8dc3e775
DL3DV-ALL-480P/10K_extracted/9f36659117da4b976a832a5eaf8b96350834d87fc4acea73131b178ed17cb644,DL3DV-ALL-480P,DL3DV-ALL-480P,nerf_transforms_images8_colmap_depth,colmap_photometric_bin,transforms_json_opengl_c2w,80,16,/home/m/dataset/ltm_datasets/DL3DV-ALL-480P/10K_extracted/9f36659117da4b976a832a5eaf8b96350834d87fc4acea73131b178ed17cb644
DL3DV-ALL-480P/10K_extracted/9f45cbdc44e8f47b81fe81d887a4f0c3b52e8fecaa48a19cea89e673e205886c,DL3DV-ALL-480P,DL3DV-ALL-480P,nerf_transforms_images8_colmap_depth,colmap_photometric_bin,transforms_json_opengl_c2w,80,16,/home/m/dataset/ltm_datasets/DL3DV-ALL-480P/10K_extracted/9f45cbdc44e8f47b81fe81d887a4f0c3b52e8fecaa48a19cea89e673e205886c
DL3DV-ALL-480P/10K_extracted/9f53e5bedb61d2d17c3b4397b9af1c91f9a911abf3a09b149ae1f91c0e201579,DL3DV-ALL-480P,DL3DV-ALL-480P,nerf_transforms_images8_colmap_depth,colmap_photometric_bin,transforms_json_opengl_c2w,80,16,/home/m/dataset/ltm_datasets/DL3DV-ALL-480P/10K_extracted/9f53e5bedb61d2d17c3b4397b9af1c91f9a911abf3a09b149ae1f91c0e201579
DL3DV-ALL-480P/10K_extracted/9f9d6b571fde9bfb25a7c18c7b200de240da17a49b5c6e0eca4fbe04b054528d,DL3DV-ALL-480P,DL3DV-ALL-480P,nerf_transforms_images8_colmap_depth,colmap_photometric_bin,transforms_json_opengl_c2w,80,16,/home/m/dataset/ltm_datasets/DL3DV-ALL-480P/10K_extracted/9f9d6b571fde9bfb25a7c18c7b200de240da17a49b5c6e0eca4fbe04b054528d
DL3DV-ALL-480P/10K_extracted/a00506bbdd455601fb2519e977588930d3d22389124aaf81f540778e8aca56c8,DL3DV-ALL-480P,DL3DV-ALL-480P,nerf_transforms_images8_colmap_depth,colmap_photometric_bin,transforms_json_opengl_c2w,80,16,/home/m/dataset/ltm_datasets/DL3DV-ALL-480P/10K_extracted/a00506bbdd455601fb2519e977588930d3d22389124aaf81f540778e8aca56c8
DL3DV-ALL-480P/10K_extracted/a013c322c3c8faf426affe33b18bbd5e841b6844bf7e72253dc26dfc6fe4f3d2,DL3DV-ALL-480P,DL3DV-ALL-480P,nerf_transforms_images8_colmap_depth,colmap_photometric_bin,transforms_json_opengl_c2w,80,16,/home/m/dataset/ltm_datasets/DL3DV-ALL-480P/10K_extracted/a013c322c3c8faf426affe33b18bbd5e841b6844bf7e72253dc26dfc6fe4f3d2
DL3DV-ALL-480P/10K_extracted/a141d53dc0f0cf2c1aa2dc9dd3a9ecb132c967e92e1f3af013ce62984ca82cb2,DL3DV-ALL-480P,DL3DV-ALL-480P,nerf_transforms_images8_colmap_depth,colmap_photometric_bin,transforms_json_opengl_c2w,80,16,/home/m/dataset/ltm_datasets/DL3DV-ALL-480P/10K_extracted/a141d53dc0f0cf2c1aa2dc9dd3a9ecb132c967e92e1f3af013ce62984ca82cb2
DL3DV-ALL-480P/10K_extracted/a19afa7dae49989433ec996079ad19065814e396630cad9d47a24dcf34e0ed7c,DL3DV-ALL-480P,DL3DV-ALL-480P,nerf_transforms_images8_colmap_depth,colmap_photometric_bin,transforms_json_opengl_c2w,80,16,/home/m/dataset/ltm_datasets/DL3DV-ALL-480P/10K_extracted/a19afa7dae49989433ec996079ad19065814e396630cad9d47a24dcf34e0ed7c
DL3DV-ALL-480P/10K_extracted/a19b532d619f7c25ebc399b7f2073b1467d4b97cb3b8cbc1e1af010bc8355ee8,DL3DV-ALL-480P,DL3DV-ALL-480P,nerf_transforms_images8_colmap_depth,colmap_photometric_bin,transforms_json_opengl_c2w,80,16,/home/m/dataset/ltm_datasets/DL3DV-ALL-480P/10K_extracted/a19b532d619f7c25ebc399b7f2073b1467d4b97cb3b8cbc1e1af010bc8355ee8
DL3DV-ALL-480P/10K_extracted/a23ca8a76d35cd0178505f38ea66601cb5a7bab13becd93b90ac66c66e207e04,DL3DV-ALL-480P,DL3DV-ALL-480P,nerf_transforms_images8_colmap_depth,colmap_photometric_bin,transforms_json_opengl_c2w,80,16,/home/m/dataset/ltm_datasets/DL3DV-ALL-480P/10K_extracted/a23ca8a76d35cd0178505f38ea66601cb5a7bab13becd93b90ac66c66e207e04
DL3DV-ALL-480P/10K_extracted/a28d21c588f13e8bf51eb91062d7850052f0ecd748b7ab1ecdc98a2d08dda114,DL3DV-ALL-480P,DL3DV-ALL-480P,nerf_transforms_images8_colmap_depth,colmap_photometric_bin,transforms_json_opengl_c2w,80,16,/home/m/dataset/ltm_datasets/DL3DV-ALL-480P/10K_extracted/a28d21c588f13e8bf51eb91062d7850052f0ecd748b7ab1ecdc98a2d08dda114
DL3DV-ALL-480P/10K_extracted/a2ff43318ac51b73facd443a7fbbc700cd46a28e9ab0a4c7c118b1146226540c,DL3DV-ALL-480P,DL3DV-ALL-480P,nerf_transforms_images8_colmap_depth,colmap_photometric_bin,transforms_json_opengl_c2w,80,16,/home/m/dataset/ltm_datasets/DL3DV-ALL-480P/10K_extracted/a2ff43318ac51b73facd443a7fbbc700cd46a28e9ab0a4c7c118b1146226540c
DL3DV-ALL-480P/10K_extracted/a3149af06a70ab8e2d2ab6f73fb5ea734c006fb78354ff74ec30f1deabf72663,DL3DV-ALL-480P,DL3DV-ALL-480P,nerf_transforms_images8_colmap_depth,colmap_photometric_bin,transforms_json_opengl_c2w,80,16,/home/m/dataset/ltm_datasets/DL3DV-ALL-480P/10K_extracted/a3149af06a70ab8e2d2ab6f73fb5ea734c006fb78354ff74ec30f1deabf72663
DL3DV-ALL-480P/10K_extracted/a32d90c0426696df921f2428be4c2745e51b296af2c406043fb1924b1bb5480d,DL3DV-ALL-480P,DL3DV-ALL-480P,nerf_transforms_images8_colmap_depth,colmap_photometric_bin,transforms_json_opengl_c2w,80,16,/home/m/dataset/ltm_datasets/DL3DV-ALL-480P/10K_extracted/a32d90c0426696df921f2428be4c2745e51b296af2c406043fb1924b1bb5480d
DL3DV-ALL-480P/10K_extracted/a4172332ae0635c0087ab8262f51cbd14cd681786754a7501b327165e6c3ca6c,DL3DV-ALL-480P,DL3DV-ALL-480P,nerf_transforms_images8_colmap_depth,colmap_photometric_bin,transforms_json_opengl_c2w,80,16,/home/m/dataset/ltm_datasets/DL3DV-ALL-480P/10K_extracted/a4172332ae0635c0087ab8262f51cbd14cd681786754a7501b327165e6c3ca6c
DL3DV-ALL-480P/10K_extracted/a438243be756a343ddd4821354716b2e09038ca453ffd60a041732ca316b8112,DL3DV-ALL-480P,DL3DV-ALL-480P,nerf_transforms_images8_colmap_depth,colmap_photometric_bin,transforms_json_opengl_c2w,80,16,/home/m/dataset/ltm_datasets/DL3DV-ALL-480P/10K_extracted/a438243be756a343ddd4821354716b2e09038ca453ffd60a041732ca316b8112
DL3DV-ALL-480P/10K_extracted/a464b0f6c6c9d7f40d63f0be4bc6d3975ebeec67a2cefd8aa5e1935068af4ca3,DL3DV-ALL-480P,DL3DV-ALL-480P,nerf_transforms_images8_colmap_depth,colmap_photometric_bin,transforms_json_opengl_c2w,80,16,/home/m/dataset/ltm_datasets/DL3DV-ALL-480P/10K_extracted/a464b0f6c6c9d7f40d63f0be4bc6d3975ebeec67a2cefd8aa5e1935068af4ca3
DL3DV-ALL-480P/10K_extracted/a53ef204e1cdbe20f76a1694f724ddb1fa1085c8f95c5c2105a486b5bd51a153,DL3DV-ALL-480P,DL3DV-ALL-480P,nerf_transforms_images8_colmap_depth,colmap_photometric_bin,transforms_json_opengl_c2w,80,16,/home/m/dataset/ltm_datasets/DL3DV-ALL-480P/10K_extracted/a53ef204e1cdbe20f76a1694f724ddb1fa1085c8f95c5c2105a486b5bd51a153
DL3DV-ALL-480P/10K_extracted/a545c628150da4adc3880e36b5f10a1b7104a47e2bb54992c8dd4e15d88180f9,DL3DV-ALL-480P,DL3DV-ALL-480P,nerf_transforms_images8_colmap_depth,colmap_photometric_bin,transforms_json_opengl_c2w,80,16,/home/m/dataset/ltm_datasets/DL3DV-ALL-480P/10K_extracted/a545c628150da4adc3880e36b5f10a1b7104a47e2bb54992c8dd4e15d88180f9
DL3DV-ALL-480P/10K_extracted/a5b3aea49eb71d49766dc4d20fd9f6f6fe6ebec3753ce571762cc1bd8f40fbb3,DL3DV-ALL-480P,DL3DV-ALL-480P,nerf_transforms_images8_colmap_depth,colmap_photometric_bin,transforms_json_opengl_c2w,80,16,/home/m/dataset/ltm_datasets/DL3DV-ALL-480P/10K_extracted/a5b3aea49eb71d49766dc4d20fd9f6f6fe6ebec3753ce571762cc1bd8f40fbb3
DL3DV-ALL-480P/10K_extracted/a6016a5649874d41c28f6ef3d2c0ab5b99c05e1cc61ba5bf71848e80cac4227c,DL3DV-ALL-480P,DL3DV-ALL-480P,nerf_transforms_images8_colmap_depth,colmap_photometric_bin,transforms_json_opengl_c2w,80,16,/home/m/dataset/ltm_datasets/DL3DV-ALL-480P/10K_extracted/a6016a5649874d41c28f6ef3d2c0ab5b99c05e1cc61ba5bf71848e80cac4227c
DL3DV-ALL-480P/10K_extracted/a621748d87a0d91f58a6c3e3976777fba9a94cc16967c5c4d4ea220d7662dd34,DL3DV-ALL-480P,DL3DV-ALL-480P,nerf_transforms_images8_colmap_depth,colmap_photometric_bin,transforms_json_opengl_c2w,80,16,/home/m/dataset/ltm_datasets/DL3DV-ALL-480P/10K_extracted/a621748d87a0d91f58a6c3e3976777fba9a94cc16967c5c4d4ea220d7662dd34
DL3DV-ALL-480P/10K_extracted/a67d6e2428ea0d477402adb714cab4cd2c22dd2a7e1029b7a88d816a6964d1bb,DL3DV-ALL-480P,DL3DV-ALL-480P,nerf_transforms_images8_colmap_depth,colmap_photometric_bin,transforms_json_opengl_c2w,80,16,/home/m/dataset/ltm_datasets/DL3DV-ALL-480P/10K_extracted/a67d6e2428ea0d477402adb714cab4cd2c22dd2a7e1029b7a88d816a6964d1bb
DL3DV-ALL-480P/10K_extracted/a7136d7303854a86817740f88d0a908d80f6930f9f7160fc26d2f38fc94c28d9,DL3DV-ALL-480P,DL3DV-ALL-480P,nerf_transforms_images8_colmap_depth,colmap_photometric_bin,transforms_json_opengl_c2w,80,16,/home/m/dataset/ltm_datasets/DL3DV-ALL-480P/10K_extracted/a7136d7303854a86817740f88d0a908d80f6930f9f7160fc26d2f38fc94c28d9
DL3DV-ALL-480P/10K_extracted/a734c924f8bad10cf673a00ee6ac5ff4e54897e2b41842d8ab4bc9189ecbe0f1,DL3DV-ALL-480P,DL3DV-ALL-480P,nerf_transforms_images8_colmap_depth,colmap_photometric_bin,transforms_json_opengl_c2w,80,16,/home/m/dataset/ltm_datasets/DL3DV-ALL-480P/10K_extracted/a734c924f8bad10cf673a00ee6ac5ff4e54897e2b41842d8ab4bc9189ecbe0f1
DL3DV-ALL-480P/10K_extracted/a7a02897b0b82a8b7ed7ae1bf307bd184201ef590fdbef89b64c200f7c8d26ed,DL3DV-ALL-480P,DL3DV-ALL-480P,nerf_transforms_images8_colmap_depth,colmap_photometric_bin,transforms_json_opengl_c2w,80,16,/home/m/dataset/ltm_datasets/DL3DV-ALL-480P/10K_extracted/a7a02897b0b82a8b7ed7ae1bf307bd184201ef590fdbef89b64c200f7c8d26ed
DL3DV-ALL-480P/10K_extracted/a7c8375efe06364f33d75d17f505d67901d4315b0597caa460461a7e772e67d8,DL3DV-ALL-480P,DL3DV-ALL-480P,nerf_transforms_images8_colmap_depth,colmap_photometric_bin,transforms_json_opengl_c2w,80,16,/home/m/dataset/ltm_datasets/DL3DV-ALL-480P/10K_extracted/a7c8375efe06364f33d75d17f505d67901d4315b0597caa460461a7e772e67d8
DL3DV-ALL-480P/10K_extracted/a82da99d2e81b8e0cee8f20ff6defe88d1b5d872c93d150c86aab20c476b345d,DL3DV-ALL-480P,DL3DV-ALL-480P,nerf_transforms_images8_colmap_depth,colmap_photometric_bin,transforms_json_opengl_c2w,80,16,/home/m/dataset/ltm_datasets/DL3DV-ALL-480P/10K_extracted/a82da99d2e81b8e0cee8f20ff6defe88d1b5d872c93d150c86aab20c476b345d
DL3DV-ALL-480P/10K_extracted/a847ddc546f6dc45559c02015c83c576ee4138528028e837f733b68aa16df1db,DL3DV-ALL-480P,DL3DV-ALL-480P,nerf_transforms_images8_colmap_depth,colmap_photometric_bin,transforms_json_opengl_c2w,80,16,/home/m/dataset/ltm_datasets/DL3DV-ALL-480P/10K_extracted/a847ddc546f6dc45559c02015c83c576ee4138528028e837f733b68aa16df1db
DL3DV-ALL-480P/10K_extracted/a84f72e0c8dfe98bea12c502d56ca4affb3d520f0166400a9f26d365ff0ca989,DL3DV-ALL-480P,DL3DV-ALL-480P,nerf_transforms_images8_colmap_depth,colmap_photometric_bin,transforms_json_opengl_c2w,80,16,/home/m/dataset/ltm_datasets/DL3DV-ALL-480P/10K_extracted/a84f72e0c8dfe98bea12c502d56ca4affb3d520f0166400a9f26d365ff0ca989
DL3DV-ALL-480P/10K_extracted/a8d25e809e379cfc2b7c84eeac63debbc78b0127657cdf029e2ec47bb7220554,DL3DV-ALL-480P,DL3DV-ALL-480P,nerf_transforms_images8_colmap_depth,colmap_photometric_bin,transforms_json_opengl_c2w,80,16,/home/m/dataset/ltm_datasets/DL3DV-ALL-480P/10K_extracted/a8d25e809e379cfc2b7c84eeac63debbc78b0127657cdf029e2ec47bb7220554
DL3DV-ALL-480P/10K_extracted/a97233a9ffef37dc2c1a3b577253b338dc100e87688fcc337809940c09d8772c,DL3DV-ALL-480P,DL3DV-ALL-480P,nerf_transforms_images8_colmap_depth,colmap_photometric_bin,transforms_json_opengl_c2w,80,16,/home/m/dataset/ltm_datasets/DL3DV-ALL-480P/10K_extracted/a97233a9ffef37dc2c1a3b577253b338dc100e87688fcc337809940c09d8772c
DL3DV-ALL-480P/10K_extracted/a9dd07805733d67e1d8c3b6a4f402f2a31664d4ff63b47092a70b8eff90a08d6,DL3DV-ALL-480P,DL3DV-ALL-480P,nerf_transforms_images8_colmap_depth,colmap_photometric_bin,transforms_json_opengl_c2w,80,16,/home/m/dataset/ltm_datasets/DL3DV-ALL-480P/10K_extracted/a9dd07805733d67e1d8c3b6a4f402f2a31664d4ff63b47092a70b8eff90a08d6
DL3DV-ALL-480P/10K_extracted/a9e58c61d798973ea239b5e289fa206532572a3bb0de4913427ae809909454df,DL3DV-ALL-480P,DL3DV-ALL-480P,nerf_transforms_images8_colmap_depth,colmap_photometric_bin,transforms_json_opengl_c2w,80,16,/home/m/dataset/ltm_datasets/DL3DV-ALL-480P/10K_extracted/a9e58c61d798973ea239b5e289fa206532572a3bb0de4913427ae809909454df
DL3DV-ALL-480P/10K_extracted/a9f2704d5bdc14e08cbd950b2a490057c65cfb9d006f994dbaf12d15aa0f3439,DL3DV-ALL-480P,DL3DV-ALL-480P,nerf_transforms_images8_colmap_depth,colmap_photometric_bin,transforms_json_opengl_c2w,80,16,/home/m/dataset/ltm_datasets/DL3DV-ALL-480P/10K_extracted/a9f2704d5bdc14e08cbd950b2a490057c65cfb9d006f994dbaf12d15aa0f3439
DL3DV-ALL-480P/10K_extracted/aa8ecbfbec703d101a7cc6dc0514ccf1b3b8e440b932463610dfc54e9866427f,DL3DV-ALL-480P,DL3DV-ALL-480P,nerf_transforms_images8_colmap_depth,colmap_photometric_bin,transforms_json_opengl_c2w,80,16,/home/m/dataset/ltm_datasets/DL3DV-ALL-480P/10K_extracted/aa8ecbfbec703d101a7cc6dc0514ccf1b3b8e440b932463610dfc54e9866427f
DL3DV-ALL-480P/10K_extracted/aaef04c62dfaf29ea2620e817494e44c1a63efa934523dd96a2619668a281b9f,DL3DV-ALL-480P,DL3DV-ALL-480P,nerf_transforms_images8_colmap_depth,colmap_photometric_bin,transforms_json_opengl_c2w,80,16,/home/m/dataset/ltm_datasets/DL3DV-ALL-480P/10K_extracted/aaef04c62dfaf29ea2620e817494e44c1a63efa934523dd96a2619668a281b9f
DL3DV-ALL-480P/10K_extracted/ab3e460b25b47631a0565a3bb675f758737f50bad56cd23bba7c7813915998b8,DL3DV-ALL-480P,DL3DV-ALL-480P,nerf_transforms_images8_colmap_depth,colmap_photometric_bin,transforms_json_opengl_c2w,80,16,/home/m/dataset/ltm_datasets/DL3DV-ALL-480P/10K_extracted/ab3e460b25b47631a0565a3bb675f758737f50bad56cd23bba7c7813915998b8
DL3DV-ALL-480P/10K_extracted/ab4ae1323d587d2e3ca8e2ba95fd9be866324c476f21da89767ee07ba0c24b69,DL3DV-ALL-480P,DL3DV-ALL-480P,nerf_transforms_images8_colmap_depth,colmap_photometric_bin,transforms_json_opengl_c2w,80,16,/home/m/dataset/ltm_datasets/DL3DV-ALL-480P/10K_extracted/ab4ae1323d587d2e3ca8e2ba95fd9be866324c476f21da89767ee07ba0c24b69
DL3DV-ALL-480P/10K_extracted/abb29dd07817bf751b38ec21eade3f71ddc86bca55373637eed635f8cdb4f983,DL3DV-ALL-480P,DL3DV-ALL-480P,nerf_transforms_images8_colmap_depth,colmap_photometric_bin,transforms_json_opengl_c2w,80,16,/home/m/dataset/ltm_datasets/DL3DV-ALL-480P/10K_extracted/abb29dd07817bf751b38ec21eade3f71ddc86bca55373637eed635f8cdb4f983
DL3DV-ALL-480P/10K_extracted/abb7a601b111e9671009c52b637e62febfe80116d5744e7d780c147bc1b422c3,DL3DV-ALL-480P,DL3DV-ALL-480P,nerf_transforms_images8_colmap_depth,colmap_photometric_bin,transforms_json_opengl_c2w,80,16,/home/m/dataset/ltm_datasets/DL3DV-ALL-480P/10K_extracted/abb7a601b111e9671009c52b637e62febfe80116d5744e7d780c147bc1b422c3
DL3DV-ALL-480P/10K_extracted/abd448f46166fd587a0b874e8510a87756172cc3deb8f2dcc6695ac164eb767a,DL3DV-ALL-480P,DL3DV-ALL-480P,nerf_transforms_images8_colmap_depth,colmap_photometric_bin,transforms_json_opengl_c2w,80,16,/home/m/dataset/ltm_datasets/DL3DV-ALL-480P/10K_extracted/abd448f46166fd587a0b874e8510a87756172cc3deb8f2dcc6695ac164eb767a
DL3DV-ALL-480P/10K_extracted/abd7097aa5a6e8e99471de3cefe325b48c78ad0af33df39464500dcd41987e53,DL3DV-ALL-480P,DL3DV-ALL-480P,nerf_transforms_images8_colmap_depth,colmap_photometric_bin,transforms_json_opengl_c2w,80,16,/home/m/dataset/ltm_datasets/DL3DV-ALL-480P/10K_extracted/abd7097aa5a6e8e99471de3cefe325b48c78ad0af33df39464500dcd41987e53
DL3DV-ALL-480P/10K_extracted/abdfc47468c86b4a9d77dafa931ddc0dd42b935f90102e39628b3c81e2896578,DL3DV-ALL-480P,DL3DV-ALL-480P,nerf_transforms_images8_colmap_depth,colmap_photometric_bin,transforms_json_opengl_c2w,80,16,/home/m/dataset/ltm_datasets/DL3DV-ALL-480P/10K_extracted/abdfc47468c86b4a9d77dafa931ddc0dd42b935f90102e39628b3c81e2896578
DL3DV-ALL-480P/10K_extracted/ac00be3bf9cb03f7d7f3215bb56abbccd4cc958e4d26f6ca7177b6856304da95,DL3DV-ALL-480P,DL3DV-ALL-480P,nerf_transforms_images8_colmap_depth,colmap_photometric_bin,transforms_json_opengl_c2w,80,16,/home/m/dataset/ltm_datasets/DL3DV-ALL-480P/10K_extracted/ac00be3bf9cb03f7d7f3215bb56abbccd4cc958e4d26f6ca7177b6856304da95
DL3DV-ALL-480P/10K_extracted/ac389095abdadab4553ff55be11159d17f1982aa995607c99c5decce8d5c23b6,DL3DV-ALL-480P,DL3DV-ALL-480P,nerf_transforms_images8_colmap_depth,colmap_photometric_bin,transforms_json_opengl_c2w,80,16,/home/m/dataset/ltm_datasets/DL3DV-ALL-480P/10K_extracted/ac389095abdadab4553ff55be11159d17f1982aa995607c99c5decce8d5c23b6
DL3DV-ALL-480P/10K_extracted/ac73925d46fddc669b388e7603f13f027cb6960434ede557cc56486e724b7bf1,DL3DV-ALL-480P,DL3DV-ALL-480P,nerf_transforms_images8_colmap_depth,colmap_photometric_bin,transforms_json_opengl_c2w,80,16,/home/m/dataset/ltm_datasets/DL3DV-ALL-480P/10K_extracted/ac73925d46fddc669b388e7603f13f027cb6960434ede557cc56486e724b7bf1
DL3DV-ALL-480P/10K_extracted/ac9e283fc15acb8df0cd4d2296788fe4daa5ba3ee98392148821c47c439ee605,DL3DV-ALL-480P,DL3DV-ALL-480P,nerf_transforms_images8_colmap_depth,colmap_photometric_bin,transforms_json_opengl_c2w,80,16,/home/m/dataset/ltm_datasets/DL3DV-ALL-480P/10K_extracted/ac9e283fc15acb8df0cd4d2296788fe4daa5ba3ee98392148821c47c439ee605
DL3DV-ALL-480P/10K_extracted/aca63a12ffef9f6ae25f88cebb26ba6077661489e73440d0add16cfcac8723ab,DL3DV-ALL-480P,DL3DV-ALL-480P,nerf_transforms_images8_colmap_depth,colmap_photometric_bin,transforms_json_opengl_c2w,80,16,/home/m/dataset/ltm_datasets/DL3DV-ALL-480P/10K_extracted/aca63a12ffef9f6ae25f88cebb26ba6077661489e73440d0add16cfcac8723ab
DL3DV-ALL-480P/10K_extracted/aca7fe96a572dafd38a7492eb8da7e7a9fbb6b8ef278d633f6f7755011e8f635,DL3DV-ALL-480P,DL3DV-ALL-480P,nerf_transforms_images8_colmap_depth,colmap_photometric_bin,transforms_json_opengl_c2w,80,16,/home/m/dataset/ltm_datasets/DL3DV-ALL-480P/10K_extracted/aca7fe96a572dafd38a7492eb8da7e7a9fbb6b8ef278d633f6f7755011e8f635
DL3DV-ALL-480P/10K_extracted/acb21ff9bb117431904a3fcf72399d13c935ec6b160f02d8aba37c04efda4d50,DL3DV-ALL-480P,DL3DV-ALL-480P,nerf_transforms_images8_colmap_depth,colmap_photometric_bin,transforms_json_opengl_c2w,80,16,/home/m/dataset/ltm_datasets/DL3DV-ALL-480P/10K_extracted/acb21ff9bb117431904a3fcf72399d13c935ec6b160f02d8aba37c04efda4d50
DL3DV-ALL-480P/10K_extracted/acbbb3864413cc90253eef4ec3a1783e787c2f9e7b157c56a5b383d3443922a8,DL3DV-ALL-480P,DL3DV-ALL-480P,nerf_transforms_images8_colmap_depth,colmap_photometric_bin,transforms_json_opengl_c2w,80,16,/home/m/dataset/ltm_datasets/DL3DV-ALL-480P/10K_extracted/acbbb3864413cc90253eef4ec3a1783e787c2f9e7b157c56a5b383d3443922a8
DL3DV-ALL-480P/10K_extracted/acc06889cc0bc9378ad504361398fc4b16c7773710bc7607a6f6f255628eeb12,DL3DV-ALL-480P,DL3DV-ALL-480P,nerf_transforms_images8_colmap_depth,colmap_photometric_bin,transforms_json_opengl_c2w,80,16,/home/m/dataset/ltm_datasets/DL3DV-ALL-480P/10K_extracted/acc06889cc0bc9378ad504361398fc4b16c7773710bc7607a6f6f255628eeb12
DL3DV-ALL-480P/10K_extracted/acef52fdca26ff69eb3557a23a69bf4fa4891688f538c55fbf460330d20efd51,DL3DV-ALL-480P,DL3DV-ALL-480P,nerf_transforms_images8_colmap_depth,colmap_photometric_bin,transforms_json_opengl_c2w,80,16,/home/m/dataset/ltm_datasets/DL3DV-ALL-480P/10K_extracted/acef52fdca26ff69eb3557a23a69bf4fa4891688f538c55fbf460330d20efd51
DL3DV-ALL-480P/10K_extracted/ad30405183ac7a50e20ca1fb1185dc6a48b5df2813e9a26ad5e82d7f76572c09,DL3DV-ALL-480P,DL3DV-ALL-480P,nerf_transforms_images8_colmap_depth,colmap_photometric_bin,transforms_json_opengl_c2w,80,16,/home/m/dataset/ltm_datasets/DL3DV-ALL-480P/10K_extracted/ad30405183ac7a50e20ca1fb1185dc6a48b5df2813e9a26ad5e82d7f76572c09
DL3DV-ALL-480P/10K_extracted/ad395724c980c686a9467b09773c5a26c141acb4dd1c5f765a94b4b46e396f47,DL3DV-ALL-480P,DL3DV-ALL-480P,nerf_transforms_images8_colmap_depth,colmap_photometric_bin,transforms_json_opengl_c2w,80,16,/home/m/dataset/ltm_datasets/DL3DV-ALL-480P/10K_extracted/ad395724c980c686a9467b09773c5a26c141acb4dd1c5f765a94b4b46e396f47
DL3DV-ALL-480P/10K_extracted/ad39abc21ca034cc81b36c2eea5b80db16f156aabb033dd0ebfe55d13e402378,DL3DV-ALL-480P,DL3DV-ALL-480P,nerf_transforms_images8_colmap_depth,colmap_photometric_bin,transforms_json_opengl_c2w,80,16,/home/m/dataset/ltm_datasets/DL3DV-ALL-480P/10K_extracted/ad39abc21ca034cc81b36c2eea5b80db16f156aabb033dd0ebfe55d13e402378
DL3DV-ALL-480P/10K_extracted/ada6e38db505ada0a1d1577e677ac754e8b413fc27f34a5b8f120cbe4b8a5b70,DL3DV-ALL-480P,DL3DV-ALL-480P,nerf_transforms_images8_colmap_depth,colmap_photometric_bin,transforms_json_opengl_c2w,80,16,/home/m/dataset/ltm_datasets/DL3DV-ALL-480P/10K_extracted/ada6e38db505ada0a1d1577e677ac754e8b413fc27f34a5b8f120cbe4b8a5b70
DL3DV-ALL-480P/10K_extracted/adb36e9ea38b13614d0592ad0e5d218f47f93e252ae9f916aae953f8c2a338c7,DL3DV-ALL-480P,DL3DV-ALL-480P,nerf_transforms_images8_colmap_depth,colmap_photometric_bin,transforms_json_opengl_c2w,80,16,/home/m/dataset/ltm_datasets/DL3DV-ALL-480P/10K_extracted/adb36e9ea38b13614d0592ad0e5d218f47f93e252ae9f916aae953f8c2a338c7
DL3DV-ALL-480P/10K_extracted/adcd199c75befcb637031e8c3e9fa90cd2161de5f318172ca009a3df66198064,DL3DV-ALL-480P,DL3DV-ALL-480P,nerf_transforms_images8_colmap_depth,colmap_photometric_bin,transforms_json_opengl_c2w,80,16,/home/m/dataset/ltm_datasets/DL3DV-ALL-480P/10K_extracted/adcd199c75befcb637031e8c3e9fa90cd2161de5f318172ca009a3df66198064
DL3DV-ALL-480P/10K_extracted/aebf2425584f92447835fa62eaeace32822b6ce7957f04dc78149cac7e109542,DL3DV-ALL-480P,DL3DV-ALL-480P,nerf_transforms_images8_colmap_depth,colmap_photometric_bin,transforms_json_opengl_c2w,80,16,/home/m/dataset/ltm_datasets/DL3DV-ALL-480P/10K_extracted/aebf2425584f92447835fa62eaeace32822b6ce7957f04dc78149cac7e109542
DL3DV-ALL-480P/10K_extracted/aecffb99e1fc727683421de3f0af603161a72beacbcbd7ae021bbe336fc9341d,DL3DV-ALL-480P,DL3DV-ALL-480P,nerf_transforms_images8_colmap_depth,colmap_photometric_bin,transforms_json_opengl_c2w,80,16,/home/m/dataset/ltm_datasets/DL3DV-ALL-480P/10K_extracted/aecffb99e1fc727683421de3f0af603161a72beacbcbd7ae021bbe336fc9341d
DL3DV-ALL-480P/10K_extracted/af240b51fb1c3b7da3cfb6322dc8abfeef48f4b22df19596067ba4487b661551,DL3DV-ALL-480P,DL3DV-ALL-480P,nerf_transforms_images8_colmap_depth,colmap_photometric_bin,transforms_json_opengl_c2w,80,16,/home/m/dataset/ltm_datasets/DL3DV-ALL-480P/10K_extracted/af240b51fb1c3b7da3cfb6322dc8abfeef48f4b22df19596067ba4487b661551
DL3DV-ALL-480P/10K_extracted/af6a9db048bde51ae3ad6a56bdfad29ef0daf71b76636713782c32f9a6fc46ce,DL3DV-ALL-480P,DL3DV-ALL-480P,nerf_transforms_images8_colmap_depth,colmap_photometric_bin,transforms_json_opengl_c2w,80,16,/home/m/dataset/ltm_datasets/DL3DV-ALL-480P/10K_extracted/af6a9db048bde51ae3ad6a56bdfad29ef0daf71b76636713782c32f9a6fc46ce
DL3DV-ALL-480P/10K_extracted/af7eebc27427ad0276d721ec15420a454fecdb59fa70827f24bd68049bc34ff3,DL3DV-ALL-480P,DL3DV-ALL-480P,nerf_transforms_images8_colmap_depth,colmap_photometric_bin,transforms_json_opengl_c2w,80,16,/home/m/dataset/ltm_datasets/DL3DV-ALL-480P/10K_extracted/af7eebc27427ad0276d721ec15420a454fecdb59fa70827f24bd68049bc34ff3
DL3DV-ALL-480P/10K_extracted/afadb6b8d7dff350c5ea6726737880b52ddfde45b084d2c3feb6892049e6b7c7,DL3DV-ALL-480P,DL3DV-ALL-480P,nerf_transforms_images8_colmap_depth,colmap_photometric_bin,transforms_json_opengl_c2w,80,16,/home/m/dataset/ltm_datasets/DL3DV-ALL-480P/10K_extracted/afadb6b8d7dff350c5ea6726737880b52ddfde45b084d2c3feb6892049e6b7c7
DL3DV-ALL-480P/10K_extracted/afbec3d971449c96e3b927feb7da5b2d9112e4ed268ddcd80cdd8c32b960bee0,DL3DV-ALL-480P,DL3DV-ALL-480P,nerf_transforms_images8_colmap_depth,colmap_photometric_bin,transforms_json_opengl_c2w,80,16,/home/m/dataset/ltm_datasets/DL3DV-ALL-480P/10K_extracted/afbec3d971449c96e3b927feb7da5b2d9112e4ed268ddcd80cdd8c32b960bee0
DL3DV-ALL-480P/10K_extracted/b00976c0a42adb656f4e0811385d415159f7278496f02ad5d8566a2d8fc90f4d,DL3DV-ALL-480P,DL3DV-ALL-480P,nerf_transforms_images8_colmap_depth,colmap_photometric_bin,transforms_json_opengl_c2w,80,16,/home/m/dataset/ltm_datasets/DL3DV-ALL-480P/10K_extracted/b00976c0a42adb656f4e0811385d415159f7278496f02ad5d8566a2d8fc90f4d
DL3DV-ALL-480P/10K_extracted/b10ddb016e1d1d6a3203847995ff098771f1f02ecb62e399efe01662a2bd84c9,DL3DV-ALL-480P,DL3DV-ALL-480P,nerf_transforms_images8_colmap_depth,colmap_photometric_bin,transforms_json_opengl_c2w,80,16,/home/m/dataset/ltm_datasets/DL3DV-ALL-480P/10K_extracted/b10ddb016e1d1d6a3203847995ff098771f1f02ecb62e399efe01662a2bd84c9
DL3DV-ALL-480P/10K_extracted/b25d22166b6f0d71300d8371ba4bf606c828b7d692f4f5cb8461eb36ed9a663f,DL3DV-ALL-480P,DL3DV-ALL-480P,nerf_transforms_images8_colmap_depth,colmap_photometric_bin,transforms_json_opengl_c2w,80,16,/home/m/dataset/ltm_datasets/DL3DV-ALL-480P/10K_extracted/b25d22166b6f0d71300d8371ba4bf606c828b7d692f4f5cb8461eb36ed9a663f
DL3DV-ALL-480P/10K_extracted/b32217829379ed814f848a1d1ffbfb346ef26666ec739afe920b24bd8d17810e,DL3DV-ALL-480P,DL3DV-ALL-480P,nerf_transforms_images8_colmap_depth,colmap_photometric_bin,transforms_json_opengl_c2w,80,16,/home/m/dataset/ltm_datasets/DL3DV-ALL-480P/10K_extracted/b32217829379ed814f848a1d1ffbfb346ef26666ec739afe920b24bd8d17810e
DL3DV-ALL-480P/10K_extracted/b3752897f94120e9542b596408116539218fed30b4d0f68a80c8aa06fc180d21,DL3DV-ALL-480P,DL3DV-ALL-480P,nerf_transforms_images8_colmap_depth,colmap_photometric_bin,transforms_json_opengl_c2w,80,16,/home/m/dataset/ltm_datasets/DL3DV-ALL-480P/10K_extracted/b3752897f94120e9542b596408116539218fed30b4d0f68a80c8aa06fc180d21
DL3DV-ALL-480P/10K_extracted/b3bec34b72da2f59a41f3b70863d67e9ad5c6fd5ac4da96121f49c295d490f02,DL3DV-ALL-480P,DL3DV-ALL-480P,nerf_transforms_images8_colmap_depth,colmap_photometric_bin,transforms_json_opengl_c2w,80,16,/home/m/dataset/ltm_datasets/DL3DV-ALL-480P/10K_extracted/b3bec34b72da2f59a41f3b70863d67e9ad5c6fd5ac4da96121f49c295d490f02
DL3DV-ALL-480P/10K_extracted/b3bf6de449f46b5076b5980cf0217670f16b731cbe3cfb170c4635f9dcd19f2f,DL3DV-ALL-480P,DL3DV-ALL-480P,nerf_transforms_images8_colmap_depth,colmap_photometric_bin,transforms_json_opengl_c2w,80,16,/home/m/dataset/ltm_datasets/DL3DV-ALL-480P/10K_extracted/b3bf6de449f46b5076b5980cf0217670f16b731cbe3cfb170c4635f9dcd19f2f
DL3DV-ALL-480P/10K_extracted/b3c9a77756d6c17b44bb17c36ce5ae68c781620bc2ffffc007a461e9d2bd19de,DL3DV-ALL-480P,DL3DV-ALL-480P,nerf_transforms_images8_colmap_depth,colmap_photometric_bin,transforms_json_opengl_c2w,80,16,/home/m/dataset/ltm_datasets/DL3DV-ALL-480P/10K_extracted/b3c9a77756d6c17b44bb17c36ce5ae68c781620bc2ffffc007a461e9d2bd19de
DL3DV-ALL-480P/10K_extracted/b3d664a8dd5a393196008261e7815266b719c8fec7f4c1cf25c543c2c748b33f,DL3DV-ALL-480P,DL3DV-ALL-480P,nerf_transforms_images8_colmap_depth,colmap_photometric_bin,transforms_json_opengl_c2w,80,16,/home/m/dataset/ltm_datasets/DL3DV-ALL-480P/10K_extracted/b3d664a8dd5a393196008261e7815266b719c8fec7f4c1cf25c543c2c748b33f
DL3DV-ALL-480P/10K_extracted/b4a026c71b44d034ffe15d1a5a80a42a3d1e826d718bee801a2a84dd33c6fc40,DL3DV-ALL-480P,DL3DV-ALL-480P,nerf_transforms_images8_colmap_depth,colmap_photometric_bin,transforms_json_opengl_c2w,80,16,/home/m/dataset/ltm_datasets/DL3DV-ALL-480P/10K_extracted/b4a026c71b44d034ffe15d1a5a80a42a3d1e826d718bee801a2a84dd33c6fc40
DL3DV-ALL-480P/10K_extracted/b4d66cc321b4754ee337e9326b7c233fdd42c8b94b605996ad4416cceaa1da79,DL3DV-ALL-480P,DL3DV-ALL-480P,nerf_transforms_images8_colmap_depth,colmap_photometric_bin,transforms_json_opengl_c2w,80,16,/home/m/dataset/ltm_datasets/DL3DV-ALL-480P/10K_extracted/b4d66cc321b4754ee337e9326b7c233fdd42c8b94b605996ad4416cceaa1da79
DL3DV-ALL-480P/10K_extracted/b4f53094fd31dcc2de1c1d1fdfeffac5259e9bdf39d77b552ff948e4bdf1fd8e,DL3DV-ALL-480P,DL3DV-ALL-480P,nerf_transforms_images8_colmap_depth,colmap_photometric_bin,transforms_json_opengl_c2w,80,16,/home/m/dataset/ltm_datasets/DL3DV-ALL-480P/10K_extracted/b4f53094fd31dcc2de1c1d1fdfeffac5259e9bdf39d77b552ff948e4bdf1fd8e
DL3DV-ALL-480P/10K_extracted/b51091abdae8acf8373a6c3dac2ff47af17804e3cb089f48c7c4fb678d1ce8b4,DL3DV-ALL-480P,DL3DV-ALL-480P,nerf_transforms_images8_colmap_depth,colmap_photometric_bin,transforms_json_opengl_c2w,80,16,/home/m/dataset/ltm_datasets/DL3DV-ALL-480P/10K_extracted/b51091abdae8acf8373a6c3dac2ff47af17804e3cb089f48c7c4fb678d1ce8b4
DL3DV-ALL-480P/10K_extracted/b581eb7dbe820dd31857cea0097cb2886bfe64d32c4a68e9c76266dceea7d80d,DL3DV-ALL-480P,DL3DV-ALL-480P,nerf_transforms_images8_colmap_depth,colmap_photometric_bin,transforms_json_opengl_c2w,80,16,/home/m/dataset/ltm_datasets/DL3DV-ALL-480P/10K_extracted/b581eb7dbe820dd31857cea0097cb2886bfe64d32c4a68e9c76266dceea7d80d
DL3DV-ALL-480P/10K_extracted/b5cecb5c2afedbbe095fdd1a46e248bc76cead1ed7b0b5a03faee5981e823f13,DL3DV-ALL-480P,DL3DV-ALL-480P,nerf_transforms_images8_colmap_depth,colmap_photometric_bin,transforms_json_opengl_c2w,80,16,/home/m/dataset/ltm_datasets/DL3DV-ALL-480P/10K_extracted/b5cecb5c2afedbbe095fdd1a46e248bc76cead1ed7b0b5a03faee5981e823f13
DL3DV-ALL-480P/10K_extracted/b68e1f8437b831ab3dda228bf722134585bb0b462c840874d94b1430d98bc955,DL3DV-ALL-480P,DL3DV-ALL-480P,nerf_transforms_images8_colmap_depth,colmap_photometric_bin,transforms_json_opengl_c2w,80,16,/home/m/dataset/ltm_datasets/DL3DV-ALL-480P/10K_extracted/b68e1f8437b831ab3dda228bf722134585bb0b462c840874d94b1430d98bc955
DL3DV-ALL-480P/10K_extracted/b6a838cefe239dbaf75e86751fed9fa4c0b34b9b75443598d7cf806a9ecd30f5,DL3DV-ALL-480P,DL3DV-ALL-480P,nerf_transforms_images8_colmap_depth,colmap_photometric_bin,transforms_json_opengl_c2w,80,16,/home/m/dataset/ltm_datasets/DL3DV-ALL-480P/10K_extracted/b6a838cefe239dbaf75e86751fed9fa4c0b34b9b75443598d7cf806a9ecd30f5
DL3DV-ALL-480P/10K_extracted/b6c0cd74e72ff92b74e9b2978a09ab61a3b80838de1b2127e98aaa86350cf80f,DL3DV-ALL-480P,DL3DV-ALL-480P,nerf_transforms_images8_colmap_depth,colmap_photometric_bin,transforms_json_opengl_c2w,80,16,/home/m/dataset/ltm_datasets/DL3DV-ALL-480P/10K_extracted/b6c0cd74e72ff92b74e9b2978a09ab61a3b80838de1b2127e98aaa86350cf80f
DL3DV-ALL-480P/10K_extracted/b748edb64fb05687b19315b2d42288861ce3f81e2265f421f66aa94fd0350b2b,DL3DV-ALL-480P,DL3DV-ALL-480P,nerf_transforms_images8_colmap_depth,colmap_photometric_bin,transforms_json_opengl_c2w,80,16,/home/m/dataset/ltm_datasets/DL3DV-ALL-480P/10K_extracted/b748edb64fb05687b19315b2d42288861ce3f81e2265f421f66aa94fd0350b2b
DL3DV-ALL-480P/10K_extracted/b7556bbe1eb2f74debd99d7ce2c70967a29c1a50de4127c288029ed14b9c2d5e,DL3DV-ALL-480P,DL3DV-ALL-480P,nerf_transforms_images8_colmap_depth,colmap_photometric_bin,transforms_json_opengl_c2w,80,16,/home/m/dataset/ltm_datasets/DL3DV-ALL-480P/10K_extracted/b7556bbe1eb2f74debd99d7ce2c70967a29c1a50de4127c288029ed14b9c2d5e
DL3DV-ALL-480P/10K_extracted/b75d4e4bf87798d7dbdf31ece0a517c338d5f01392071f2e014be57241333b8e,DL3DV-ALL-480P,DL3DV-ALL-480P,nerf_transforms_images8_colmap_depth,colmap_photometric_bin,transforms_json_opengl_c2w,80,16,/home/m/dataset/ltm_datasets/DL3DV-ALL-480P/10K_extracted/b75d4e4bf87798d7dbdf31ece0a517c338d5f01392071f2e014be57241333b8e
DL3DV-ALL-480P/10K_extracted/b872df50df1f1084b93c45e91c1dbfff21122f1858addd45929803de73226f4f,DL3DV-ALL-480P,DL3DV-ALL-480P,nerf_transforms_images8_colmap_depth,colmap_photometric_bin,transforms_json_opengl_c2w,80,16,/home/m/dataset/ltm_datasets/DL3DV-ALL-480P/10K_extracted/b872df50df1f1084b93c45e91c1dbfff21122f1858addd45929803de73226f4f
DL3DV-ALL-480P/10K_extracted/b9223472cfc7ff1b3a98cc5eb2bbcfe38ddf95d962749d49a4fc60d5ccc4cf75,DL3DV-ALL-480P,DL3DV-ALL-480P,nerf_transforms_images8_colmap_depth,colmap_photometric_bin,transforms_json_opengl_c2w,80,16,/home/m/dataset/ltm_datasets/DL3DV-ALL-480P/10K_extracted/b9223472cfc7ff1b3a98cc5eb2bbcfe38ddf95d962749d49a4fc60d5ccc4cf75
DL3DV-ALL-480P/10K_extracted/b9633624f111e138adb01f60058c8fba4169f73ec87295cbcea23e3a8a5724ac,DL3DV-ALL-480P,DL3DV-ALL-480P,nerf_transforms_images8_colmap_depth,colmap_photometric_bin,transforms_json_opengl_c2w,80,16,/home/m/dataset/ltm_datasets/DL3DV-ALL-480P/10K_extracted/b9633624f111e138adb01f60058c8fba4169f73ec87295cbcea23e3a8a5724ac
DL3DV-ALL-480P/10K_extracted/b99ede7695c2271a83f8ad29cca12046286e7e2573de0fb315ea2fe596b1b21f,DL3DV-ALL-480P,DL3DV-ALL-480P,nerf_transforms_images8_colmap_depth,colmap_photometric_bin,transforms_json_opengl_c2w,80,16,/home/m/dataset/ltm_datasets/DL3DV-ALL-480P/10K_extracted/b99ede7695c2271a83f8ad29cca12046286e7e2573de0fb315ea2fe596b1b21f
DL3DV-ALL-480P/10K_extracted/b9c979a83da0b798871fdbc132e78f6a52ea411b59fdeae0f49dcdc46ad97033,DL3DV-ALL-480P,DL3DV-ALL-480P,nerf_transforms_images8_colmap_depth,colmap_photometric_bin,transforms_json_opengl_c2w,80,16,/home/m/dataset/ltm_datasets/DL3DV-ALL-480P/10K_extracted/b9c979a83da0b798871fdbc132e78f6a52ea411b59fdeae0f49dcdc46ad97033
DL3DV-ALL-480P/10K_extracted/b9e620dbcb822a44296a3ff5d575f5e679fb9f0947930dc74c70a4a2700fe8b7,DL3DV-ALL-480P,DL3DV-ALL-480P,nerf_transforms_images8_colmap_depth,colmap_photometric_bin,transforms_json_opengl_c2w,80,16,/home/m/dataset/ltm_datasets/DL3DV-ALL-480P/10K_extracted/b9e620dbcb822a44296a3ff5d575f5e679fb9f0947930dc74c70a4a2700fe8b7
DL3DV-ALL-480P/10K_extracted/b9eafc57060c523f754114765ffa2172ba35c2db4090ffa89ccf759715ed7749,DL3DV-ALL-480P,DL3DV-ALL-480P,nerf_transforms_images8_colmap_depth,colmap_photometric_bin,transforms_json_opengl_c2w,80,16,/home/m/dataset/ltm_datasets/DL3DV-ALL-480P/10K_extracted/b9eafc57060c523f754114765ffa2172ba35c2db4090ffa89ccf759715ed7749
DL3DV-ALL-480P/10K_extracted/ba1a518f67baee1674926c2eb398d357b7aff13e84b675db869a842770a7f1c1,DL3DV-ALL-480P,DL3DV-ALL-480P,nerf_transforms_images8_colmap_depth,colmap_photometric_bin,transforms_json_opengl_c2w,80,16,/home/m/dataset/ltm_datasets/DL3DV-ALL-480P/10K_extracted/ba1a518f67baee1674926c2eb398d357b7aff13e84b675db869a842770a7f1c1
DL3DV-ALL-480P/10K_extracted/ba2bb70563204c236598120578adeb4b695fab4e4ca7a2976145d3d5fdb9df49,DL3DV-ALL-480P,DL3DV-ALL-480P,nerf_transforms_images8_colmap_depth,colmap_photometric_bin,transforms_json_opengl_c2w,80,16,/home/m/dataset/ltm_datasets/DL3DV-ALL-480P/10K_extracted/ba2bb70563204c236598120578adeb4b695fab4e4ca7a2976145d3d5fdb9df49
DL3DV-ALL-480P/10K_extracted/bbf42205e1624545fd90fcf13c39a31f1180478c3615eab7e997267cc76b2523,DL3DV-ALL-480P,DL3DV-ALL-480P,nerf_transforms_images8_colmap_depth,colmap_photometric_bin,transforms_json_opengl_c2w,80,16,/home/m/dataset/ltm_datasets/DL3DV-ALL-480P/10K_extracted/bbf42205e1624545fd90fcf13c39a31f1180478c3615eab7e997267cc76b2523
DL3DV-ALL-480P/10K_extracted/bc50c7017a9232b2f9a057c10350df79071eead3679dfc99070f9a708d6e81ed,DL3DV-ALL-480P,DL3DV-ALL-480P,nerf_transforms_images8_colmap_depth,colmap_photometric_bin,transforms_json_opengl_c2w,80,16,/home/m/dataset/ltm_datasets/DL3DV-ALL-480P/10K_extracted/bc50c7017a9232b2f9a057c10350df79071eead3679dfc99070f9a708d6e81ed
DL3DV-ALL-480P/10K_extracted/bc534ab3b6dcc4a0127efc7a0c074bb67d9f8e9e7ccd0daa2b55d331220866da,DL3DV-ALL-480P,DL3DV-ALL-480P,nerf_transforms_images8_colmap_depth,colmap_photometric_bin,transforms_json_opengl_c2w,80,16,/home/m/dataset/ltm_datasets/DL3DV-ALL-480P/10K_extracted/bc534ab3b6dcc4a0127efc7a0c074bb67d9f8e9e7ccd0daa2b55d331220866da
DL3DV-ALL-480P/10K_extracted/bc93167610746d27495b0efac4d424f38cad854423b4b3246879ade38c9e0d30,DL3DV-ALL-480P,DL3DV-ALL-480P,nerf_transforms_images8_colmap_depth,colmap_photometric_bin,transforms_json_opengl_c2w,80,16,/home/m/dataset/ltm_datasets/DL3DV-ALL-480P/10K_extracted/bc93167610746d27495b0efac4d424f38cad854423b4b3246879ade38c9e0d30
DL3DV-ALL-480P/10K_extracted/bca6ac94d59e74fb6534661c5aa679903f3abdea796c03cf5f192eef6a8d5607,DL3DV-ALL-480P,DL3DV-ALL-480P,nerf_transforms_images8_colmap_depth,colmap_photometric_bin,transforms_json_opengl_c2w,80,16,/home/m/dataset/ltm_datasets/DL3DV-ALL-480P/10K_extracted/bca6ac94d59e74fb6534661c5aa679903f3abdea796c03cf5f192eef6a8d5607
DL3DV-ALL-480P/10K_extracted/bce26a8520e14ca5ef352d631eec728ced8b7d81cf1641f8ee3a37deebc3efec,DL3DV-ALL-480P,DL3DV-ALL-480P,nerf_transforms_images8_colmap_depth,colmap_photometric_bin,transforms_json_opengl_c2w,80,16,/home/m/dataset/ltm_datasets/DL3DV-ALL-480P/10K_extracted/bce26a8520e14ca5ef352d631eec728ced8b7d81cf1641f8ee3a37deebc3efec
DL3DV-ALL-480P/10K_extracted/bd002aa7e8f8923056e72761627f094e2578c81202f55436a4b44b5fb5b241ac,DL3DV-ALL-480P,DL3DV-ALL-480P,nerf_transforms_images8_colmap_depth,colmap_photometric_bin,transforms_json_opengl_c2w,80,16,/home/m/dataset/ltm_datasets/DL3DV-ALL-480P/10K_extracted/bd002aa7e8f8923056e72761627f094e2578c81202f55436a4b44b5fb5b241ac
DL3DV-ALL-480P/10K_extracted/bd476f0e269e7b2ad4cb8f559bf47a2afa9a5ca903bfba48b03726035ab59eb6,DL3DV-ALL-480P,DL3DV-ALL-480P,nerf_transforms_images8_colmap_depth,colmap_photometric_bin,transforms_json_opengl_c2w,80,16,/home/m/dataset/ltm_datasets/DL3DV-ALL-480P/10K_extracted/bd476f0e269e7b2ad4cb8f559bf47a2afa9a5ca903bfba48b03726035ab59eb6
DL3DV-ALL-480P/10K_extracted/bd4f31428454188c5d9f3cf26182df26b7c95b07f3eb4ec99d8605921557f7ea,DL3DV-ALL-480P,DL3DV-ALL-480P,nerf_transforms_images8_colmap_depth,colmap_photometric_bin,transforms_json_opengl_c2w,80,16,/home/m/dataset/ltm_datasets/DL3DV-ALL-480P/10K_extracted/bd4f31428454188c5d9f3cf26182df26b7c95b07f3eb4ec99d8605921557f7ea
DL3DV-ALL-480P/10K_extracted/bd6f197e76c8eb45bd408b50fee51763b2d0880c38df051fdb2b15c2996efe77,DL3DV-ALL-480P,DL3DV-ALL-480P,nerf_transforms_images8_colmap_depth,colmap_photometric_bin,transforms_json_opengl_c2w,80,16,/home/m/dataset/ltm_datasets/DL3DV-ALL-480P/10K_extracted/bd6f197e76c8eb45bd408b50fee51763b2d0880c38df051fdb2b15c2996efe77
DL3DV-ALL-480P/10K_extracted/bd71daf5c8e77b91c1a9cab6d2692032f20a3988c523a5694520c4d5d0b5ffe8,DL3DV-ALL-480P,DL3DV-ALL-480P,nerf_transforms_images8_colmap_depth,colmap_photometric_bin,transforms_json_opengl_c2w,80,16,/home/m/dataset/ltm_datasets/DL3DV-ALL-480P/10K_extracted/bd71daf5c8e77b91c1a9cab6d2692032f20a3988c523a5694520c4d5d0b5ffe8
DL3DV-ALL-480P/10K_extracted/bd8370b9cf342462846696409248034e989cf2b89db7248741524fde5d4cd6e4,DL3DV-ALL-480P,DL3DV-ALL-480P,nerf_transforms_images8_colmap_depth,colmap_photometric_bin,transforms_json_opengl_c2w,80,16,/home/m/dataset/ltm_datasets/DL3DV-ALL-480P/10K_extracted/bd8370b9cf342462846696409248034e989cf2b89db7248741524fde5d4cd6e4
DL3DV-ALL-480P/10K_extracted/bd905f2f4c408e46ce582bcc89b08b32793e31766bf826e6c063876d4ebcc7f4,DL3DV-ALL-480P,DL3DV-ALL-480P,nerf_transforms_images8_colmap_depth,colmap_photometric_bin,transforms_json_opengl_c2w,80,16,/home/m/dataset/ltm_datasets/DL3DV-ALL-480P/10K_extracted/bd905f2f4c408e46ce582bcc89b08b32793e31766bf826e6c063876d4ebcc7f4
DL3DV-ALL-480P/10K_extracted/bdd807b96582a0c2f6ec6e0cabe5199d01a431b1f78f5dd5001b8143aaad138d,DL3DV-ALL-480P,DL3DV-ALL-480P,nerf_transforms_images8_colmap_depth,colmap_photometric_bin,transforms_json_opengl_c2w,80,16,/home/m/dataset/ltm_datasets/DL3DV-ALL-480P/10K_extracted/bdd807b96582a0c2f6ec6e0cabe5199d01a431b1f78f5dd5001b8143aaad138d
DL3DV-ALL-480P/10K_extracted/be248bb73c7916d2670da45868509717f9007729226167d2e91bad580aac7530,DL3DV-ALL-480P,DL3DV-ALL-480P,nerf_transforms_images8_colmap_depth,colmap_photometric_bin,transforms_json_opengl_c2w,80,16,/home/m/dataset/ltm_datasets/DL3DV-ALL-480P/10K_extracted/be248bb73c7916d2670da45868509717f9007729226167d2e91bad580aac7530
DL3DV-ALL-480P/10K_extracted/be839b9f122449b84dafc8121e47a177829ab1764c3bba922a31c1695eeb6f08,DL3DV-ALL-480P,DL3DV-ALL-480P,nerf_transforms_images8_colmap_depth,colmap_photometric_bin,transforms_json_opengl_c2w,80,16,/home/m/dataset/ltm_datasets/DL3DV-ALL-480P/10K_extracted/be839b9f122449b84dafc8121e47a177829ab1764c3bba922a31c1695eeb6f08
DL3DV-ALL-480P/10K_extracted/bf42c00d420e93a307f2ed75e363e628486840fba697d7f9b8290846092c195c,DL3DV-ALL-480P,DL3DV-ALL-480P,nerf_transforms_images8_colmap_depth,colmap_photometric_bin,transforms_json_opengl_c2w,80,16,/home/m/dataset/ltm_datasets/DL3DV-ALL-480P/10K_extracted/bf42c00d420e93a307f2ed75e363e628486840fba697d7f9b8290846092c195c
DL3DV-ALL-480P/10K_extracted/c037e8368372875e3bbe814e4fbd7740bc0b1510759e4ac0d8512c297f7830b0,DL3DV-ALL-480P,DL3DV-ALL-480P,nerf_transforms_images8_colmap_depth,colmap_photometric_bin,transforms_json_opengl_c2w,80,16,/home/m/dataset/ltm_datasets/DL3DV-ALL-480P/10K_extracted/c037e8368372875e3bbe814e4fbd7740bc0b1510759e4ac0d8512c297f7830b0
DL3DV-ALL-480P/10K_extracted/c0e013a4b29403a3c95e04e3956b66f0dbfee4cd6cbc2989bd74557c09d38885,DL3DV-ALL-480P,DL3DV-ALL-480P,nerf_transforms_images8_colmap_depth,colmap_photometric_bin,transforms_json_opengl_c2w,80,16,/home/m/dataset/ltm_datasets/DL3DV-ALL-480P/10K_extracted/c0e013a4b29403a3c95e04e3956b66f0dbfee4cd6cbc2989bd74557c09d38885
DL3DV-ALL-480P/10K_extracted/c1292bb1b8746b589d7808f414e9df0600837a0304090f2e84ca22b44937c4d7,DL3DV-ALL-480P,DL3DV-ALL-480P,nerf_transforms_images8_colmap_depth,colmap_photometric_bin,transforms_json_opengl_c2w,80,16,/home/m/dataset/ltm_datasets/DL3DV-ALL-480P/10K_extracted/c1292bb1b8746b589d7808f414e9df0600837a0304090f2e84ca22b44937c4d7
DL3DV-ALL-480P/10K_extracted/c142ee05d9bb2347534377c58125899c195985125a0af797240b59b58a55c8b2,DL3DV-ALL-480P,DL3DV-ALL-480P,nerf_transforms_images8_colmap_depth,colmap_photometric_bin,transforms_json_opengl_c2w,80,16,/home/m/dataset/ltm_datasets/DL3DV-ALL-480P/10K_extracted/c142ee05d9bb2347534377c58125899c195985125a0af797240b59b58a55c8b2
DL3DV-ALL-480P/10K_extracted/c155e259e0e1a0713d1585cc58f99c201e98ffa244ca533a0281e564db7d3086,DL3DV-ALL-480P,DL3DV-ALL-480P,nerf_transforms_images8_colmap_depth,colmap_photometric_bin,transforms_json_opengl_c2w,80,16,/home/m/dataset/ltm_datasets/DL3DV-ALL-480P/10K_extracted/c155e259e0e1a0713d1585cc58f99c201e98ffa244ca533a0281e564db7d3086
DL3DV-ALL-480P/10K_extracted/c1d8c1f858e01904381efe17b3381c50445f49857f4412bd92bd5713a60b8f9d,DL3DV-ALL-480P,DL3DV-ALL-480P,nerf_transforms_images8_colmap_depth,colmap_photometric_bin,transforms_json_opengl_c2w,80,16,/home/m/dataset/ltm_datasets/DL3DV-ALL-480P/10K_extracted/c1d8c1f858e01904381efe17b3381c50445f49857f4412bd92bd5713a60b8f9d
DL3DV-ALL-480P/10K_extracted/c20e19e353e0346b69834b0e23bf13caf6c122e8dd7a302b014a0de74e6c8fc1,DL3DV-ALL-480P,DL3DV-ALL-480P,nerf_transforms_images8_colmap_depth,colmap_photometric_bin,transforms_json_opengl_c2w,80,16,/home/m/dataset/ltm_datasets/DL3DV-ALL-480P/10K_extracted/c20e19e353e0346b69834b0e23bf13caf6c122e8dd7a302b014a0de74e6c8fc1
DL3DV-ALL-480P/10K_extracted/c25384e098213ca175c661f2665bba159440da4a736e7541e61de4d0fce86d37,DL3DV-ALL-480P,DL3DV-ALL-480P,nerf_transforms_images8_colmap_depth,colmap_photometric_bin,transforms_json_opengl_c2w,80,16,/home/m/dataset/ltm_datasets/DL3DV-ALL-480P/10K_extracted/c25384e098213ca175c661f2665bba159440da4a736e7541e61de4d0fce86d37
DL3DV-ALL-480P/10K_extracted/c357039d7e4aaa4f88a1a7117de0907d3ddefb5b6b842ad074ebefae1eab7d88,DL3DV-ALL-480P,DL3DV-ALL-480P,nerf_transforms_images8_colmap_depth,colmap_photometric_bin,transforms_json_opengl_c2w,80,16,/home/m/dataset/ltm_datasets/DL3DV-ALL-480P/10K_extracted/c357039d7e4aaa4f88a1a7117de0907d3ddefb5b6b842ad074ebefae1eab7d88
DL3DV-ALL-480P/10K_extracted/c37b5817c2dcd2053e967f46165fb623c31f5eabb0024159093c469c7d00b2f9,DL3DV-ALL-480P,DL3DV-ALL-480P,nerf_transforms_images8_colmap_depth,colmap_photometric_bin,transforms_json_opengl_c2w,80,16,/home/m/dataset/ltm_datasets/DL3DV-ALL-480P/10K_extracted/c37b5817c2dcd2053e967f46165fb623c31f5eabb0024159093c469c7d00b2f9
DL3DV-ALL-480P/10K_extracted/c37b62be359c13bffa34c0b2a448312adb74da45ef4a197b0d944633af1e63ef,DL3DV-ALL-480P,DL3DV-ALL-480P,nerf_transforms_images8_colmap_depth,colmap_photometric_bin,transforms_json_opengl_c2w,80,16,/home/m/dataset/ltm_datasets/DL3DV-ALL-480P/10K_extracted/c37b62be359c13bffa34c0b2a448312adb74da45ef4a197b0d944633af1e63ef
DL3DV-ALL-480P/10K_extracted/c38a0cc12558bc9062fe06996449f40a6faed427a5a37991e015896aceaa83e1,DL3DV-ALL-480P,DL3DV-ALL-480P,nerf_transforms_images8_colmap_depth,colmap_photometric_bin,transforms_json_opengl_c2w,80,16,/home/m/dataset/ltm_datasets/DL3DV-ALL-480P/10K_extracted/c38a0cc12558bc9062fe06996449f40a6faed427a5a37991e015896aceaa83e1
DL3DV-ALL-480P/10K_extracted/c3b6c99842ae19686f557827232c2433651304951af70f76efa5ad195400b570,DL3DV-ALL-480P,DL3DV-ALL-480P,nerf_transforms_images8_colmap_depth,colmap_photometric_bin,transforms_json_opengl_c2w,80,16,/home/m/dataset/ltm_datasets/DL3DV-ALL-480P/10K_extracted/c3b6c99842ae19686f557827232c2433651304951af70f76efa5ad195400b570
DL3DV-ALL-480P/10K_extracted/c44b81ab05212e0bb42c0cb90515fb09992c97dcf4c15121a16457116dbd9a59,DL3DV-ALL-480P,DL3DV-ALL-480P,nerf_transforms_images8_colmap_depth,colmap_photometric_bin,transforms_json_opengl_c2w,80,16,/home/m/dataset/ltm_datasets/DL3DV-ALL-480P/10K_extracted/c44b81ab05212e0bb42c0cb90515fb09992c97dcf4c15121a16457116dbd9a59
DL3DV-ALL-480P/10K_extracted/c455899acfc8816353a55fade692d19d9c2bff68c8615f852931d5754848db74,DL3DV-ALL-480P,DL3DV-ALL-480P,nerf_transforms_images8_colmap_depth,colmap_photometric_bin,transforms_json_opengl_c2w,80,16,/home/m/dataset/ltm_datasets/DL3DV-ALL-480P/10K_extracted/c455899acfc8816353a55fade692d19d9c2bff68c8615f852931d5754848db74
DL3DV-ALL-480P/10K_extracted/c4ee5436ced50bc37790d3c1557f1d48a2fa83a27d3f19e5bea7c1e518fc4ce8,DL3DV-ALL-480P,DL3DV-ALL-480P,nerf_transforms_images8_colmap_depth,colmap_photometric_bin,transforms_json_opengl_c2w,80,16,/home/m/dataset/ltm_datasets/DL3DV-ALL-480P/10K_extracted/c4ee5436ced50bc37790d3c1557f1d48a2fa83a27d3f19e5bea7c1e518fc4ce8
DL3DV-ALL-480P/10K_extracted/c576e8cf0bd7741efc96f14cd630575488d9ea0f195cabae7a645733b12c4c2c,DL3DV-ALL-480P,DL3DV-ALL-480P,nerf_transforms_images8_colmap_depth,colmap_photometric_bin,transforms_json_opengl_c2w,80,16,/home/m/dataset/ltm_datasets/DL3DV-ALL-480P/10K_extracted/c576e8cf0bd7741efc96f14cd630575488d9ea0f195cabae7a645733b12c4c2c
DL3DV-ALL-480P/10K_extracted/c5aa3da86ae32dc0e8c53dabea8d273db68d160fb9200e6f49ff32049c93a546,DL3DV-ALL-480P,DL3DV-ALL-480P,nerf_transforms_images8_colmap_depth,colmap_photometric_bin,transforms_json_opengl_c2w,80,16,/home/m/dataset/ltm_datasets/DL3DV-ALL-480P/10K_extracted/c5aa3da86ae32dc0e8c53dabea8d273db68d160fb9200e6f49ff32049c93a546
DL3DV-ALL-480P/10K_extracted/c661c5e05016b0e30d4bcc351872f77c627b37fa16b7426f171c0a313b66ac22,DL3DV-ALL-480P,DL3DV-ALL-480P,nerf_transforms_images8_colmap_depth,colmap_photometric_bin,transforms_json_opengl_c2w,80,16,/home/m/dataset/ltm_datasets/DL3DV-ALL-480P/10K_extracted/c661c5e05016b0e30d4bcc351872f77c627b37fa16b7426f171c0a313b66ac22
DL3DV-ALL-480P/10K_extracted/c72385b1788e4f8aa87462a3c873634eb2b458cd77e15740409024ac836402c5,DL3DV-ALL-480P,DL3DV-ALL-480P,nerf_transforms_images8_colmap_depth,colmap_photometric_bin,transforms_json_opengl_c2w,80,16,/home/m/dataset/ltm_datasets/DL3DV-ALL-480P/10K_extracted/c72385b1788e4f8aa87462a3c873634eb2b458cd77e15740409024ac836402c5
DL3DV-ALL-480P/10K_extracted/c72e5c1eaefab0033ee3ed33d709b98a04b7d04918cd28f612f434d66e962677,DL3DV-ALL-480P,DL3DV-ALL-480P,nerf_transforms_images8_colmap_depth,colmap_photometric_bin,transforms_json_opengl_c2w,80,16,/home/m/dataset/ltm_datasets/DL3DV-ALL-480P/10K_extracted/c72e5c1eaefab0033ee3ed33d709b98a04b7d04918cd28f612f434d66e962677
DL3DV-ALL-480P/10K_extracted/c7520919b9a577cf295ffdd7eb92aa1dc5d3930669a9efb7f43c9815cf0d6e70,DL3DV-ALL-480P,DL3DV-ALL-480P,nerf_transforms_images8_colmap_depth,colmap_photometric_bin,transforms_json_opengl_c2w,80,16,/home/m/dataset/ltm_datasets/DL3DV-ALL-480P/10K_extracted/c7520919b9a577cf295ffdd7eb92aa1dc5d3930669a9efb7f43c9815cf0d6e70
DL3DV-ALL-480P/10K_extracted/c754d9dc9d284cf09d897b4f4a1369ae8b147b55e5e3832a5fec38a86344ed2c,DL3DV-ALL-480P,DL3DV-ALL-480P,nerf_transforms_images8_colmap_depth,colmap_photometric_bin,transforms_json_opengl_c2w,80,16,/home/m/dataset/ltm_datasets/DL3DV-ALL-480P/10K_extracted/c754d9dc9d284cf09d897b4f4a1369ae8b147b55e5e3832a5fec38a86344ed2c
DL3DV-ALL-480P/10K_extracted/c77249c199e51c1e90737f222b2a2a34d85b667e878024570850f5277b5e8a9b,DL3DV-ALL-480P,DL3DV-ALL-480P,nerf_transforms_images8_colmap_depth,colmap_photometric_bin,transforms_json_opengl_c2w,80,16,/home/m/dataset/ltm_datasets/DL3DV-ALL-480P/10K_extracted/c77249c199e51c1e90737f222b2a2a34d85b667e878024570850f5277b5e8a9b
DL3DV-ALL-480P/10K_extracted/c7b29fb2cb296214d8eff84b56d6af9aa9b46dc382dc18aeaffa8b798a3ce701,DL3DV-ALL-480P,DL3DV-ALL-480P,nerf_transforms_images8_colmap_depth,colmap_photometric_bin,transforms_json_opengl_c2w,80,16,/home/m/dataset/ltm_datasets/DL3DV-ALL-480P/10K_extracted/c7b29fb2cb296214d8eff84b56d6af9aa9b46dc382dc18aeaffa8b798a3ce701
DL3DV-ALL-480P/10K_extracted/c7f2c360baf3cbf99d130c9bf8fa266d95031c2b40c25983da13f3941b8842e4,DL3DV-ALL-480P,DL3DV-ALL-480P,nerf_transforms_images8_colmap_depth,colmap_photometric_bin,transforms_json_opengl_c2w,80,16,/home/m/dataset/ltm_datasets/DL3DV-ALL-480P/10K_extracted/c7f2c360baf3cbf99d130c9bf8fa266d95031c2b40c25983da13f3941b8842e4
DL3DV-ALL-480P/10K_extracted/c810f32a74147477bc336f30110bae60ab81197fcf8ea542b40cd15248fdc0be,DL3DV-ALL-480P,DL3DV-ALL-480P,nerf_transforms_images8_colmap_depth,colmap_photometric_bin,transforms_json_opengl_c2w,80,16,/home/m/dataset/ltm_datasets/DL3DV-ALL-480P/10K_extracted/c810f32a74147477bc336f30110bae60ab81197fcf8ea542b40cd15248fdc0be
DL3DV-ALL-480P/10K_extracted/c83e98101f1ab2a9f0181fc7a2a791807a6b9194532d8b130960eb280fb09abd,DL3DV-ALL-480P,DL3DV-ALL-480P,nerf_transforms_images8_colmap_depth,colmap_photometric_bin,transforms_json_opengl_c2w,80,16,/home/m/dataset/ltm_datasets/DL3DV-ALL-480P/10K_extracted/c83e98101f1ab2a9f0181fc7a2a791807a6b9194532d8b130960eb280fb09abd
DL3DV-ALL-480P/10K_extracted/c8a5c53cf9f5fa0c52d98f32b5c6367251d77bd4a5facc8a1cecf50cface1d98,DL3DV-ALL-480P,DL3DV-ALL-480P,nerf_transforms_images8_colmap_depth,colmap_photometric_bin,transforms_json_opengl_c2w,80,16,/home/m/dataset/ltm_datasets/DL3DV-ALL-480P/10K_extracted/c8a5c53cf9f5fa0c52d98f32b5c6367251d77bd4a5facc8a1cecf50cface1d98
DL3DV-ALL-480P/10K_extracted/c8a82da028e26e9ebb10c7899987d1a680c9c08ee4743b64418c249d1d55a5c3,DL3DV-ALL-480P,DL3DV-ALL-480P,nerf_transforms_images8_colmap_depth,colmap_photometric_bin,transforms_json_opengl_c2w,80,16,/home/m/dataset/ltm_datasets/DL3DV-ALL-480P/10K_extracted/c8a82da028e26e9ebb10c7899987d1a680c9c08ee4743b64418c249d1d55a5c3
DL3DV-ALL-480P/10K_extracted/c8d7ca739ba21f44855681417f2ee72e8ce621e738797b6b979fbb8661532054,DL3DV-ALL-480P,DL3DV-ALL-480P,nerf_transforms_images8_colmap_depth,colmap_photometric_bin,transforms_json_opengl_c2w,80,16,/home/m/dataset/ltm_datasets/DL3DV-ALL-480P/10K_extracted/c8d7ca739ba21f44855681417f2ee72e8ce621e738797b6b979fbb8661532054
DL3DV-ALL-480P/10K_extracted/c8f7f5c80d088bbf077c0d76d3a3c2678579bfdc896cceb662fe1f83aeab4e4a,DL3DV-ALL-480P,DL3DV-ALL-480P,nerf_transforms_images8_colmap_depth,colmap_photometric_bin,transforms_json_opengl_c2w,80,16,/home/m/dataset/ltm_datasets/DL3DV-ALL-480P/10K_extracted/c8f7f5c80d088bbf077c0d76d3a3c2678579bfdc896cceb662fe1f83aeab4e4a
DL3DV-ALL-480P/10K_extracted/ca25b58ca7433c6bef7dfb1e572cda77f80eaad3b28b963f291ecebe1f466a0e,DL3DV-ALL-480P,DL3DV-ALL-480P,nerf_transforms_images8_colmap_depth,colmap_photometric_bin,transforms_json_opengl_c2w,80,16,/home/m/dataset/ltm_datasets/DL3DV-ALL-480P/10K_extracted/ca25b58ca7433c6bef7dfb1e572cda77f80eaad3b28b963f291ecebe1f466a0e
DL3DV-ALL-480P/10K_extracted/ca8188fd3393cc17954be614a7d7868ad3130c164dc2cb20348b06bf00172f02,DL3DV-ALL-480P,DL3DV-ALL-480P,nerf_transforms_images8_colmap_depth,colmap_photometric_bin,transforms_json_opengl_c2w,80,16,/home/m/dataset/ltm_datasets/DL3DV-ALL-480P/10K_extracted/ca8188fd3393cc17954be614a7d7868ad3130c164dc2cb20348b06bf00172f02
DL3DV-ALL-480P/10K_extracted/ca8fa4506de6ca5f563adcf22293e2838b86648b166fee165490c08a9503f660,DL3DV-ALL-480P,DL3DV-ALL-480P,nerf_transforms_images8_colmap_depth,colmap_photometric_bin,transforms_json_opengl_c2w,80,16,/home/m/dataset/ltm_datasets/DL3DV-ALL-480P/10K_extracted/ca8fa4506de6ca5f563adcf22293e2838b86648b166fee165490c08a9503f660
DL3DV-ALL-480P/10K_extracted/caaff2dffcb6563f672693a134a2a4d5f571da9a7e2e11d371d8a486a3e517c6,DL3DV-ALL-480P,DL3DV-ALL-480P,nerf_transforms_images8_colmap_depth,colmap_photometric_bin,transforms_json_opengl_c2w,80,16,/home/m/dataset/ltm_datasets/DL3DV-ALL-480P/10K_extracted/caaff2dffcb6563f672693a134a2a4d5f571da9a7e2e11d371d8a486a3e517c6
DL3DV-ALL-480P/10K_extracted/cb0545615fb47f23a87a7ece4a0867bfddb86c3bc22dad2dd3121be681000674,DL3DV-ALL-480P,DL3DV-ALL-480P,nerf_transforms_images8_colmap_depth,colmap_photometric_bin,transforms_json_opengl_c2w,80,16,/home/m/dataset/ltm_datasets/DL3DV-ALL-480P/10K_extracted/cb0545615fb47f23a87a7ece4a0867bfddb86c3bc22dad2dd3121be681000674
DL3DV-ALL-480P/10K_extracted/cb271056f2bd89e2b53049049409e6275ef972fceb542edd2e83d48ec7514829,DL3DV-ALL-480P,DL3DV-ALL-480P,nerf_transforms_images8_colmap_depth,colmap_photometric_bin,transforms_json_opengl_c2w,80,16,/home/m/dataset/ltm_datasets/DL3DV-ALL-480P/10K_extracted/cb271056f2bd89e2b53049049409e6275ef972fceb542edd2e83d48ec7514829
DL3DV-ALL-480P/10K_extracted/cbd44beb04f9c98f2d2c5affff89a6e0a72c25f1aa0c6f660fbd9e4d26702f8b,DL3DV-ALL-480P,DL3DV-ALL-480P,nerf_transforms_images8_colmap_depth,colmap_photometric_bin,transforms_json_opengl_c2w,80,16,/home/m/dataset/ltm_datasets/DL3DV-ALL-480P/10K_extracted/cbd44beb04f9c98f2d2c5affff89a6e0a72c25f1aa0c6f660fbd9e4d26702f8b
DL3DV-ALL-480P/10K_extracted/cc2dc09c13b74002970de3d53f8d7ec21d75a43a7b3e7e0442369d56892731cb,DL3DV-ALL-480P,DL3DV-ALL-480P,nerf_transforms_images8_colmap_depth,colmap_photometric_bin,transforms_json_opengl_c2w,80,16,/home/m/dataset/ltm_datasets/DL3DV-ALL-480P/10K_extracted/cc2dc09c13b74002970de3d53f8d7ec21d75a43a7b3e7e0442369d56892731cb
DL3DV-ALL-480P/10K_extracted/cd30b32720e22c1b8fdf6865ede507bce5529698046522215182d371654f1968,DL3DV-ALL-480P,DL3DV-ALL-480P,nerf_transforms_images8_colmap_depth,colmap_photometric_bin,transforms_json_opengl_c2w,80,16,/home/m/dataset/ltm_datasets/DL3DV-ALL-480P/10K_extracted/cd30b32720e22c1b8fdf6865ede507bce5529698046522215182d371654f1968
DL3DV-ALL-480P/10K_extracted/cdaef9b1331cb158f04608e6943d3e71e2be4c18ec840e82770d913b59deb511,DL3DV-ALL-480P,DL3DV-ALL-480P,nerf_transforms_images8_colmap_depth,colmap_photometric_bin,transforms_json_opengl_c2w,80,16,/home/m/dataset/ltm_datasets/DL3DV-ALL-480P/10K_extracted/cdaef9b1331cb158f04608e6943d3e71e2be4c18ec840e82770d913b59deb511
DL3DV-ALL-480P/10K_extracted/ce4986b5a86a32e5c598c8471d3abd2f3eb4935346f2d4263b4054747c17053b,DL3DV-ALL-480P,DL3DV-ALL-480P,nerf_transforms_images8_colmap_depth,colmap_photometric_bin,transforms_json_opengl_c2w,80,16,/home/m/dataset/ltm_datasets/DL3DV-ALL-480P/10K_extracted/ce4986b5a86a32e5c598c8471d3abd2f3eb4935346f2d4263b4054747c17053b
DL3DV-ALL-480P/10K_extracted/ce9edf3a30691e82443726450db8e4a19be319ad2a1bf8c1278acc75a11030b4,DL3DV-ALL-480P,DL3DV-ALL-480P,nerf_transforms_images8_colmap_depth,colmap_photometric_bin,transforms_json_opengl_c2w,80,16,/home/m/dataset/ltm_datasets/DL3DV-ALL-480P/10K_extracted/ce9edf3a30691e82443726450db8e4a19be319ad2a1bf8c1278acc75a11030b4
DL3DV-ALL-480P/10K_extracted/cff5b196e73c6d011e348fe77047107e5bae85f108b22c43772a41e4166c8246,DL3DV-ALL-480P,DL3DV-ALL-480P,nerf_transforms_images8_colmap_depth,colmap_photometric_bin,transforms_json_opengl_c2w,80,16,/home/m/dataset/ltm_datasets/DL3DV-ALL-480P/10K_extracted/cff5b196e73c6d011e348fe77047107e5bae85f108b22c43772a41e4166c8246
DL3DV-ALL-480P/10K_extracted/cff5be1aab3ba11b03bd02c5e0aaab30b113bada421b39e2b801d6bfd816dd5f,DL3DV-ALL-480P,DL3DV-ALL-480P,nerf_transforms_images8_colmap_depth,colmap_photometric_bin,transforms_json_opengl_c2w,80,16,/home/m/dataset/ltm_datasets/DL3DV-ALL-480P/10K_extracted/cff5be1aab3ba11b03bd02c5e0aaab30b113bada421b39e2b801d6bfd816dd5f
DL3DV-ALL-480P/10K_extracted/d0a21afcd5e42762f7ff38b555df0c3852d20d842820b49a88458373834df091,DL3DV-ALL-480P,DL3DV-ALL-480P,nerf_transforms_images8_colmap_depth,colmap_photometric_bin,transforms_json_opengl_c2w,80,16,/home/m/dataset/ltm_datasets/DL3DV-ALL-480P/10K_extracted/d0a21afcd5e42762f7ff38b555df0c3852d20d842820b49a88458373834df091
DL3DV-ALL-480P/10K_extracted/d0b1288356b74cd68dc5ff1eec5d0bb7eee86b7796aad2a61b9640ed79d3be53,DL3DV-ALL-480P,DL3DV-ALL-480P,nerf_transforms_images8_colmap_depth,colmap_photometric_bin,transforms_json_opengl_c2w,80,16,/home/m/dataset/ltm_datasets/DL3DV-ALL-480P/10K_extracted/d0b1288356b74cd68dc5ff1eec5d0bb7eee86b7796aad2a61b9640ed79d3be53
DL3DV-ALL-480P/10K_extracted/d0d128f13841c618df13ff2d4b7b6c42d5d6eb4500ba4c37e0a71bac1ed4c19e,DL3DV-ALL-480P,DL3DV-ALL-480P,nerf_transforms_images8_colmap_depth,colmap_photometric_bin,transforms_json_opengl_c2w,80,16,/home/m/dataset/ltm_datasets/DL3DV-ALL-480P/10K_extracted/d0d128f13841c618df13ff2d4b7b6c42d5d6eb4500ba4c37e0a71bac1ed4c19e
DL3DV-ALL-480P/10K_extracted/d10553b0d5abc9865ffbed5a0e4a36e6700ed64d2d424f62c8405a6396e7655d,DL3DV-ALL-480P,DL3DV-ALL-480P,nerf_transforms_images8_colmap_depth,colmap_photometric_bin,transforms_json_opengl_c2w,80,16,/home/m/dataset/ltm_datasets/DL3DV-ALL-480P/10K_extracted/d10553b0d5abc9865ffbed5a0e4a36e6700ed64d2d424f62c8405a6396e7655d
DL3DV-ALL-480P/10K_extracted/d15459fcb98539d983be15043c18e0004a5b332bd86592fc249d9fff13f3314f,DL3DV-ALL-480P,DL3DV-ALL-480P,nerf_transforms_images8_colmap_depth,colmap_photometric_bin,transforms_json_opengl_c2w,80,16,/home/m/dataset/ltm_datasets/DL3DV-ALL-480P/10K_extracted/d15459fcb98539d983be15043c18e0004a5b332bd86592fc249d9fff13f3314f
DL3DV-ALL-480P/10K_extracted/d1ef0b0f27a84ef47e42e348a86536435e2ad878d76ebdc0fba533039cad66a0,DL3DV-ALL-480P,DL3DV-ALL-480P,nerf_transforms_images8_colmap_depth,colmap_photometric_bin,transforms_json_opengl_c2w,80,16,/home/m/dataset/ltm_datasets/DL3DV-ALL-480P/10K_extracted/d1ef0b0f27a84ef47e42e348a86536435e2ad878d76ebdc0fba533039cad66a0
DL3DV-ALL-480P/10K_extracted/d286c5ea19fe4c5c4db935d68022440b0a61ec8798ff9e770973417adeaf1f20,DL3DV-ALL-480P,DL3DV-ALL-480P,nerf_transforms_images8_colmap_depth,colmap_photometric_bin,transforms_json_opengl_c2w,80,16,/home/m/dataset/ltm_datasets/DL3DV-ALL-480P/10K_extracted/d286c5ea19fe4c5c4db935d68022440b0a61ec8798ff9e770973417adeaf1f20
DL3DV-ALL-480P/10K_extracted/d29884ed82de0d2fb29f76ba628d458cb67b8cd46298fa078d2f51ce8680f34b,DL3DV-ALL-480P,DL3DV-ALL-480P,nerf_transforms_images8_colmap_depth,colmap_photometric_bin,transforms_json_opengl_c2w,80,16,/home/m/dataset/ltm_datasets/DL3DV-ALL-480P/10K_extracted/d29884ed82de0d2fb29f76ba628d458cb67b8cd46298fa078d2f51ce8680f34b
DL3DV-ALL-480P/10K_extracted/d2bca626b442276e269df9d6b0f0cc4740c0c1dc0b0458822ff6bdb2caadbcee,DL3DV-ALL-480P,DL3DV-ALL-480P,nerf_transforms_images8_colmap_depth,colmap_photometric_bin,transforms_json_opengl_c2w,80,16,/home/m/dataset/ltm_datasets/DL3DV-ALL-480P/10K_extracted/d2bca626b442276e269df9d6b0f0cc4740c0c1dc0b0458822ff6bdb2caadbcee
DL3DV-ALL-480P/10K_extracted/d3300a65cf2b9a1fa43a94e39fc574054823ea6a3398067d7d1ca37218666e60,DL3DV-ALL-480P,DL3DV-ALL-480P,nerf_transforms_images8_colmap_depth,colmap_photometric_bin,transforms_json_opengl_c2w,80,16,/home/m/dataset/ltm_datasets/DL3DV-ALL-480P/10K_extracted/d3300a65cf2b9a1fa43a94e39fc574054823ea6a3398067d7d1ca37218666e60
DL3DV-ALL-480P/10K_extracted/d33cc7763fdbd4e24a4347eeb9171efd64e05b3d45f43bafd037fadc69a37fb2,DL3DV-ALL-480P,DL3DV-ALL-480P,nerf_transforms_images8_colmap_depth,colmap_photometric_bin,transforms_json_opengl_c2w,80,16,/home/m/dataset/ltm_datasets/DL3DV-ALL-480P/10K_extracted/d33cc7763fdbd4e24a4347eeb9171efd64e05b3d45f43bafd037fadc69a37fb2
DL3DV-ALL-480P/10K_extracted/d33e1be7d50db60b5348d610a70230d59a57c88c9e37e492896a8cc01a30b3b3,DL3DV-ALL-480P,DL3DV-ALL-480P,nerf_transforms_images8_colmap_depth,colmap_photometric_bin,transforms_json_opengl_c2w,80,16,/home/m/dataset/ltm_datasets/DL3DV-ALL-480P/10K_extracted/d33e1be7d50db60b5348d610a70230d59a57c88c9e37e492896a8cc01a30b3b3
DL3DV-ALL-480P/10K_extracted/d37618e44208c1b3937593396bab1495caaeb69164833cebdab1c03b8dfd0d4f,DL3DV-ALL-480P,DL3DV-ALL-480P,nerf_transforms_images8_colmap_depth,colmap_photometric_bin,transforms_json_opengl_c2w,80,16,/home/m/dataset/ltm_datasets/DL3DV-ALL-480P/10K_extracted/d37618e44208c1b3937593396bab1495caaeb69164833cebdab1c03b8dfd0d4f
DL3DV-ALL-480P/10K_extracted/d408f2cd41c5ae4bacf78a8d884c6ae86be4bffebf2f06b7ab61d40f15403013,DL3DV-ALL-480P,DL3DV-ALL-480P,nerf_transforms_images8_colmap_depth,colmap_photometric_bin,transforms_json_opengl_c2w,80,16,/home/m/dataset/ltm_datasets/DL3DV-ALL-480P/10K_extracted/d408f2cd41c5ae4bacf78a8d884c6ae86be4bffebf2f06b7ab61d40f15403013
DL3DV-ALL-480P/10K_extracted/d431e0544afcf2473b1cd0201dd5cac6c6fadaa606ae438d4e9b9811a8711110,DL3DV-ALL-480P,DL3DV-ALL-480P,nerf_transforms_images8_colmap_depth,colmap_photometric_bin,transforms_json_opengl_c2w,80,16,/home/m/dataset/ltm_datasets/DL3DV-ALL-480P/10K_extracted/d431e0544afcf2473b1cd0201dd5cac6c6fadaa606ae438d4e9b9811a8711110
DL3DV-ALL-480P/10K_extracted/d43a1d08b07591ecba2368159ae0a699911d1a946ab25ff8807504743efc5692,DL3DV-ALL-480P,DL3DV-ALL-480P,nerf_transforms_images8_colmap_depth,colmap_photometric_bin,transforms_json_opengl_c2w,80,16,/home/m/dataset/ltm_datasets/DL3DV-ALL-480P/10K_extracted/d43a1d08b07591ecba2368159ae0a699911d1a946ab25ff8807504743efc5692
DL3DV-ALL-480P/10K_extracted/d4419dd7afd7a3ccc5e34d6bf34cde82e2758b29616b0670225c0185309676c1,DL3DV-ALL-480P,DL3DV-ALL-480P,nerf_transforms_images8_colmap_depth,colmap_photometric_bin,transforms_json_opengl_c2w,80,16,/home/m/dataset/ltm_datasets/DL3DV-ALL-480P/10K_extracted/d4419dd7afd7a3ccc5e34d6bf34cde82e2758b29616b0670225c0185309676c1
DL3DV-ALL-480P/10K_extracted/d47de1e5564ff97f4a2e85cf41b78709fd9b9b4b666f7a90cac7411e904d8296,DL3DV-ALL-480P,DL3DV-ALL-480P,nerf_transforms_images8_colmap_depth,colmap_photometric_bin,transforms_json_opengl_c2w,80,16,/home/m/dataset/ltm_datasets/DL3DV-ALL-480P/10K_extracted/d47de1e5564ff97f4a2e85cf41b78709fd9b9b4b666f7a90cac7411e904d8296
DL3DV-ALL-480P/10K_extracted/d48735c1b8cb54d9df897b8687da941f642b9b32c615f8f61d8fa3c2fcfb147e,DL3DV-ALL-480P,DL3DV-ALL-480P,nerf_transforms_images8_colmap_depth,colmap_photometric_bin,transforms_json_opengl_c2w,80,16,/home/m/dataset/ltm_datasets/DL3DV-ALL-480P/10K_extracted/d48735c1b8cb54d9df897b8687da941f642b9b32c615f8f61d8fa3c2fcfb147e
DL3DV-ALL-480P/10K_extracted/d49db95866fb5aff8ca10fd7be16e7e9646664ba992342b05a3d07713605977d,DL3DV-ALL-480P,DL3DV-ALL-480P,nerf_transforms_images8_colmap_depth,colmap_photometric_bin,transforms_json_opengl_c2w,80,16,/home/m/dataset/ltm_datasets/DL3DV-ALL-480P/10K_extracted/d49db95866fb5aff8ca10fd7be16e7e9646664ba992342b05a3d07713605977d
DL3DV-ALL-480P/10K_extracted/d4fb013f6711728d4f5217ea781490835eff0a20a0de0ca88707642a104fa7fe,DL3DV-ALL-480P,DL3DV-ALL-480P,nerf_transforms_images8_colmap_depth,colmap_photometric_bin,transforms_json_opengl_c2w,80,16,/home/m/dataset/ltm_datasets/DL3DV-ALL-480P/10K_extracted/d4fb013f6711728d4f5217ea781490835eff0a20a0de0ca88707642a104fa7fe
DL3DV-ALL-480P/10K_extracted/d5651723c6f7fc89e6ea1d052ea53849f8d834ffb4bd16c0aded179a09209120,DL3DV-ALL-480P,DL3DV-ALL-480P,nerf_transforms_images8_colmap_depth,colmap_photometric_bin,transforms_json_opengl_c2w,80,16,/home/m/dataset/ltm_datasets/DL3DV-ALL-480P/10K_extracted/d5651723c6f7fc89e6ea1d052ea53849f8d834ffb4bd16c0aded179a09209120
DL3DV-ALL-480P/10K_extracted/d58d06cff799c7e3ed84c1daecb614ee387985e070f0803e8f93449df38bdc6a,DL3DV-ALL-480P,DL3DV-ALL-480P,nerf_transforms_images8_colmap_depth,colmap_photometric_bin,transforms_json_opengl_c2w,80,16,/home/m/dataset/ltm_datasets/DL3DV-ALL-480P/10K_extracted/d58d06cff799c7e3ed84c1daecb614ee387985e070f0803e8f93449df38bdc6a
DL3DV-ALL-480P/10K_extracted/d5ff2dc1b6a774a578a7a41c8c0ef1f789ab13d1462aabb4ddb8e859dffb3afb,DL3DV-ALL-480P,DL3DV-ALL-480P,nerf_transforms_images8_colmap_depth,colmap_photometric_bin,transforms_json_opengl_c2w,80,16,/home/m/dataset/ltm_datasets/DL3DV-ALL-480P/10K_extracted/d5ff2dc1b6a774a578a7a41c8c0ef1f789ab13d1462aabb4ddb8e859dffb3afb
DL3DV-ALL-480P/10K_extracted/d662b5f597ea4a609265d40e3f8ae5608c99b434f06f09a387144ed4baef9f1f,DL3DV-ALL-480P,DL3DV-ALL-480P,nerf_transforms_images8_colmap_depth,colmap_photometric_bin,transforms_json_opengl_c2w,80,16,/home/m/dataset/ltm_datasets/DL3DV-ALL-480P/10K_extracted/d662b5f597ea4a609265d40e3f8ae5608c99b434f06f09a387144ed4baef9f1f
DL3DV-ALL-480P/10K_extracted/d67ebf21a201b33b5fd90040193960c23145df13c7bb5c5992d29c41232e1652,DL3DV-ALL-480P,DL3DV-ALL-480P,nerf_transforms_images8_colmap_depth,colmap_photometric_bin,transforms_json_opengl_c2w,80,16,/home/m/dataset/ltm_datasets/DL3DV-ALL-480P/10K_extracted/d67ebf21a201b33b5fd90040193960c23145df13c7bb5c5992d29c41232e1652
DL3DV-ALL-480P/10K_extracted/d73a11c61417e712a228dc3c86d0719493b8878ddb16a52f787db6d0925f54ea,DL3DV-ALL-480P,DL3DV-ALL-480P,nerf_transforms_images8_colmap_depth,colmap_photometric_bin,transforms_json_opengl_c2w,80,16,/home/m/dataset/ltm_datasets/DL3DV-ALL-480P/10K_extracted/d73a11c61417e712a228dc3c86d0719493b8878ddb16a52f787db6d0925f54ea
DL3DV-ALL-480P/10K_extracted/d753b4f983444ee8b9ee182d7a8769784f23d4104c6f5443857e3f513203bd6f,DL3DV-ALL-480P,DL3DV-ALL-480P,nerf_transforms_images8_colmap_depth,colmap_photometric_bin,transforms_json_opengl_c2w,80,16,/home/m/dataset/ltm_datasets/DL3DV-ALL-480P/10K_extracted/d753b4f983444ee8b9ee182d7a8769784f23d4104c6f5443857e3f513203bd6f
DL3DV-ALL-480P/10K_extracted/d777a575c7165bf529c998cc22a3eb0502fb998e1fcdc788e9a13ba5a19e3819,DL3DV-ALL-480P,DL3DV-ALL-480P,nerf_transforms_images8_colmap_depth,colmap_photometric_bin,transforms_json_opengl_c2w,80,16,/home/m/dataset/ltm_datasets/DL3DV-ALL-480P/10K_extracted/d777a575c7165bf529c998cc22a3eb0502fb998e1fcdc788e9a13ba5a19e3819
DL3DV-ALL-480P/10K_extracted/d81534b0e3a5a237dec936b31d7f83d8a45913fc92c1b472910a61a4d9a027f8,DL3DV-ALL-480P,DL3DV-ALL-480P,nerf_transforms_images8_colmap_depth,colmap_photometric_bin,transforms_json_opengl_c2w,80,16,/home/m/dataset/ltm_datasets/DL3DV-ALL-480P/10K_extracted/d81534b0e3a5a237dec936b31d7f83d8a45913fc92c1b472910a61a4d9a027f8
DL3DV-ALL-480P/10K_extracted/d879067ebd0332b54128141bbde382c34b2db942a8d4216a1ccfd8806a93a2c3,DL3DV-ALL-480P,DL3DV-ALL-480P,nerf_transforms_images8_colmap_depth,colmap_photometric_bin,transforms_json_opengl_c2w,80,16,/home/m/dataset/ltm_datasets/DL3DV-ALL-480P/10K_extracted/d879067ebd0332b54128141bbde382c34b2db942a8d4216a1ccfd8806a93a2c3
DL3DV-ALL-480P/10K_extracted/d893da128361fc7b90e7c32df9eb09108dfa8a1bc6a641edead5069c718da79f,DL3DV-ALL-480P,DL3DV-ALL-480P,nerf_transforms_images8_colmap_depth,colmap_photometric_bin,transforms_json_opengl_c2w,80,16,/home/m/dataset/ltm_datasets/DL3DV-ALL-480P/10K_extracted/d893da128361fc7b90e7c32df9eb09108dfa8a1bc6a641edead5069c718da79f
DL3DV-ALL-480P/10K_extracted/d8b06e57f77c003911b753552013394616d17fa5363c9aeedeceed0898e8d3ba,DL3DV-ALL-480P,DL3DV-ALL-480P,nerf_transforms_images8_colmap_depth,colmap_photometric_bin,transforms_json_opengl_c2w,80,16,/home/m/dataset/ltm_datasets/DL3DV-ALL-480P/10K_extracted/d8b06e57f77c003911b753552013394616d17fa5363c9aeedeceed0898e8d3ba
DL3DV-ALL-480P/10K_extracted/d8cbc7560a38b0cf414961100af8a8a48e190c74e47bd85ac516129d20ecb895,DL3DV-ALL-480P,DL3DV-ALL-480P,nerf_transforms_images8_colmap_depth,colmap_photometric_bin,transforms_json_opengl_c2w,80,16,/home/m/dataset/ltm_datasets/DL3DV-ALL-480P/10K_extracted/d8cbc7560a38b0cf414961100af8a8a48e190c74e47bd85ac516129d20ecb895
DL3DV-ALL-480P/10K_extracted/d8da14d3ac47f6bc25a9334be6d09837e1122943da8c2cb862be4e817376e74c,DL3DV-ALL-480P,DL3DV-ALL-480P,nerf_transforms_images8_colmap_depth,colmap_photometric_bin,transforms_json_opengl_c2w,80,16,/home/m/dataset/ltm_datasets/DL3DV-ALL-480P/10K_extracted/d8da14d3ac47f6bc25a9334be6d09837e1122943da8c2cb862be4e817376e74c
DL3DV-ALL-480P/10K_extracted/d961728dc5b54ceb70018b4d433041737a51957ebe9f90747097b777c0879f73,DL3DV-ALL-480P,DL3DV-ALL-480P,nerf_transforms_images8_colmap_depth,colmap_photometric_bin,transforms_json_opengl_c2w,80,16,/home/m/dataset/ltm_datasets/DL3DV-ALL-480P/10K_extracted/d961728dc5b54ceb70018b4d433041737a51957ebe9f90747097b777c0879f73
DL3DV-ALL-480P/10K_extracted/d9dcaedb97652c3c67e21da8539aeeedb247790c7eee11ec415cb3c2e809f291,DL3DV-ALL-480P,DL3DV-ALL-480P,nerf_transforms_images8_colmap_depth,colmap_photometric_bin,transforms_json_opengl_c2w,80,16,/home/m/dataset/ltm_datasets/DL3DV-ALL-480P/10K_extracted/d9dcaedb97652c3c67e21da8539aeeedb247790c7eee11ec415cb3c2e809f291
DL3DV-ALL-480P/10K_extracted/da3bdbf77fa7fc015de0490ba401be3ae5c2011d96a8b3d072e443ff2ac158b8,DL3DV-ALL-480P,DL3DV-ALL-480P,nerf_transforms_images8_colmap_depth,colmap_photometric_bin,transforms_json_opengl_c2w,80,16,/home/m/dataset/ltm_datasets/DL3DV-ALL-480P/10K_extracted/da3bdbf77fa7fc015de0490ba401be3ae5c2011d96a8b3d072e443ff2ac158b8
DL3DV-ALL-480P/10K_extracted/da7a42df25265fe334230111a58bd1024c0ca7b8d2165f39582ab51c83c3ded1,DL3DV-ALL-480P,DL3DV-ALL-480P,nerf_transforms_images8_colmap_depth,colmap_photometric_bin,transforms_json_opengl_c2w,80,16,/home/m/dataset/ltm_datasets/DL3DV-ALL-480P/10K_extracted/da7a42df25265fe334230111a58bd1024c0ca7b8d2165f39582ab51c83c3ded1
DL3DV-ALL-480P/10K_extracted/dac5270121523f2f97d1d14a13c62b8dd498b4853c59c81ca01966420d2edd7d,DL3DV-ALL-480P,DL3DV-ALL-480P,nerf_transforms_images8_colmap_depth,colmap_photometric_bin,transforms_json_opengl_c2w,80,16,/home/m/dataset/ltm_datasets/DL3DV-ALL-480P/10K_extracted/dac5270121523f2f97d1d14a13c62b8dd498b4853c59c81ca01966420d2edd7d
DL3DV-ALL-480P/10K_extracted/db035c10a683e01d9119ecffbdddee6168c7b184e84c84ca67bf9d89d76abf94,DL3DV-ALL-480P,DL3DV-ALL-480P,nerf_transforms_images8_colmap_depth,colmap_photometric_bin,transforms_json_opengl_c2w,80,16,/home/m/dataset/ltm_datasets/DL3DV-ALL-480P/10K_extracted/db035c10a683e01d9119ecffbdddee6168c7b184e84c84ca67bf9d89d76abf94
DL3DV-ALL-480P/10K_extracted/db8a905c14ce2844c06b2d42c6f3beef0300e41be840af16bb8ccd73e22b35cb,DL3DV-ALL-480P,DL3DV-ALL-480P,nerf_transforms_images8_colmap_depth,colmap_photometric_bin,transforms_json_opengl_c2w,80,16,/home/m/dataset/ltm_datasets/DL3DV-ALL-480P/10K_extracted/db8a905c14ce2844c06b2d42c6f3beef0300e41be840af16bb8ccd73e22b35cb
DL3DV-ALL-480P/10K_extracted/db94adef63262008eb8525aa05df6387bd48b57a15294f4f19b1fae4e7f66f2f,DL3DV-ALL-480P,DL3DV-ALL-480P,nerf_transforms_images8_colmap_depth,colmap_photometric_bin,transforms_json_opengl_c2w,80,16,/home/m/dataset/ltm_datasets/DL3DV-ALL-480P/10K_extracted/db94adef63262008eb8525aa05df6387bd48b57a15294f4f19b1fae4e7f66f2f
DL3DV-ALL-480P/10K_extracted/dba94d0ed3870c2d64253ee005c75338fd3d0605f3a5a9ad050ab05b0f6e70c0,DL3DV-ALL-480P,DL3DV-ALL-480P,nerf_transforms_images8_colmap_depth,colmap_photometric_bin,transforms_json_opengl_c2w,80,16,/home/m/dataset/ltm_datasets/DL3DV-ALL-480P/10K_extracted/dba94d0ed3870c2d64253ee005c75338fd3d0605f3a5a9ad050ab05b0f6e70c0
DL3DV-ALL-480P/10K_extracted/dbf60c899f576d5ea4cb8c94d1c1dbcaab11ba35a18e7b045233916fdd8fa890,DL3DV-ALL-480P,DL3DV-ALL-480P,nerf_transforms_images8_colmap_depth,colmap_photometric_bin,transforms_json_opengl_c2w,80,16,/home/m/dataset/ltm_datasets/DL3DV-ALL-480P/10K_extracted/dbf60c899f576d5ea4cb8c94d1c1dbcaab11ba35a18e7b045233916fdd8fa890
DL3DV-ALL-480P/10K_extracted/dc5765d078d4b308bea7fa477f16d8688ec35581d86752e3169503162237a1f4,DL3DV-ALL-480P,DL3DV-ALL-480P,nerf_transforms_images8_colmap_depth,colmap_photometric_bin,transforms_json_opengl_c2w,80,16,/home/m/dataset/ltm_datasets/DL3DV-ALL-480P/10K_extracted/dc5765d078d4b308bea7fa477f16d8688ec35581d86752e3169503162237a1f4
DL3DV-ALL-480P/10K_extracted/dc9e18849eb7082792176dfc43a29fb103cca60252db2dd5906dbaeb7f0a4416,DL3DV-ALL-480P,DL3DV-ALL-480P,nerf_transforms_images8_colmap_depth,colmap_photometric_bin,transforms_json_opengl_c2w,80,16,/home/m/dataset/ltm_datasets/DL3DV-ALL-480P/10K_extracted/dc9e18849eb7082792176dfc43a29fb103cca60252db2dd5906dbaeb7f0a4416
DL3DV-ALL-480P/10K_extracted/dcf69fedacfd0383b91645c480c90340553b717b4df096081bc9edbab55b19fa,DL3DV-ALL-480P,DL3DV-ALL-480P,nerf_transforms_images8_colmap_depth,colmap_photometric_bin,transforms_json_opengl_c2w,80,16,/home/m/dataset/ltm_datasets/DL3DV-ALL-480P/10K_extracted/dcf69fedacfd0383b91645c480c90340553b717b4df096081bc9edbab55b19fa
DL3DV-ALL-480P/10K_extracted/dd53b16100c7cfda518acd243ceac16df8a0738a465d90a6644e061b96915e4f,DL3DV-ALL-480P,DL3DV-ALL-480P,nerf_transforms_images8_colmap_depth,colmap_photometric_bin,transforms_json_opengl_c2w,80,16,/home/m/dataset/ltm_datasets/DL3DV-ALL-480P/10K_extracted/dd53b16100c7cfda518acd243ceac16df8a0738a465d90a6644e061b96915e4f
DL3DV-ALL-480P/10K_extracted/dd727571a1a17c24f4a1f3ed70b24bad7dfea77bc0c821da3dc11c455dd7c45a,DL3DV-ALL-480P,DL3DV-ALL-480P,nerf_transforms_images8_colmap_depth,colmap_photometric_bin,transforms_json_opengl_c2w,80,16,/home/m/dataset/ltm_datasets/DL3DV-ALL-480P/10K_extracted/dd727571a1a17c24f4a1f3ed70b24bad7dfea77bc0c821da3dc11c455dd7c45a
DL3DV-ALL-480P/10K_extracted/dda20531d26b3d24606f24c03c783b1518834fc9903b58d8481692233476e46f,DL3DV-ALL-480P,DL3DV-ALL-480P,nerf_transforms_images8_colmap_depth,colmap_photometric_bin,transforms_json_opengl_c2w,80,16,/home/m/dataset/ltm_datasets/DL3DV-ALL-480P/10K_extracted/dda20531d26b3d24606f24c03c783b1518834fc9903b58d8481692233476e46f
DL3DV-ALL-480P/10K_extracted/dddc9c1abc25b7e0492adaffd477650d3680e8d8fa3466b92a1fd76dd846b00c,DL3DV-ALL-480P,DL3DV-ALL-480P,nerf_transforms_images8_colmap_depth,colmap_photometric_bin,transforms_json_opengl_c2w,80,16,/home/m/dataset/ltm_datasets/DL3DV-ALL-480P/10K_extracted/dddc9c1abc25b7e0492adaffd477650d3680e8d8fa3466b92a1fd76dd846b00c
DL3DV-ALL-480P/10K_extracted/ddfeee3a629773ce3ec5d5ed44b9751b6260a42875fcb59ee33f850d357011cb,DL3DV-ALL-480P,DL3DV-ALL-480P,nerf_transforms_images8_colmap_depth,colmap_photometric_bin,transforms_json_opengl_c2w,80,16,/home/m/dataset/ltm_datasets/DL3DV-ALL-480P/10K_extracted/ddfeee3a629773ce3ec5d5ed44b9751b6260a42875fcb59ee33f850d357011cb
DL3DV-ALL-480P/10K_extracted/de2cff6cdca62da16504555942bd89816102f30832ed6c9653eef6d7c320e1a9,DL3DV-ALL-480P,DL3DV-ALL-480P,nerf_transforms_images8_colmap_depth,colmap_photometric_bin,transforms_json_opengl_c2w,80,16,/home/m/dataset/ltm_datasets/DL3DV-ALL-480P/10K_extracted/de2cff6cdca62da16504555942bd89816102f30832ed6c9653eef6d7c320e1a9
DL3DV-ALL-480P/10K_extracted/df31f91e3821a49878f14bdb8eb8f32190c7d771639d4f5b0ac529c4c4e75e0f,DL3DV-ALL-480P,DL3DV-ALL-480P,nerf_transforms_images8_colmap_depth,colmap_photometric_bin,transforms_json_opengl_c2w,80,16,/home/m/dataset/ltm_datasets/DL3DV-ALL-480P/10K_extracted/df31f91e3821a49878f14bdb8eb8f32190c7d771639d4f5b0ac529c4c4e75e0f
DL3DV-ALL-480P/10K_extracted/df6d30b8eae388e1123528f99b7d2bbf8e98f0dccd72be70b436565a0458a164,DL3DV-ALL-480P,DL3DV-ALL-480P,nerf_transforms_images8_colmap_depth,colmap_photometric_bin,transforms_json_opengl_c2w,80,16,/home/m/dataset/ltm_datasets/DL3DV-ALL-480P/10K_extracted/df6d30b8eae388e1123528f99b7d2bbf8e98f0dccd72be70b436565a0458a164
DL3DV-ALL-480P/10K_extracted/e06fb7d1429708ab95fdd5cb1053148f41e8bbf2cd3cfb4249c4819fcda49715,DL3DV-ALL-480P,DL3DV-ALL-480P,nerf_transforms_images8_colmap_depth,colmap_photometric_bin,transforms_json_opengl_c2w,80,16,/home/m/dataset/ltm_datasets/DL3DV-ALL-480P/10K_extracted/e06fb7d1429708ab95fdd5cb1053148f41e8bbf2cd3cfb4249c4819fcda49715
DL3DV-ALL-480P/10K_extracted/e0aefdae183cdb9f7853c4fe4a08b707a1464a29e76c2542354df0bc5f15f18a,DL3DV-ALL-480P,DL3DV-ALL-480P,nerf_transforms_images8_colmap_depth,colmap_photometric_bin,transforms_json_opengl_c2w,80,16,/home/m/dataset/ltm_datasets/DL3DV-ALL-480P/10K_extracted/e0aefdae183cdb9f7853c4fe4a08b707a1464a29e76c2542354df0bc5f15f18a
DL3DV-ALL-480P/10K_extracted/e0caab6088056e6562cbbfa749780fcc4ffb7ec67d978974df61fb1d4758cd45,DL3DV-ALL-480P,DL3DV-ALL-480P,nerf_transforms_images8_colmap_depth,colmap_photometric_bin,transforms_json_opengl_c2w,80,16,/home/m/dataset/ltm_datasets/DL3DV-ALL-480P/10K_extracted/e0caab6088056e6562cbbfa749780fcc4ffb7ec67d978974df61fb1d4758cd45
DL3DV-ALL-480P/10K_extracted/e11bee894af155a05c60214c82fa7df489112740aec43e8ef6b2db283bbbc72f,DL3DV-ALL-480P,DL3DV-ALL-480P,nerf_transforms_images8_colmap_depth,colmap_photometric_bin,transforms_json_opengl_c2w,80,16,/home/m/dataset/ltm_datasets/DL3DV-ALL-480P/10K_extracted/e11bee894af155a05c60214c82fa7df489112740aec43e8ef6b2db283bbbc72f
DL3DV-ALL-480P/10K_extracted/e1205252ac0344b7c321a9434e2aeb819e7b996fbf09a2a804262da3937c6667,DL3DV-ALL-480P,DL3DV-ALL-480P,nerf_transforms_images8_colmap_depth,colmap_photometric_bin,transforms_json_opengl_c2w,80,16,/home/m/dataset/ltm_datasets/DL3DV-ALL-480P/10K_extracted/e1205252ac0344b7c321a9434e2aeb819e7b996fbf09a2a804262da3937c6667
DL3DV-ALL-480P/10K_extracted/e1331217c50e55a564401104d1469b0f08d3b63c9f7a8081d66fab81495e26da,DL3DV-ALL-480P,DL3DV-ALL-480P,nerf_transforms_images8_colmap_depth,colmap_photometric_bin,transforms_json_opengl_c2w,80,16,/home/m/dataset/ltm_datasets/DL3DV-ALL-480P/10K_extracted/e1331217c50e55a564401104d1469b0f08d3b63c9f7a8081d66fab81495e26da
DL3DV-ALL-480P/10K_extracted/e1f16f2ff8ca5796f46f5dc17b43c4d0ba1714875d6c804155df138163ca444e,DL3DV-ALL-480P,DL3DV-ALL-480P,nerf_transforms_images8_colmap_depth,colmap_photometric_bin,transforms_json_opengl_c2w,80,16,/home/m/dataset/ltm_datasets/DL3DV-ALL-480P/10K_extracted/e1f16f2ff8ca5796f46f5dc17b43c4d0ba1714875d6c804155df138163ca444e
DL3DV-ALL-480P/10K_extracted/e2358e79b88f9eb1eb5a81fa5f5b6fd5de4f1220eb959aa84285eb9f396c1995,DL3DV-ALL-480P,DL3DV-ALL-480P,nerf_transforms_images8_colmap_depth,colmap_photometric_bin,transforms_json_opengl_c2w,80,16,/home/m/dataset/ltm_datasets/DL3DV-ALL-480P/10K_extracted/e2358e79b88f9eb1eb5a81fa5f5b6fd5de4f1220eb959aa84285eb9f396c1995
DL3DV-ALL-480P/10K_extracted/e2d2d41584ebc480eb6ae2f9dba47d4ac4bd21d4c23af1f893add12ee8bdb5db,DL3DV-ALL-480P,DL3DV-ALL-480P,nerf_transforms_images8_colmap_depth,colmap_photometric_bin,transforms_json_opengl_c2w,80,16,/home/m/dataset/ltm_datasets/DL3DV-ALL-480P/10K_extracted/e2d2d41584ebc480eb6ae2f9dba47d4ac4bd21d4c23af1f893add12ee8bdb5db
DL3DV-ALL-480P/10K_extracted/e3181b8a25dd09aa4801705c5761762903dffd7275d4f20a64be24924c0730f3,DL3DV-ALL-480P,DL3DV-ALL-480P,nerf_transforms_images8_colmap_depth,colmap_photometric_bin,transforms_json_opengl_c2w,80,16,/home/m/dataset/ltm_datasets/DL3DV-ALL-480P/10K_extracted/e3181b8a25dd09aa4801705c5761762903dffd7275d4f20a64be24924c0730f3
DL3DV-ALL-480P/10K_extracted/e33a41b20d39e9da80d3cc65de6a5dd74605a8a29a9154db1cf338a80ef9e453,DL3DV-ALL-480P,DL3DV-ALL-480P,nerf_transforms_images8_colmap_depth,colmap_photometric_bin,transforms_json_opengl_c2w,80,16,/home/m/dataset/ltm_datasets/DL3DV-ALL-480P/10K_extracted/e33a41b20d39e9da80d3cc65de6a5dd74605a8a29a9154db1cf338a80ef9e453
DL3DV-ALL-480P/10K_extracted/e36953f97f0aa0de7b0759370cc3ca1a6b7a9b2ef5a9ffc2e02c710de97c391b,DL3DV-ALL-480P,DL3DV-ALL-480P,nerf_transforms_images8_colmap_depth,colmap_photometric_bin,transforms_json_opengl_c2w,80,16,/home/m/dataset/ltm_datasets/DL3DV-ALL-480P/10K_extracted/e36953f97f0aa0de7b0759370cc3ca1a6b7a9b2ef5a9ffc2e02c710de97c391b
DL3DV-ALL-480P/10K_extracted/e421899bc588fb91961d1a68943607a02334c77a42094522ee985b1607a6f841,DL3DV-ALL-480P,DL3DV-ALL-480P,nerf_transforms_images8_colmap_depth,colmap_photometric_bin,transforms_json_opengl_c2w,80,16,/home/m/dataset/ltm_datasets/DL3DV-ALL-480P/10K_extracted/e421899bc588fb91961d1a68943607a02334c77a42094522ee985b1607a6f841
wildrgbd_harrison/TV/scene_017,wildrgbd_harrison,wildrgbd_harrison:TV,wildrgbd_rgb_depth_npz_pose,sensor_depth_png,npz_camera_pose,100,16,/home/m/dataset/ltm_datasets/wildrgbd_harrison/TV/scenes/scene_017
wildrgbd_harrison/TV/scene_050,wildrgbd_harrison,wildrgbd_harrison:TV,wildrgbd_rgb_depth_npz_pose,sensor_depth_png,npz_camera_pose,100,16,/home/m/dataset/ltm_datasets/wildrgbd_harrison/TV/scenes/scene_050
wildrgbd_harrison/TV/scene_057,wildrgbd_harrison,wildrgbd_harrison:TV,wildrgbd_rgb_depth_npz_pose,sensor_depth_png,npz_camera_pose,100,16,/home/m/dataset/ltm_datasets/wildrgbd_harrison/TV/scenes/scene_057
wildrgbd_harrison/TV/scene_059,wildrgbd_harrison,wildrgbd_harrison:TV,wildrgbd_rgb_depth_npz_pose,sensor_depth_png,npz_camera_pose,100,16,/home/m/dataset/ltm_datasets/wildrgbd_harrison/TV/scenes/scene_059
wildrgbd_harrison/TV/scene_066,wildrgbd_harrison,wildrgbd_harrison:TV,wildrgbd_rgb_depth_npz_pose,sensor_depth_png,npz_camera_pose,100,16,/home/m/dataset/ltm_datasets/wildrgbd_harrison/TV/scenes/scene_066
wildrgbd_harrison/apple/scene_105,wildrgbd_harrison,wildrgbd_harrison:apple,wildrgbd_rgb_depth_npz_pose,sensor_depth_png,npz_camera_pose,100,16,/home/m/dataset/ltm_datasets/wildrgbd_harrison/apple/scenes/scene_105
wildrgbd_harrison/apple/scene_131,wildrgbd_harrison,wildrgbd_harrison:apple,wildrgbd_rgb_depth_npz_pose,sensor_depth_png,npz_camera_pose,100,16,/home/m/dataset/ltm_datasets/wildrgbd_harrison/apple/scenes/scene_131
wildrgbd_harrison/apple/scene_136,wildrgbd_harrison,wildrgbd_harrison:apple,wildrgbd_rgb_depth_npz_pose,sensor_depth_png,npz_camera_pose,100,16,/home/m/dataset/ltm_datasets/wildrgbd_harrison/apple/scenes/scene_136
wildrgbd_harrison/apple/scene_186,wildrgbd_harrison,wildrgbd_harrison:apple,wildrgbd_rgb_depth_npz_pose,sensor_depth_png,npz_camera_pose,100,16,/home/m/dataset/ltm_datasets/wildrgbd_harrison/apple/scenes/scene_186
wildrgbd_harrison/apple/scene_187,wildrgbd_harrison,wildrgbd_harrison:apple,wildrgbd_rgb_depth_npz_pose,sensor_depth_png,npz_camera_pose,100,16,/home/m/dataset/ltm_datasets/wildrgbd_harrison/apple/scenes/scene_187
wildrgbd_harrison/backpack/scene_134,wildrgbd_harrison,wildrgbd_harrison:backpack,wildrgbd_rgb_depth_npz_pose,sensor_depth_png,npz_camera_pose,100,16,/home/m/dataset/ltm_datasets/wildrgbd_harrison/backpack/scenes/scene_134
wildrgbd_harrison/backpack/scene_345,wildrgbd_harrison,wildrgbd_harrison:backpack,wildrgbd_rgb_depth_npz_pose,sensor_depth_png,npz_camera_pose,100,16,/home/m/dataset/ltm_datasets/wildrgbd_harrison/backpack/scenes/scene_345
wildrgbd_harrison/ball/scene_068,wildrgbd_harrison,wildrgbd_harrison:ball,wildrgbd_rgb_depth_npz_pose,sensor_depth_png,npz_camera_pose,100,16,/home/m/dataset/ltm_datasets/wildrgbd_harrison/ball/scenes/scene_068
wildrgbd_harrison/ball/scene_069,wildrgbd_harrison,wildrgbd_harrison:ball,wildrgbd_rgb_depth_npz_pose,sensor_depth_png,npz_camera_pose,100,16,/home/m/dataset/ltm_datasets/wildrgbd_harrison/ball/scenes/scene_069
wildrgbd_harrison/ball/scene_122,wildrgbd_harrison,wildrgbd_harrison:ball,wildrgbd_rgb_depth_npz_pose,sensor_depth_png,npz_camera_pose,100,16,/home/m/dataset/ltm_datasets/wildrgbd_harrison/ball/scenes/scene_122
wildrgbd_harrison/ball/scene_135,wildrgbd_harrison,wildrgbd_harrison:ball,wildrgbd_rgb_depth_npz_pose,sensor_depth_png,npz_camera_pose,100,16,/home/m/dataset/ltm_datasets/wildrgbd_harrison/ball/scenes/scene_135
wildrgbd_harrison/ball/scene_193,wildrgbd_harrison,wildrgbd_harrison:ball,wildrgbd_rgb_depth_npz_pose,sensor_depth_png,npz_camera_pose,100,16,/home/m/dataset/ltm_datasets/wildrgbd_harrison/ball/scenes/scene_193
wildrgbd_harrison/ball/scene_206,wildrgbd_harrison,wildrgbd_harrison:ball,wildrgbd_rgb_depth_npz_pose,sensor_depth_png,npz_camera_pose,100,16,/home/m/dataset/ltm_datasets/wildrgbd_harrison/ball/scenes/scene_206
wildrgbd_harrison/ball/scene_207,wildrgbd_harrison,wildrgbd_harrison:ball,wildrgbd_rgb_depth_npz_pose,sensor_depth_png,npz_camera_pose,100,16,/home/m/dataset/ltm_datasets/wildrgbd_harrison/ball/scenes/scene_207
wildrgbd_harrison/ball/scene_351,wildrgbd_harrison,wildrgbd_harrison:ball,wildrgbd_rgb_depth_npz_pose,sensor_depth_png,npz_camera_pose,100,16,/home/m/dataset/ltm_datasets/wildrgbd_harrison/ball/scenes/scene_351
wildrgbd_harrison/ball/scene_356,wildrgbd_harrison,wildrgbd_harrison:ball,wildrgbd_rgb_depth_npz_pose,sensor_depth_png,npz_camera_pose,100,16,/home/m/dataset/ltm_datasets/wildrgbd_harrison/ball/scenes/scene_356
wildrgbd_harrison/ball/scene_360,wildrgbd_harrison,wildrgbd_harrison:ball,wildrgbd_rgb_depth_npz_pose,sensor_depth_png,npz_camera_pose,100,16,/home/m/dataset/ltm_datasets/wildrgbd_harrison/ball/scenes/scene_360
wildrgbd_harrison/ball/scene_392,wildrgbd_harrison,wildrgbd_harrison:ball,wildrgbd_rgb_depth_npz_pose,sensor_depth_png,npz_camera_pose,100,16,/home/m/dataset/ltm_datasets/wildrgbd_harrison/ball/scenes/scene_392
wildrgbd_harrison/banana/scene_029,wildrgbd_harrison,wildrgbd_harrison:banana,wildrgbd_rgb_depth_npz_pose,sensor_depth_png,npz_camera_pose,100,16,/home/m/dataset/ltm_datasets/wildrgbd_harrison/banana/scenes/scene_029
wildrgbd_harrison/banana/scene_072,wildrgbd_harrison,wildrgbd_harrison:banana,wildrgbd_rgb_depth_npz_pose,sensor_depth_png,npz_camera_pose,100,16,/home/m/dataset/ltm_datasets/wildrgbd_harrison/banana/scenes/scene_072
wildrgbd_harrison/banana/scene_098,wildrgbd_harrison,wildrgbd_harrison:banana,wildrgbd_rgb_depth_npz_pose,sensor_depth_png,npz_camera_pose,100,16,/home/m/dataset/ltm_datasets/wildrgbd_harrison/banana/scenes/scene_098
wildrgbd_harrison/banana/scene_099,wildrgbd_harrison,wildrgbd_harrison:banana,wildrgbd_rgb_depth_npz_pose,sensor_depth_png,npz_camera_pose,100,16,/home/m/dataset/ltm_datasets/wildrgbd_harrison/banana/scenes/scene_099
wildrgbd_harrison/banana/scene_131,wildrgbd_harrison,wildrgbd_harrison:banana,wildrgbd_rgb_depth_npz_pose,sensor_depth_png,npz_camera_pose,100,16,/home/m/dataset/ltm_datasets/wildrgbd_harrison/banana/scenes/scene_131
wildrgbd_harrison/boat/scene_039,wildrgbd_harrison,wildrgbd_harrison:boat,wildrgbd_rgb_depth_npz_pose,sensor_depth_png,npz_camera_pose,100,16,/home/m/dataset/ltm_datasets/wildrgbd_harrison/boat/scenes/scene_039
wildrgbd_harrison/boat/scene_091,wildrgbd_harrison,wildrgbd_harrison:boat,wildrgbd_rgb_depth_npz_pose,sensor_depth_png,npz_camera_pose,100,16,/home/m/dataset/ltm_datasets/wildrgbd_harrison/boat/scenes/scene_091
wildrgbd_harrison/boat/scene_107,wildrgbd_harrison,wildrgbd_harrison:boat,wildrgbd_rgb_depth_npz_pose,sensor_depth_png,npz_camera_pose,100,16,/home/m/dataset/ltm_datasets/wildrgbd_harrison/boat/scenes/scene_107
wildrgbd_harrison/boat/scene_159,wildrgbd_harrison,wildrgbd_harrison:boat,wildrgbd_rgb_depth_npz_pose,sensor_depth_png,npz_camera_pose,100,16,/home/m/dataset/ltm_datasets/wildrgbd_harrison/boat/scenes/scene_159
wildrgbd_harrison/book/scene_069,wildrgbd_harrison,wildrgbd_harrison:book,wildrgbd_rgb_depth_npz_pose,sensor_depth_png,npz_camera_pose,100,16,/home/m/dataset/ltm_datasets/wildrgbd_harrison/book/scenes/scene_069
wildrgbd_harrison/book/scene_200,wildrgbd_harrison,wildrgbd_harrison:book,wildrgbd_rgb_depth_npz_pose,sensor_depth_png,npz_camera_pose,100,16,/home/m/dataset/ltm_datasets/wildrgbd_harrison/book/scenes/scene_200
wildrgbd_harrison/bottle/scene_234,wildrgbd_harrison,wildrgbd_harrison:bottle,wildrgbd_rgb_depth_npz_pose,sensor_depth_png,npz_camera_pose,100,16,/home/m/dataset/ltm_datasets/wildrgbd_harrison/bottle/scenes/scene_234
wildrgbd_harrison/bottle/scene_359,wildrgbd_harrison,wildrgbd_harrison:bottle,wildrgbd_rgb_depth_npz_pose,sensor_depth_png,npz_camera_pose,100,16,/home/m/dataset/ltm_datasets/wildrgbd_harrison/bottle/scenes/scene_359
wildrgbd_harrison/bottle/scene_420,wildrgbd_harrison,wildrgbd_harrison:bottle,wildrgbd_rgb_depth_npz_pose,sensor_depth_png,npz_camera_pose,100,16,/home/m/dataset/ltm_datasets/wildrgbd_harrison/bottle/scenes/scene_420
wildrgbd_harrison/bottle/scene_464,wildrgbd_harrison,wildrgbd_harrison:bottle,wildrgbd_rgb_depth_npz_pose,sensor_depth_png,npz_camera_pose,100,16,/home/m/dataset/ltm_datasets/wildrgbd_harrison/bottle/scenes/scene_464
wildrgbd_harrison/bottle/scene_485,wildrgbd_harrison,wildrgbd_harrison:bottle,wildrgbd_rgb_depth_npz_pose,sensor_depth_png,npz_camera_pose,100,16,/home/m/dataset/ltm_datasets/wildrgbd_harrison/bottle/scenes/scene_485
wildrgbd_harrison/bottle/scene_515,wildrgbd_harrison,wildrgbd_harrison:bottle,wildrgbd_rgb_depth_npz_pose,sensor_depth_png,npz_camera_pose,100,16,/home/m/dataset/ltm_datasets/wildrgbd_harrison/bottle/scenes/scene_515
wildrgbd_harrison/bowl/scene_086,wildrgbd_harrison,wildrgbd_harrison:bowl,wildrgbd_rgb_depth_npz_pose,sensor_depth_png,npz_camera_pose,100,16,/home/m/dataset/ltm_datasets/wildrgbd_harrison/bowl/scenes/scene_086
wildrgbd_harrison/bowl/scene_235,wildrgbd_harrison,wildrgbd_harrison:bowl,wildrgbd_rgb_depth_npz_pose,sensor_depth_png,npz_camera_pose,100,16,/home/m/dataset/ltm_datasets/wildrgbd_harrison/bowl/scenes/scene_235
wildrgbd_harrison/bowl/scene_322,wildrgbd_harrison,wildrgbd_harrison:bowl,wildrgbd_rgb_depth_npz_pose,sensor_depth_png,npz_camera_pose,100,16,/home/m/dataset/ltm_datasets/wildrgbd_harrison/bowl/scenes/scene_322
wildrgbd_harrison/bowl/scene_330,wildrgbd_harrison,wildrgbd_harrison:bowl,wildrgbd_rgb_depth_npz_pose,sensor_depth_png,npz_camera_pose,100,16,/home/m/dataset/ltm_datasets/wildrgbd_harrison/bowl/scenes/scene_330
wildrgbd_harrison/bowl/scene_371,wildrgbd_harrison,wildrgbd_harrison:bowl,wildrgbd_rgb_depth_npz_pose,sensor_depth_png,npz_camera_pose,100,16,/home/m/dataset/ltm_datasets/wildrgbd_harrison/bowl/scenes/scene_371
wildrgbd_harrison/bowl/scene_408,wildrgbd_harrison,wildrgbd_harrison:bowl,wildrgbd_rgb_depth_npz_pose,sensor_depth_png,npz_camera_pose,100,16,/home/m/dataset/ltm_datasets/wildrgbd_harrison/bowl/scenes/scene_408
wildrgbd_harrison/bowl/scene_447,wildrgbd_harrison,wildrgbd_harrison:bowl,wildrgbd_rgb_depth_npz_pose,sensor_depth_png,npz_camera_pose,100,16,/home/m/dataset/ltm_datasets/wildrgbd_harrison/bowl/scenes/scene_447
wildrgbd_harrison/box/scene_013,wildrgbd_harrison,wildrgbd_harrison:box,wildrgbd_rgb_depth_npz_pose,sensor_depth_png,npz_camera_pose,100,16,/home/m/dataset/ltm_datasets/wildrgbd_harrison/box/scenes/scene_013
wildrgbd_harrison/box/scene_133,wildrgbd_harrison,wildrgbd_harrison:box,wildrgbd_rgb_depth_npz_pose,sensor_depth_png,npz_camera_pose,100,16,/home/m/dataset/ltm_datasets/wildrgbd_harrison/box/scenes/scene_133
wildrgbd_harrison/box/scene_204,wildrgbd_harrison,wildrgbd_harrison:box,wildrgbd_rgb_depth_npz_pose,sensor_depth_png,npz_camera_pose,100,16,/home/m/dataset/ltm_datasets/wildrgbd_harrison/box/scenes/scene_204
wildrgbd_harrison/box/scene_243,wildrgbd_harrison,wildrgbd_harrison:box,wildrgbd_rgb_depth_npz_pose,sensor_depth_png,npz_camera_pose,100,16,/home/m/dataset/ltm_datasets/wildrgbd_harrison/box/scenes/scene_243
wildrgbd_harrison/box/scene_358,wildrgbd_harrison,wildrgbd_harrison:box,wildrgbd_rgb_depth_npz_pose,sensor_depth_png,npz_camera_pose,100,16,/home/m/dataset/ltm_datasets/wildrgbd_harrison/box/scenes/scene_358
wildrgbd_harrison/box/scene_361,wildrgbd_harrison,wildrgbd_harrison:box,wildrgbd_rgb_depth_npz_pose,sensor_depth_png,npz_camera_pose,100,16,/home/m/dataset/ltm_datasets/wildrgbd_harrison/box/scenes/scene_361
wildrgbd_harrison/box/scene_363,wildrgbd_harrison,wildrgbd_harrison:box,wildrgbd_rgb_depth_npz_pose,sensor_depth_png,npz_camera_pose,100,16,/home/m/dataset/ltm_datasets/wildrgbd_harrison/box/scenes/scene_363
wildrgbd_harrison/box/scene_378,wildrgbd_harrison,wildrgbd_harrison:box,wildrgbd_rgb_depth_npz_pose,sensor_depth_png,npz_camera_pose,100,16,/home/m/dataset/ltm_datasets/wildrgbd_harrison/box/scenes/scene_378
wildrgbd_harrison/bucket/scene_076,wildrgbd_harrison,wildrgbd_harrison:bucket,wildrgbd_rgb_depth_npz_pose,sensor_depth_png,npz_camera_pose,100,16,/home/m/dataset/ltm_datasets/wildrgbd_harrison/bucket/scenes/scene_076
wildrgbd_harrison/bucket/scene_218,wildrgbd_harrison,wildrgbd_harrison:bucket,wildrgbd_rgb_depth_npz_pose,sensor_depth_png,npz_camera_pose,100,16,/home/m/dataset/ltm_datasets/wildrgbd_harrison/bucket/scenes/scene_218
wildrgbd_harrison/bucket/scene_230,wildrgbd_harrison,wildrgbd_harrison:bucket,wildrgbd_rgb_depth_npz_pose,sensor_depth_png,npz_camera_pose,100,16,/home/m/dataset/ltm_datasets/wildrgbd_harrison/bucket/scenes/scene_230
wildrgbd_harrison/bucket/scene_250,wildrgbd_harrison,wildrgbd_harrison:bucket,wildrgbd_rgb_depth_npz_pose,sensor_depth_png,npz_camera_pose,100,16,/home/m/dataset/ltm_datasets/wildrgbd_harrison/bucket/scenes/scene_250
wildrgbd_harrison/bus/scene_105,wildrgbd_harrison,wildrgbd_harrison:bus,wildrgbd_rgb_depth_npz_pose,sensor_depth_png,npz_camera_pose,100,16,/home/m/dataset/ltm_datasets/wildrgbd_harrison/bus/scenes/scene_105
wildrgbd_harrison/bus/scene_107,wildrgbd_harrison,wildrgbd_harrison:bus,wildrgbd_rgb_depth_npz_pose,sensor_depth_png,npz_camera_pose,100,16,/home/m/dataset/ltm_datasets/wildrgbd_harrison/bus/scenes/scene_107
wildrgbd_harrison/bus/scene_148,wildrgbd_harrison,wildrgbd_harrison:bus,wildrgbd_rgb_depth_npz_pose,sensor_depth_png,npz_camera_pose,100,16,/home/m/dataset/ltm_datasets/wildrgbd_harrison/bus/scenes/scene_148
wildrgbd_harrison/bus/scene_185,wildrgbd_harrison,wildrgbd_harrison:bus,wildrgbd_rgb_depth_npz_pose,sensor_depth_png,npz_camera_pose,100,16,/home/m/dataset/ltm_datasets/wildrgbd_harrison/bus/scenes/scene_185
wildrgbd_harrison/bus/scene_194,wildrgbd_harrison,wildrgbd_harrison:bus,wildrgbd_rgb_depth_npz_pose,sensor_depth_png,npz_camera_pose,100,16,/home/m/dataset/ltm_datasets/wildrgbd_harrison/bus/scenes/scene_194
wildrgbd_harrison/cake/scene_029,wildrgbd_harrison,wildrgbd_harrison:cake,wildrgbd_rgb_depth_npz_pose,sensor_depth_png,npz_camera_pose,100,16,/home/m/dataset/ltm_datasets/wildrgbd_harrison/cake/scenes/scene_029
wildrgbd_harrison/cake/scene_039,wildrgbd_harrison,wildrgbd_harrison:cake,wildrgbd_rgb_depth_npz_pose,sensor_depth_png,npz_camera_pose,100,16,/home/m/dataset/ltm_datasets/wildrgbd_harrison/cake/scenes/scene_039
wildrgbd_harrison/cake/scene_073,wildrgbd_harrison,wildrgbd_harrison:cake,wildrgbd_rgb_depth_npz_pose,sensor_depth_png,npz_camera_pose,100,16,/home/m/dataset/ltm_datasets/wildrgbd_harrison/cake/scenes/scene_073
wildrgbd_harrison/cake/scene_099,wildrgbd_harrison,wildrgbd_harrison:cake,wildrgbd_rgb_depth_npz_pose,sensor_depth_png,npz_camera_pose,100,16,/home/m/dataset/ltm_datasets/wildrgbd_harrison/cake/scenes/scene_099
wildrgbd_harrison/cake/scene_131,wildrgbd_harrison,wildrgbd_harrison:cake,wildrgbd_rgb_depth_npz_pose,sensor_depth_png,npz_camera_pose,100,16,/home/m/dataset/ltm_datasets/wildrgbd_harrison/cake/scenes/scene_131
wildrgbd_harrison/cake/scene_133,wildrgbd_harrison,wildrgbd_harrison:cake,wildrgbd_rgb_depth_npz_pose,sensor_depth_png,npz_camera_pose,100,16,/home/m/dataset/ltm_datasets/wildrgbd_harrison/cake/scenes/scene_133
wildrgbd_harrison/car/scene_019,wildrgbd_harrison,wildrgbd_harrison:car,wildrgbd_rgb_depth_npz_pose,sensor_depth_png,npz_camera_pose,100,16,/home/m/dataset/ltm_datasets/wildrgbd_harrison/car/scenes/scene_019
wildrgbd_harrison/car/scene_038,wildrgbd_harrison,wildrgbd_harrison:car,wildrgbd_rgb_depth_npz_pose,sensor_depth_png,npz_camera_pose,100,16,/home/m/dataset/ltm_datasets/wildrgbd_harrison/car/scenes/scene_038
wildrgbd_harrison/car/scene_059,wildrgbd_harrison,wildrgbd_harrison:car,wildrgbd_rgb_depth_npz_pose,sensor_depth_png,npz_camera_pose,100,16,/home/m/dataset/ltm_datasets/wildrgbd_harrison/car/scenes/scene_059
wildrgbd_harrison/car/scene_064,wildrgbd_harrison,wildrgbd_harrison:car,wildrgbd_rgb_depth_npz_pose,sensor_depth_png,npz_camera_pose,100,16,/home/m/dataset/ltm_datasets/wildrgbd_harrison/car/scenes/scene_064
wildrgbd_harrison/car/scene_117,wildrgbd_harrison,wildrgbd_harrison:car,wildrgbd_rgb_depth_npz_pose,sensor_depth_png,npz_camera_pose,100,16,/home/m/dataset/ltm_datasets/wildrgbd_harrison/car/scenes/scene_117
wildrgbd_harrison/car/scene_120,wildrgbd_harrison,wildrgbd_harrison:car,wildrgbd_rgb_depth_npz_pose,sensor_depth_png,npz_camera_pose,100,16,/home/m/dataset/ltm_datasets/wildrgbd_harrison/car/scenes/scene_120
wildrgbd_harrison/car/scene_124,wildrgbd_harrison,wildrgbd_harrison:car,wildrgbd_rgb_depth_npz_pose,sensor_depth_png,npz_camera_pose,100,16,/home/m/dataset/ltm_datasets/wildrgbd_harrison/car/scenes/scene_124
wildrgbd_harrison/car/scene_132,wildrgbd_harrison,wildrgbd_harrison:car,wildrgbd_rgb_depth_npz_pose,sensor_depth_png,npz_camera_pose,100,16,/home/m/dataset/ltm_datasets/wildrgbd_harrison/car/scenes/scene_132
wildrgbd_harrison/carrot/scene_050,wildrgbd_harrison,wildrgbd_harrison:carrot,wildrgbd_rgb_depth_npz_pose,sensor_depth_png,npz_camera_pose,100,16,/home/m/dataset/ltm_datasets/wildrgbd_harrison/carrot/scenes/scene_050
wildrgbd_harrison/carrot/scene_072,wildrgbd_harrison,wildrgbd_harrison:carrot,wildrgbd_rgb_depth_npz_pose,sensor_depth_png,npz_camera_pose,100,16,/home/m/dataset/ltm_datasets/wildrgbd_harrison/carrot/scenes/scene_072
wildrgbd_harrison/carrot/scene_090,wildrgbd_harrison,wildrgbd_harrison:carrot,wildrgbd_rgb_depth_npz_pose,sensor_depth_png,npz_camera_pose,100,16,/home/m/dataset/ltm_datasets/wildrgbd_harrison/carrot/scenes/scene_090
wildrgbd_harrison/carrot/scene_096,wildrgbd_harrison,wildrgbd_harrison:carrot,wildrgbd_rgb_depth_npz_pose,sensor_depth_png,npz_camera_pose,100,16,/home/m/dataset/ltm_datasets/wildrgbd_harrison/carrot/scenes/scene_096
wildrgbd_harrison/carrot/scene_131,wildrgbd_harrison,wildrgbd_harrison:carrot,wildrgbd_rgb_depth_npz_pose,sensor_depth_png,npz_camera_pose,100,16,/home/m/dataset/ltm_datasets/wildrgbd_harrison/carrot/scenes/scene_131
wildrgbd_harrison/carrot/scene_161,wildrgbd_harrison,wildrgbd_harrison:carrot,wildrgbd_rgb_depth_npz_pose,sensor_depth_png,npz_camera_pose,100,16,/home/m/dataset/ltm_datasets/wildrgbd_harrison/carrot/scenes/scene_161
wildrgbd_harrison/carrot/scene_172,wildrgbd_harrison,wildrgbd_harrison:carrot,wildrgbd_rgb_depth_npz_pose,sensor_depth_png,npz_camera_pose,100,16,/home/m/dataset/ltm_datasets/wildrgbd_harrison/carrot/scenes/scene_172
wildrgbd_harrison/carrot/scene_184,wildrgbd_harrison,wildrgbd_harrison:carrot,wildrgbd_rgb_depth_npz_pose,sensor_depth_png,npz_camera_pose,100,16,/home/m/dataset/ltm_datasets/wildrgbd_harrison/carrot/scenes/scene_184
wildrgbd_harrison/cellphone/scene_003,wildrgbd_harrison,wildrgbd_harrison:cellphone,wildrgbd_rgb_depth_npz_pose,sensor_depth_png,npz_camera_pose,100,16,/home/m/dataset/ltm_datasets/wildrgbd_harrison/cellphone/scenes/scene_003
wildrgbd_harrison/cellphone/scene_009,wildrgbd_harrison,wildrgbd_harrison:cellphone,wildrgbd_rgb_depth_npz_pose,sensor_depth_png,npz_camera_pose,100,16,/home/m/dataset/ltm_datasets/wildrgbd_harrison/cellphone/scenes/scene_009
wildrgbd_harrison/cellphone/scene_013,wildrgbd_harrison,wildrgbd_harrison:cellphone,wildrgbd_rgb_depth_npz_pose,sensor_depth_png,npz_camera_pose,100,16,/home/m/dataset/ltm_datasets/wildrgbd_harrison/cellphone/scenes/scene_013
wildrgbd_harrison/cellphone/scene_030,wildrgbd_harrison,wildrgbd_harrison:cellphone,wildrgbd_rgb_depth_npz_pose,sensor_depth_png,npz_camera_pose,100,16,/home/m/dataset/ltm_datasets/wildrgbd_harrison/cellphone/scenes/scene_030
wildrgbd_harrison/cellphone/scene_034,wildrgbd_harrison,wildrgbd_harrison:cellphone,wildrgbd_rgb_depth_npz_pose,sensor_depth_png,npz_camera_pose,100,16,/home/m/dataset/ltm_datasets/wildrgbd_harrison/cellphone/scenes/scene_034
wildrgbd_harrison/chair/scene_115,wildrgbd_harrison,wildrgbd_harrison:chair,wildrgbd_rgb_depth_npz_pose,sensor_depth_png,npz_camera_pose,100,16,/home/m/dataset/ltm_datasets/wildrgbd_harrison/chair/scenes/scene_115
wildrgbd_harrison/chair/scene_116,wildrgbd_harrison,wildrgbd_harrison:chair,wildrgbd_rgb_depth_npz_pose,sensor_depth_png,npz_camera_pose,100,16,/home/m/dataset/ltm_datasets/wildrgbd_harrison/chair/scenes/scene_116
wildrgbd_harrison/chair/scene_144,wildrgbd_harrison,wildrgbd_harrison:chair,wildrgbd_rgb_depth_npz_pose,sensor_depth_png,npz_camera_pose,100,16,/home/m/dataset/ltm_datasets/wildrgbd_harrison/chair/scenes/scene_144
wildrgbd_harrison/chair/scene_261,wildrgbd_harrison,wildrgbd_harrison:chair,wildrgbd_rgb_depth_npz_pose,sensor_depth_png,npz_camera_pose,100,16,/home/m/dataset/ltm_datasets/wildrgbd_harrison/chair/scenes/scene_261
wildrgbd_harrison/chair/scene_263,wildrgbd_harrison,wildrgbd_harrison:chair,wildrgbd_rgb_depth_npz_pose,sensor_depth_png,npz_camera_pose,100,16,/home/m/dataset/ltm_datasets/wildrgbd_harrison/chair/scenes/scene_263
wildrgbd_harrison/chair/scene_365,wildrgbd_harrison,wildrgbd_harrison:chair,wildrgbd_rgb_depth_npz_pose,sensor_depth_png,npz_camera_pose,100,16,/home/m/dataset/ltm_datasets/wildrgbd_harrison/chair/scenes/scene_365
wildrgbd_harrison/chair/scene_385,wildrgbd_harrison,wildrgbd_harrison:chair,wildrgbd_rgb_depth_npz_pose,sensor_depth_png,npz_camera_pose,100,16,/home/m/dataset/ltm_datasets/wildrgbd_harrison/chair/scenes/scene_385
wildrgbd_harrison/chair/scene_472,wildrgbd_harrison,wildrgbd_harrison:chair,wildrgbd_rgb_depth_npz_pose,sensor_depth_png,npz_camera_pose,100,16,/home/m/dataset/ltm_datasets/wildrgbd_harrison/chair/scenes/scene_472
wildrgbd_harrison/chair/scene_497,wildrgbd_harrison,wildrgbd_harrison:chair,wildrgbd_rgb_depth_npz_pose,sensor_depth_png,npz_camera_pose,100,16,/home/m/dataset/ltm_datasets/wildrgbd_harrison/chair/scenes/scene_497
wildrgbd_harrison/clock/scene_052,wildrgbd_harrison,wildrgbd_harrison:clock,wildrgbd_rgb_depth_npz_pose,sensor_depth_png,npz_camera_pose,100,16,/home/m/dataset/ltm_datasets/wildrgbd_harrison/clock/scenes/scene_052
wildrgbd_harrison/clock/scene_081,wildrgbd_harrison,wildrgbd_harrison:clock,wildrgbd_rgb_depth_npz_pose,sensor_depth_png,npz_camera_pose,100,16,/home/m/dataset/ltm_datasets/wildrgbd_harrison/clock/scenes/scene_081
wildrgbd_harrison/clock/scene_125,wildrgbd_harrison,wildrgbd_harrison:clock,wildrgbd_rgb_depth_npz_pose,sensor_depth_png,npz_camera_pose,100,16,/home/m/dataset/ltm_datasets/wildrgbd_harrison/clock/scenes/scene_125
wildrgbd_harrison/clock/scene_126,wildrgbd_harrison,wildrgbd_harrison:clock,wildrgbd_rgb_depth_npz_pose,sensor_depth_png,npz_camera_pose,100,16,/home/m/dataset/ltm_datasets/wildrgbd_harrison/clock/scenes/scene_126
wildrgbd_harrison/clock/scene_199,wildrgbd_harrison,wildrgbd_harrison:clock,wildrgbd_rgb_depth_npz_pose,sensor_depth_png,npz_camera_pose,100,16,/home/m/dataset/ltm_datasets/wildrgbd_harrison/clock/scenes/scene_199
wildrgbd_harrison/clock/scene_226,wildrgbd_harrison,wildrgbd_harrison:clock,wildrgbd_rgb_depth_npz_pose,sensor_depth_png,npz_camera_pose,100,16,/home/m/dataset/ltm_datasets/wildrgbd_harrison/clock/scenes/scene_226
wildrgbd_harrison/clock/scene_286,wildrgbd_harrison,wildrgbd_harrison:clock,wildrgbd_rgb_depth_npz_pose,sensor_depth_png,npz_camera_pose,100,16,/home/m/dataset/ltm_datasets/wildrgbd_harrison/clock/scenes/scene_286
wildrgbd_harrison/clock/scene_325,wildrgbd_harrison,wildrgbd_harrison:clock,wildrgbd_rgb_depth_npz_pose,sensor_depth_png,npz_camera_pose,100,16,/home/m/dataset/ltm_datasets/wildrgbd_harrison/clock/scenes/scene_325
wildrgbd_harrison/clock/scene_344,wildrgbd_harrison,wildrgbd_harrison:clock,wildrgbd_rgb_depth_npz_pose,sensor_depth_png,npz_camera_pose,100,16,/home/m/dataset/ltm_datasets/wildrgbd_harrison/clock/scenes/scene_344
wildrgbd_harrison/clock/scene_351,wildrgbd_harrison,wildrgbd_harrison:clock,wildrgbd_rgb_depth_npz_pose,sensor_depth_png,npz_camera_pose,100,16,/home/m/dataset/ltm_datasets/wildrgbd_harrison/clock/scenes/scene_351
wildrgbd_harrison/clock/scene_359,wildrgbd_harrison,wildrgbd_harrison:clock,wildrgbd_rgb_depth_npz_pose,sensor_depth_png,npz_camera_pose,100,16,/home/m/dataset/ltm_datasets/wildrgbd_harrison/clock/scenes/scene_359
wildrgbd_harrison/clock/scene_361,wildrgbd_harrison,wildrgbd_harrison:clock,wildrgbd_rgb_depth_npz_pose,sensor_depth_png,npz_camera_pose,100,16,/home/m/dataset/ltm_datasets/wildrgbd_harrison/clock/scenes/scene_361
wildrgbd_harrison/cucumber/scene_110,wildrgbd_harrison,wildrgbd_harrison:cucumber,wildrgbd_rgb_depth_npz_pose,sensor_depth_png,npz_camera_pose,100,16,/home/m/dataset/ltm_datasets/wildrgbd_harrison/cucumber/scenes/scene_110
wildrgbd_harrison/cucumber/scene_170,wildrgbd_harrison,wildrgbd_harrison:cucumber,wildrgbd_rgb_depth_npz_pose,sensor_depth_png,npz_camera_pose,100,16,/home/m/dataset/ltm_datasets/wildrgbd_harrison/cucumber/scenes/scene_170
wildrgbd_harrison/cucumber/scene_185,wildrgbd_harrison,wildrgbd_harrison:cucumber,wildrgbd_rgb_depth_npz_pose,sensor_depth_png,npz_camera_pose,100,16,/home/m/dataset/ltm_datasets/wildrgbd_harrison/cucumber/scenes/scene_185
wildrgbd_harrison/cucumber/scene_191,wildrgbd_harrison,wildrgbd_harrison:cucumber,wildrgbd_rgb_depth_npz_pose,sensor_depth_png,npz_camera_pose,100,16,/home/m/dataset/ltm_datasets/wildrgbd_harrison/cucumber/scenes/scene_191
wildrgbd_harrison/detergent/scene_055,wildrgbd_harrison,wildrgbd_harrison:detergent,wildrgbd_rgb_depth_npz_pose,sensor_depth_png,npz_camera_pose,100,16,/home/m/dataset/ltm_datasets/wildrgbd_harrison/detergent/scenes/scene_055
wildrgbd_harrison/detergent/scene_216,wildrgbd_harrison,wildrgbd_harrison:detergent,wildrgbd_rgb_depth_npz_pose,sensor_depth_png,npz_camera_pose,100,16,/home/m/dataset/ltm_datasets/wildrgbd_harrison/detergent/scenes/scene_216
wildrgbd_harrison/detergent/scene_218,wildrgbd_harrison,wildrgbd_harrison:detergent,wildrgbd_rgb_depth_npz_pose,sensor_depth_png,npz_camera_pose,100,16,/home/m/dataset/ltm_datasets/wildrgbd_harrison/detergent/scenes/scene_218
wildrgbd_harrison/detergent/scene_415,wildrgbd_harrison,wildrgbd_harrison:detergent,wildrgbd_rgb_depth_npz_pose,sensor_depth_png,npz_camera_pose,100,16,/home/m/dataset/ltm_datasets/wildrgbd_harrison/detergent/scenes/scene_415
wildrgbd_harrison/detergent/scene_431,wildrgbd_harrison,wildrgbd_harrison:detergent,wildrgbd_rgb_depth_npz_pose,sensor_depth_png,npz_camera_pose,100,16,/home/m/dataset/ltm_datasets/wildrgbd_harrison/detergent/scenes/scene_431
wildrgbd_harrison/detergent/scene_447,wildrgbd_harrison,wildrgbd_harrison:detergent,wildrgbd_rgb_depth_npz_pose,sensor_depth_png,npz_camera_pose,100,16,/home/m/dataset/ltm_datasets/wildrgbd_harrison/detergent/scenes/scene_447
wildrgbd_harrison/donut/scene_019,wildrgbd_harrison,wildrgbd_harrison:donut,wildrgbd_rgb_depth_npz_pose,sensor_depth_png,npz_camera_pose,100,16,/home/m/dataset/ltm_datasets/wildrgbd_harrison/donut/scenes/scene_019
wildrgbd_harrison/donut/scene_041,wildrgbd_harrison,wildrgbd_harrison:donut,wildrgbd_rgb_depth_npz_pose,sensor_depth_png,npz_camera_pose,100,16,/home/m/dataset/ltm_datasets/wildrgbd_harrison/donut/scenes/scene_041
wildrgbd_harrison/donut/scene_054,wildrgbd_harrison,wildrgbd_harrison:donut,wildrgbd_rgb_depth_npz_pose,sensor_depth_png,npz_camera_pose,100,16,/home/m/dataset/ltm_datasets/wildrgbd_harrison/donut/scenes/scene_054
wildrgbd_harrison/donut/scene_058,wildrgbd_harrison,wildrgbd_harrison:donut,wildrgbd_rgb_depth_npz_pose,sensor_depth_png,npz_camera_pose,100,16,/home/m/dataset/ltm_datasets/wildrgbd_harrison/donut/scenes/scene_058
wildrgbd_harrison/donut/scene_071,wildrgbd_harrison,wildrgbd_harrison:donut,wildrgbd_rgb_depth_npz_pose,sensor_depth_png,npz_camera_pose,100,16,/home/m/dataset/ltm_datasets/wildrgbd_harrison/donut/scenes/scene_071
wildrgbd_harrison/donut/scene_097,wildrgbd_harrison,wildrgbd_harrison:donut,wildrgbd_rgb_depth_npz_pose,sensor_depth_png,npz_camera_pose,100,16,/home/m/dataset/ltm_datasets/wildrgbd_harrison/donut/scenes/scene_097
wildrgbd_harrison/donut/scene_103,wildrgbd_harrison,wildrgbd_harrison:donut,wildrgbd_rgb_depth_npz_pose,sensor_depth_png,npz_camera_pose,100,16,/home/m/dataset/ltm_datasets/wildrgbd_harrison/donut/scenes/scene_103
wildrgbd_harrison/donut/scene_112,wildrgbd_harrison,wildrgbd_harrison:donut,wildrgbd_rgb_depth_npz_pose,sensor_depth_png,npz_camera_pose,100,16,/home/m/dataset/ltm_datasets/wildrgbd_harrison/donut/scenes/scene_112
wildrgbd_harrison/flower_pot/scene_068,wildrgbd_harrison,wildrgbd_harrison:flower_pot,wildrgbd_rgb_depth_npz_pose,sensor_depth_png,npz_camera_pose,100,16,/home/m/dataset/ltm_datasets/wildrgbd_harrison/flower_pot/scenes/scene_068
wildrgbd_harrison/flower_pot/scene_132,wildrgbd_harrison,wildrgbd_harrison:flower_pot,wildrgbd_rgb_depth_npz_pose,sensor_depth_png,npz_camera_pose,100,16,/home/m/dataset/ltm_datasets/wildrgbd_harrison/flower_pot/scenes/scene_132
wildrgbd_harrison/flower_pot/scene_197,wildrgbd_harrison,wildrgbd_harrison:flower_pot,wildrgbd_rgb_depth_npz_pose,sensor_depth_png,npz_camera_pose,100,16,/home/m/dataset/ltm_datasets/wildrgbd_harrison/flower_pot/scenes/scene_197
wildrgbd_harrison/flower_pot/scene_209,wildrgbd_harrison,wildrgbd_harrison:flower_pot,wildrgbd_rgb_depth_npz_pose,sensor_depth_png,npz_camera_pose,100,16,/home/m/dataset/ltm_datasets/wildrgbd_harrison/flower_pot/scenes/scene_209
wildrgbd_harrison/flower_pot/scene_211,wildrgbd_harrison,wildrgbd_harrison:flower_pot,wildrgbd_rgb_depth_npz_pose,sensor_depth_png,npz_camera_pose,100,16,/home/m/dataset/ltm_datasets/wildrgbd_harrison/flower_pot/scenes/scene_211
wildrgbd_harrison/flower_pot/scene_240,wildrgbd_harrison,wildrgbd_harrison:flower_pot,wildrgbd_rgb_depth_npz_pose,sensor_depth_png,npz_camera_pose,100,16,/home/m/dataset/ltm_datasets/wildrgbd_harrison/flower_pot/scenes/scene_240
wildrgbd_harrison/flower_pot/scene_286,wildrgbd_harrison,wildrgbd_harrison:flower_pot,wildrgbd_rgb_depth_npz_pose,sensor_depth_png,npz_camera_pose,100,16,/home/m/dataset/ltm_datasets/wildrgbd_harrison/flower_pot/scenes/scene_286
wildrgbd_harrison/flower_pot/scene_330,wildrgbd_harrison,wildrgbd_harrison:flower_pot,wildrgbd_rgb_depth_npz_pose,sensor_depth_png,npz_camera_pose,100,16,/home/m/dataset/ltm_datasets/wildrgbd_harrison/flower_pot/scenes/scene_330
wildrgbd_harrison/flower_pot/scene_351,wildrgbd_harrison,wildrgbd_harrison:flower_pot,wildrgbd_rgb_depth_npz_pose,sensor_depth_png,npz_camera_pose,100,16,/home/m/dataset/ltm_datasets/wildrgbd_harrison/flower_pot/scenes/scene_351
wildrgbd_harrison/handbag/scene_077,wildrgbd_harrison,wildrgbd_harrison:handbag,wildrgbd_rgb_depth_npz_pose,sensor_depth_png,npz_camera_pose,100,16,/home/m/dataset/ltm_datasets/wildrgbd_harrison/handbag/scenes/scene_077
wildrgbd_harrison/handbag/scene_146,wildrgbd_harrison,wildrgbd_harrison:handbag,wildrgbd_rgb_depth_npz_pose,sensor_depth_png,npz_camera_pose,100,16,/home/m/dataset/ltm_datasets/wildrgbd_harrison/handbag/scenes/scene_146
wildrgbd_harrison/handbag/scene_351,wildrgbd_harrison,wildrgbd_harrison:handbag,wildrgbd_rgb_depth_npz_pose,sensor_depth_png,npz_camera_pose,100,16,/home/m/dataset/ltm_datasets/wildrgbd_harrison/handbag/scenes/scene_351
wildrgbd_harrison/handbag/scene_409,wildrgbd_harrison,wildrgbd_harrison:handbag,wildrgbd_rgb_depth_npz_pose,sensor_depth_png,npz_camera_pose,100,16,/home/m/dataset/ltm_datasets/wildrgbd_harrison/handbag/scenes/scene_409
wildrgbd_harrison/handbag/scene_431,wildrgbd_harrison,wildrgbd_harrison:handbag,wildrgbd_rgb_depth_npz_pose,sensor_depth_png,npz_camera_pose,100,16,/home/m/dataset/ltm_datasets/wildrgbd_harrison/handbag/scenes/scene_431
wildrgbd_harrison/hat/scene_129,wildrgbd_harrison,wildrgbd_harrison:hat,wildrgbd_rgb_depth_npz_pose,sensor_depth_png,npz_camera_pose,100,16,/home/m/dataset/ltm_datasets/wildrgbd_harrison/hat/scenes/scene_129
wildrgbd_harrison/hat/scene_382,wildrgbd_harrison,wildrgbd_harrison:hat,wildrgbd_rgb_depth_npz_pose,sensor_depth_png,npz_camera_pose,100,16,/home/m/dataset/ltm_datasets/wildrgbd_harrison/hat/scenes/scene_382
wildrgbd_harrison/hat/scene_514,wildrgbd_harrison,wildrgbd_harrison:hat,wildrgbd_rgb_depth_npz_pose,sensor_depth_png,npz_camera_pose,100,16,/home/m/dataset/ltm_datasets/wildrgbd_harrison/hat/scenes/scene_514
wildrgbd_harrison/kettle/scene_100,wildrgbd_harrison,wildrgbd_harrison:kettle,wildrgbd_rgb_depth_npz_pose,sensor_depth_png,npz_camera_pose,100,16,/home/m/dataset/ltm_datasets/wildrgbd_harrison/kettle/scenes/scene_100
wildrgbd_harrison/kettle/scene_241,wildrgbd_harrison,wildrgbd_harrison:kettle,wildrgbd_rgb_depth_npz_pose,sensor_depth_png,npz_camera_pose,100,16,/home/m/dataset/ltm_datasets/wildrgbd_harrison/kettle/scenes/scene_241
wildrgbd_harrison/kettle/scene_245,wildrgbd_harrison,wildrgbd_harrison:kettle,wildrgbd_rgb_depth_npz_pose,sensor_depth_png,npz_camera_pose,100,16,/home/m/dataset/ltm_datasets/wildrgbd_harrison/kettle/scenes/scene_245
wildrgbd_harrison/kettle/scene_406,wildrgbd_harrison,wildrgbd_harrison:kettle,wildrgbd_rgb_depth_npz_pose,sensor_depth_png,npz_camera_pose,100,16,/home/m/dataset/ltm_datasets/wildrgbd_harrison/kettle/scenes/scene_406
wildrgbd_harrison/kettle/scene_514,wildrgbd_harrison,wildrgbd_harrison:kettle,wildrgbd_rgb_depth_npz_pose,sensor_depth_png,npz_camera_pose,100,16,/home/m/dataset/ltm_datasets/wildrgbd_harrison/kettle/scenes/scene_514
wildrgbd_harrison/keyboard/scene_022,wildrgbd_harrison,wildrgbd_harrison:keyboard,wildrgbd_rgb_depth_npz_pose,sensor_depth_png,npz_camera_pose,100,16,/home/m/dataset/ltm_datasets/wildrgbd_harrison/keyboard/scenes/scene_022
wildrgbd_harrison/keyboard/scene_171,wildrgbd_harrison,wildrgbd_harrison:keyboard,wildrgbd_rgb_depth_npz_pose,sensor_depth_png,npz_camera_pose,100,16,/home/m/dataset/ltm_datasets/wildrgbd_harrison/keyboard/scenes/scene_171
wildrgbd_harrison/keyboard/scene_226,wildrgbd_harrison,wildrgbd_harrison:keyboard,wildrgbd_rgb_depth_npz_pose,sensor_depth_png,npz_camera_pose,100,16,/home/m/dataset/ltm_datasets/wildrgbd_harrison/keyboard/scenes/scene_226
wildrgbd_harrison/keyboard/scene_251,wildrgbd_harrison,wildrgbd_harrison:keyboard,wildrgbd_rgb_depth_npz_pose,sensor_depth_png,npz_camera_pose,100,16,/home/m/dataset/ltm_datasets/wildrgbd_harrison/keyboard/scenes/scene_251
wildrgbd_harrison/keyboard/scene_262,wildrgbd_harrison,wildrgbd_harrison:keyboard,wildrgbd_rgb_depth_npz_pose,sensor_depth_png,npz_camera_pose,100,16,/home/m/dataset/ltm_datasets/wildrgbd_harrison/keyboard/scenes/scene_262
wildrgbd_harrison/keyboard/scene_330,wildrgbd_harrison,wildrgbd_harrison:keyboard,wildrgbd_rgb_depth_npz_pose,sensor_depth_png,npz_camera_pose,100,16,/home/m/dataset/ltm_datasets/wildrgbd_harrison/keyboard/scenes/scene_330
wildrgbd_harrison/keyboard/scene_350,wildrgbd_harrison,wildrgbd_harrison:keyboard,wildrgbd_rgb_depth_npz_pose,sensor_depth_png,npz_camera_pose,100,16,/home/m/dataset/ltm_datasets/wildrgbd_harrison/keyboard/scenes/scene_350
wildrgbd_harrison/keyboard/scene_351,wildrgbd_harrison,wildrgbd_harrison:keyboard,wildrgbd_rgb_depth_npz_pose,sensor_depth_png,npz_camera_pose,100,16,/home/m/dataset/ltm_datasets/wildrgbd_harrison/keyboard/scenes/scene_351
wildrgbd_harrison/keyboard/scene_359,wildrgbd_harrison,wildrgbd_harrison:keyboard,wildrgbd_rgb_depth_npz_pose,sensor_depth_png,npz_camera_pose,100,16,/home/m/dataset/ltm_datasets/wildrgbd_harrison/keyboard/scenes/scene_359
wildrgbd_harrison/knife/scene_069,wildrgbd_harrison,wildrgbd_harrison:knife,wildrgbd_rgb_depth_npz_pose,sensor_depth_png,npz_camera_pose,100,16,/home/m/dataset/ltm_datasets/wildrgbd_harrison/knife/scenes/scene_069
wildrgbd_harrison/knife/scene_189,wildrgbd_harrison,wildrgbd_harrison:knife,wildrgbd_rgb_depth_npz_pose,sensor_depth_png,npz_camera_pose,100,16,/home/m/dataset/ltm_datasets/wildrgbd_harrison/knife/scenes/scene_189
wildrgbd_harrison/knife/scene_219,wildrgbd_harrison,wildrgbd_harrison:knife,wildrgbd_rgb_depth_npz_pose,sensor_depth_png,npz_camera_pose,100,16,/home/m/dataset/ltm_datasets/wildrgbd_harrison/knife/scenes/scene_219
wildrgbd_harrison/knife/scene_260,wildrgbd_harrison,wildrgbd_harrison:knife,wildrgbd_rgb_depth_npz_pose,sensor_depth_png,npz_camera_pose,100,16,/home/m/dataset/ltm_datasets/wildrgbd_harrison/knife/scenes/scene_260
wildrgbd_harrison/knife/scene_380,wildrgbd_harrison,wildrgbd_harrison:knife,wildrgbd_rgb_depth_npz_pose,sensor_depth_png,npz_camera_pose,100,16,/home/m/dataset/ltm_datasets/wildrgbd_harrison/knife/scenes/scene_380
wildrgbd_harrison/knife/scene_387,wildrgbd_harrison,wildrgbd_harrison:knife,wildrgbd_rgb_depth_npz_pose,sensor_depth_png,npz_camera_pose,100,16,/home/m/dataset/ltm_datasets/wildrgbd_harrison/knife/scenes/scene_387
wildrgbd_harrison/knife/scene_409,wildrgbd_harrison,wildrgbd_harrison:knife,wildrgbd_rgb_depth_npz_pose,sensor_depth_png,npz_camera_pose,100,16,/home/m/dataset/ltm_datasets/wildrgbd_harrison/knife/scenes/scene_409
wildrgbd_harrison/knife/scene_445,wildrgbd_harrison,wildrgbd_harrison:knife,wildrgbd_rgb_depth_npz_pose,sensor_depth_png,npz_camera_pose,100,16,/home/m/dataset/ltm_datasets/wildrgbd_harrison/knife/scenes/scene_445
wildrgbd_harrison/knife/scene_460,wildrgbd_harrison,wildrgbd_harrison:knife,wildrgbd_rgb_depth_npz_pose,sensor_depth_png,npz_camera_pose,100,16,/home/m/dataset/ltm_datasets/wildrgbd_harrison/knife/scenes/scene_460
wildrgbd_harrison/microwave/scene_012,wildrgbd_harrison,wildrgbd_harrison:microwave,wildrgbd_rgb_depth_npz_pose,sensor_depth_png,npz_camera_pose,100,16,/home/m/dataset/ltm_datasets/wildrgbd_harrison/microwave/scenes/scene_012
wildrgbd_harrison/microwave/scene_036,wildrgbd_harrison,wildrgbd_harrison:microwave,wildrgbd_rgb_depth_npz_pose,sensor_depth_png,npz_camera_pose,100,16,/home/m/dataset/ltm_datasets/wildrgbd_harrison/microwave/scenes/scene_036
wildrgbd_harrison/microwave/scene_071,wildrgbd_harrison,wildrgbd_harrison:microwave,wildrgbd_rgb_depth_npz_pose,sensor_depth_png,npz_camera_pose,100,16,/home/m/dataset/ltm_datasets/wildrgbd_harrison/microwave/scenes/scene_071
wildrgbd_harrison/microwave/scene_072,wildrgbd_harrison,wildrgbd_harrison:microwave,wildrgbd_rgb_depth_npz_pose,sensor_depth_png,npz_camera_pose,100,16,/home/m/dataset/ltm_datasets/wildrgbd_harrison/microwave/scenes/scene_072
wildrgbd_harrison/microwave/scene_107,wildrgbd_harrison,wildrgbd_harrison:microwave,wildrgbd_rgb_depth_npz_pose,sensor_depth_png,npz_camera_pose,100,16,/home/m/dataset/ltm_datasets/wildrgbd_harrison/microwave/scenes/scene_107
wildrgbd_harrison/microwave/scene_154,wildrgbd_harrison,wildrgbd_harrison:microwave,wildrgbd_rgb_depth_npz_pose,sensor_depth_png,npz_camera_pose,100,16,/home/m/dataset/ltm_datasets/wildrgbd_harrison/microwave/scenes/scene_154
wildrgbd_harrison/microwave/scene_175,wildrgbd_harrison,wildrgbd_harrison:microwave,wildrgbd_rgb_depth_npz_pose,sensor_depth_png,npz_camera_pose,100,16,/home/m/dataset/ltm_datasets/wildrgbd_harrison/microwave/scenes/scene_175
wildrgbd_harrison/mouse/scene_113,wildrgbd_harrison,wildrgbd_harrison:mouse,wildrgbd_rgb_depth_npz_pose,sensor_depth_png,npz_camera_pose,100,16,/home/m/dataset/ltm_datasets/wildrgbd_harrison/mouse/scenes/scene_113
wildrgbd_harrison/mouse/scene_143,wildrgbd_harrison,wildrgbd_harrison:mouse,wildrgbd_rgb_depth_npz_pose,sensor_depth_png,npz_camera_pose,100,16,/home/m/dataset/ltm_datasets/wildrgbd_harrison/mouse/scenes/scene_143
wildrgbd_harrison/mouse/scene_186,wildrgbd_harrison,wildrgbd_harrison:mouse,wildrgbd_rgb_depth_npz_pose,sensor_depth_png,npz_camera_pose,100,16,/home/m/dataset/ltm_datasets/wildrgbd_harrison/mouse/scenes/scene_186
wildrgbd_harrison/mouse/scene_218,wildrgbd_harrison,wildrgbd_harrison:mouse,wildrgbd_rgb_depth_npz_pose,sensor_depth_png,npz_camera_pose,100,16,/home/m/dataset/ltm_datasets/wildrgbd_harrison/mouse/scenes/scene_218
wildrgbd_harrison/mouse/scene_279,wildrgbd_harrison,wildrgbd_harrison:mouse,wildrgbd_rgb_depth_npz_pose,sensor_depth_png,npz_camera_pose,100,16,/home/m/dataset/ltm_datasets/wildrgbd_harrison/mouse/scenes/scene_279
wildrgbd_harrison/mouse/scene_363,wildrgbd_harrison,wildrgbd_harrison:mouse,wildrgbd_rgb_depth_npz_pose,sensor_depth_png,npz_camera_pose,100,16,/home/m/dataset/ltm_datasets/wildrgbd_harrison/mouse/scenes/scene_363
wildrgbd_harrison/mouse/scene_366,wildrgbd_harrison,wildrgbd_harrison:mouse,wildrgbd_rgb_depth_npz_pose,sensor_depth_png,npz_camera_pose,100,16,/home/m/dataset/ltm_datasets/wildrgbd_harrison/mouse/scenes/scene_366
wildrgbd_harrison/mouse/scene_368,wildrgbd_harrison,wildrgbd_harrison:mouse,wildrgbd_rgb_depth_npz_pose,sensor_depth_png,npz_camera_pose,100,16,/home/m/dataset/ltm_datasets/wildrgbd_harrison/mouse/scenes/scene_368
wildrgbd_harrison/mouse/scene_395,wildrgbd_harrison,wildrgbd_harrison:mouse,wildrgbd_rgb_depth_npz_pose,sensor_depth_png,npz_camera_pose,100,16,/home/m/dataset/ltm_datasets/wildrgbd_harrison/mouse/scenes/scene_395
wildrgbd_harrison/orange/scene_071,wildrgbd_harrison,wildrgbd_harrison:orange,wildrgbd_rgb_depth_npz_pose,sensor_depth_png,npz_camera_pose,100,16,/home/m/dataset/ltm_datasets/wildrgbd_harrison/orange/scenes/scene_071
wildrgbd_harrison/orange/scene_072,wildrgbd_harrison,wildrgbd_harrison:orange,wildrgbd_rgb_depth_npz_pose,sensor_depth_png,npz_camera_pose,100,16,/home/m/dataset/ltm_datasets/wildrgbd_harrison/orange/scenes/scene_072
wildrgbd_harrison/orange/scene_090,wildrgbd_harrison,wildrgbd_harrison:orange,wildrgbd_rgb_depth_npz_pose,sensor_depth_png,npz_camera_pose,100,16,/home/m/dataset/ltm_datasets/wildrgbd_harrison/orange/scenes/scene_090
wildrgbd_harrison/orange/scene_110,wildrgbd_harrison,wildrgbd_harrison:orange,wildrgbd_rgb_depth_npz_pose,sensor_depth_png,npz_camera_pose,100,16,/home/m/dataset/ltm_datasets/wildrgbd_harrison/orange/scenes/scene_110
wildrgbd_harrison/orange/scene_137,wildrgbd_harrison,wildrgbd_harrison:orange,wildrgbd_rgb_depth_npz_pose,sensor_depth_png,npz_camera_pose,100,16,/home/m/dataset/ltm_datasets/wildrgbd_harrison/orange/scenes/scene_137
wildrgbd_harrison/peach/scene_035,wildrgbd_harrison,wildrgbd_harrison:peach,wildrgbd_rgb_depth_npz_pose,sensor_depth_png,npz_camera_pose,100,16,/home/m/dataset/ltm_datasets/wildrgbd_harrison/peach/scenes/scene_035
wildrgbd_harrison/peach/scene_039,wildrgbd_harrison,wildrgbd_harrison:peach,wildrgbd_rgb_depth_npz_pose,sensor_depth_png,npz_camera_pose,100,16,/home/m/dataset/ltm_datasets/wildrgbd_harrison/peach/scenes/scene_039
wildrgbd_harrison/peach/scene_071,wildrgbd_harrison,wildrgbd_harrison:peach,wildrgbd_rgb_depth_npz_pose,sensor_depth_png,npz_camera_pose,100,16,/home/m/dataset/ltm_datasets/wildrgbd_harrison/peach/scenes/scene_071
wildrgbd_harrison/peach/scene_123,wildrgbd_harrison,wildrgbd_harrison:peach,wildrgbd_rgb_depth_npz_pose,sensor_depth_png,npz_camera_pose,100,16,/home/m/dataset/ltm_datasets/wildrgbd_harrison/peach/scenes/scene_123
wildrgbd_harrison/peach/scene_130,wildrgbd_harrison,wildrgbd_harrison:peach,wildrgbd_rgb_depth_npz_pose,sensor_depth_png,npz_camera_pose,100,16,/home/m/dataset/ltm_datasets/wildrgbd_harrison/peach/scenes/scene_130
wildrgbd_harrison/peach/scene_168,wildrgbd_harrison,wildrgbd_harrison:peach,wildrgbd_rgb_depth_npz_pose,sensor_depth_png,npz_camera_pose,100,16,/home/m/dataset/ltm_datasets/wildrgbd_harrison/peach/scenes/scene_168
wildrgbd_harrison/pear/scene_015,wildrgbd_harrison,wildrgbd_harrison:pear,wildrgbd_rgb_depth_npz_pose,sensor_depth_png,npz_camera_pose,100,16,/home/m/dataset/ltm_datasets/wildrgbd_harrison/pear/scenes/scene_015
wildrgbd_harrison/pear/scene_043,wildrgbd_harrison,wildrgbd_harrison:pear,wildrgbd_rgb_depth_npz_pose,sensor_depth_png,npz_camera_pose,100,16,/home/m/dataset/ltm_datasets/wildrgbd_harrison/pear/scenes/scene_043
wildrgbd_harrison/pear/scene_072,wildrgbd_harrison,wildrgbd_harrison:pear,wildrgbd_rgb_depth_npz_pose,sensor_depth_png,npz_camera_pose,100,16,/home/m/dataset/ltm_datasets/wildrgbd_harrison/pear/scenes/scene_072
wildrgbd_harrison/pear/scene_137,wildrgbd_harrison,wildrgbd_harrison:pear,wildrgbd_rgb_depth_npz_pose,sensor_depth_png,npz_camera_pose,100,16,/home/m/dataset/ltm_datasets/wildrgbd_harrison/pear/scenes/scene_137
wildrgbd_harrison/pear/scene_157,wildrgbd_harrison,wildrgbd_harrison:pear,wildrgbd_rgb_depth_npz_pose,sensor_depth_png,npz_camera_pose,100,16,/home/m/dataset/ltm_datasets/wildrgbd_harrison/pear/scenes/scene_157
wildrgbd_harrison/pliers/scene_324,wildrgbd_harrison,wildrgbd_harrison:pliers,wildrgbd_rgb_depth_npz_pose,sensor_depth_png,npz_camera_pose,100,16,/home/m/dataset/ltm_datasets/wildrgbd_harrison/pliers/scenes/scene_324
wildrgbd_harrison/pliers/scene_369,wildrgbd_harrison,wildrgbd_harrison:pliers,wildrgbd_rgb_depth_npz_pose,sensor_depth_png,npz_camera_pose,100,16,/home/m/dataset/ltm_datasets/wildrgbd_harrison/pliers/scenes/scene_369
wildrgbd_harrison/pliers/scene_473,wildrgbd_harrison,wildrgbd_harrison:pliers,wildrgbd_rgb_depth_npz_pose,sensor_depth_png,npz_camera_pose,100,16,/home/m/dataset/ltm_datasets/wildrgbd_harrison/pliers/scenes/scene_473
wildrgbd_harrison/pliers/scene_475,wildrgbd_harrison,wildrgbd_harrison:pliers,wildrgbd_rgb_depth_npz_pose,sensor_depth_png,npz_camera_pose,100,16,/home/m/dataset/ltm_datasets/wildrgbd_harrison/pliers/scenes/scene_475
wildrgbd_harrison/pliers/scene_522,wildrgbd_harrison,wildrgbd_harrison:pliers,wildrgbd_rgb_depth_npz_pose,sensor_depth_png,npz_camera_pose,100,16,/home/m/dataset/ltm_datasets/wildrgbd_harrison/pliers/scenes/scene_522
wildrgbd_harrison/potato/scene_033,wildrgbd_harrison,wildrgbd_harrison:potato,wildrgbd_rgb_depth_npz_pose,sensor_depth_png,npz_camera_pose,100,16,/home/m/dataset/ltm_datasets/wildrgbd_harrison/potato/scenes/scene_033
wildrgbd_harrison/potato/scene_035,wildrgbd_harrison,wildrgbd_harrison:potato,wildrgbd_rgb_depth_npz_pose,sensor_depth_png,npz_camera_pose,100,16,/home/m/dataset/ltm_datasets/wildrgbd_harrison/potato/scenes/scene_035
wildrgbd_harrison/potato/scene_118,wildrgbd_harrison,wildrgbd_harrison:potato,wildrgbd_rgb_depth_npz_pose,sensor_depth_png,npz_camera_pose,100,16,/home/m/dataset/ltm_datasets/wildrgbd_harrison/potato/scenes/scene_118
wildrgbd_harrison/potato/scene_154,wildrgbd_harrison,wildrgbd_harrison:potato,wildrgbd_rgb_depth_npz_pose,sensor_depth_png,npz_camera_pose,100,16,/home/m/dataset/ltm_datasets/wildrgbd_harrison/potato/scenes/scene_154
wildrgbd_harrison/razor/scene_074,wildrgbd_harrison,wildrgbd_harrison:razor,wildrgbd_rgb_depth_npz_pose,sensor_depth_png,npz_camera_pose,100,16,/home/m/dataset/ltm_datasets/wildrgbd_harrison/razor/scenes/scene_074
wildrgbd_harrison/razor/scene_148,wildrgbd_harrison,wildrgbd_harrison:razor,wildrgbd_rgb_depth_npz_pose,sensor_depth_png,npz_camera_pose,100,16,/home/m/dataset/ltm_datasets/wildrgbd_harrison/razor/scenes/scene_148
wildrgbd_harrison/razor/scene_184,wildrgbd_harrison,wildrgbd_harrison:razor,wildrgbd_rgb_depth_npz_pose,sensor_depth_png,npz_camera_pose,100,16,/home/m/dataset/ltm_datasets/wildrgbd_harrison/razor/scenes/scene_184
wildrgbd_harrison/razor/scene_186,wildrgbd_harrison,wildrgbd_harrison:razor,wildrgbd_rgb_depth_npz_pose,sensor_depth_png,npz_camera_pose,100,16,/home/m/dataset/ltm_datasets/wildrgbd_harrison/razor/scenes/scene_186
wildrgbd_harrison/razor/scene_266,wildrgbd_harrison,wildrgbd_harrison:razor,wildrgbd_rgb_depth_npz_pose,sensor_depth_png,npz_camera_pose,100,16,/home/m/dataset/ltm_datasets/wildrgbd_harrison/razor/scenes/scene_266
wildrgbd_harrison/razor/scene_357,wildrgbd_harrison,wildrgbd_harrison:razor,wildrgbd_rgb_depth_npz_pose,sensor_depth_png,npz_camera_pose,100,16,/home/m/dataset/ltm_datasets/wildrgbd_harrison/razor/scenes/scene_357
wildrgbd_harrison/remote_control/scene_046,wildrgbd_harrison,wildrgbd_harrison:remote_control,wildrgbd_rgb_depth_npz_pose,sensor_depth_png,npz_camera_pose,100,16,/home/m/dataset/ltm_datasets/wildrgbd_harrison/remote_control/scenes/scene_046
wildrgbd_harrison/remote_control/scene_138,wildrgbd_harrison,wildrgbd_harrison:remote_control,wildrgbd_rgb_depth_npz_pose,sensor_depth_png,npz_camera_pose,100,16,/home/m/dataset/ltm_datasets/wildrgbd_harrison/remote_control/scenes/scene_138
wildrgbd_harrison/remote_control/scene_181,wildrgbd_harrison,wildrgbd_harrison:remote_control,wildrgbd_rgb_depth_npz_pose,sensor_depth_png,npz_camera_pose,100,16,/home/m/dataset/ltm_datasets/wildrgbd_harrison/remote_control/scenes/scene_181
wildrgbd_harrison/scissor/scene_011,wildrgbd_harrison,wildrgbd_harrison:scissor,wildrgbd_rgb_depth_npz_pose,sensor_depth_png,npz_camera_pose,100,16,/home/m/dataset/ltm_datasets/wildrgbd_harrison/scissor/scenes/scene_011
wildrgbd_harrison/scissor/scene_113,wildrgbd_harrison,wildrgbd_harrison:scissor,wildrgbd_rgb_depth_npz_pose,sensor_depth_png,npz_camera_pose,100,16,/home/m/dataset/ltm_datasets/wildrgbd_harrison/scissor/scenes/scene_113
wildrgbd_harrison/scissor/scene_129,wildrgbd_harrison,wildrgbd_harrison:scissor,wildrgbd_rgb_depth_npz_pose,sensor_depth_png,npz_camera_pose,100,16,/home/m/dataset/ltm_datasets/wildrgbd_harrison/scissor/scenes/scene_129
wildrgbd_harrison/scissor/scene_230,wildrgbd_harrison,wildrgbd_harrison:scissor,wildrgbd_rgb_depth_npz_pose,sensor_depth_png,npz_camera_pose,100,16,/home/m/dataset/ltm_datasets/wildrgbd_harrison/scissor/scenes/scene_230
wildrgbd_harrison/scissor/scene_263,wildrgbd_harrison,wildrgbd_harrison:scissor,wildrgbd_rgb_depth_npz_pose,sensor_depth_png,npz_camera_pose,100,16,/home/m/dataset/ltm_datasets/wildrgbd_harrison/scissor/scenes/scene_263
wildrgbd_harrison/scissor/scene_282,wildrgbd_harrison,wildrgbd_harrison:scissor,wildrgbd_rgb_depth_npz_pose,sensor_depth_png,npz_camera_pose,100,16,/home/m/dataset/ltm_datasets/wildrgbd_harrison/scissor/scenes/scene_282
wildrgbd_harrison/scissor/scene_380,wildrgbd_harrison,wildrgbd_harrison:scissor,wildrgbd_rgb_depth_npz_pose,sensor_depth_png,npz_camera_pose,100,16,/home/m/dataset/ltm_datasets/wildrgbd_harrison/scissor/scenes/scene_380
wildrgbd_harrison/scissor/scene_415,wildrgbd_harrison,wildrgbd_harrison:scissor,wildrgbd_rgb_depth_npz_pose,sensor_depth_png,npz_camera_pose,100,16,/home/m/dataset/ltm_datasets/wildrgbd_harrison/scissor/scenes/scene_415
wildrgbd_harrison/scissor/scene_492,wildrgbd_harrison,wildrgbd_harrison:scissor,wildrgbd_rgb_depth_npz_pose,sensor_depth_png,npz_camera_pose,100,16,/home/m/dataset/ltm_datasets/wildrgbd_harrison/scissor/scenes/scene_492
wildrgbd_harrison/scissor/scene_564,wildrgbd_harrison,wildrgbd_harrison:scissor,wildrgbd_rgb_depth_npz_pose,sensor_depth_png,npz_camera_pose,100,16,/home/m/dataset/ltm_datasets/wildrgbd_harrison/scissor/scenes/scene_564
wildrgbd_harrison/scissor/scene_613,wildrgbd_harrison,wildrgbd_harrison:scissor,wildrgbd_rgb_depth_npz_pose,sensor_depth_png,npz_camera_pose,100,16,/home/m/dataset/ltm_datasets/wildrgbd_harrison/scissor/scenes/scene_613
wildrgbd_harrison/shoe/scene_205,wildrgbd_harrison,wildrgbd_harrison:shoe,wildrgbd_rgb_depth_npz_pose,sensor_depth_png,npz_camera_pose,100,16,/home/m/dataset/ltm_datasets/wildrgbd_harrison/shoe/scenes/scene_205
wildrgbd_harrison/shoe/scene_333,wildrgbd_harrison,wildrgbd_harrison:shoe,wildrgbd_rgb_depth_npz_pose,sensor_depth_png,npz_camera_pose,100,16,/home/m/dataset/ltm_datasets/wildrgbd_harrison/shoe/scenes/scene_333
wildrgbd_harrison/shoe/scene_355,wildrgbd_harrison,wildrgbd_harrison:shoe,wildrgbd_rgb_depth_npz_pose,sensor_depth_png,npz_camera_pose,100,16,/home/m/dataset/ltm_datasets/wildrgbd_harrison/shoe/scenes/scene_355
wildrgbd_harrison/shoe/scene_382,wildrgbd_harrison,wildrgbd_harrison:shoe,wildrgbd_rgb_depth_npz_pose,sensor_depth_png,npz_camera_pose,100,16,/home/m/dataset/ltm_datasets/wildrgbd_harrison/shoe/scenes/scene_382
wildrgbd_harrison/shoe/scene_408,wildrgbd_harrison,wildrgbd_harrison:shoe,wildrgbd_rgb_depth_npz_pose,sensor_depth_png,npz_camera_pose,100,16,/home/m/dataset/ltm_datasets/wildrgbd_harrison/shoe/scenes/scene_408
wildrgbd_harrison/stuffed_toy/scene_138,wildrgbd_harrison,wildrgbd_harrison:stuffed_toy,wildrgbd_rgb_depth_npz_pose,sensor_depth_png,npz_camera_pose,100,16,/home/m/dataset/ltm_datasets/wildrgbd_harrison/stuffed_toy/scenes/scene_138
wildrgbd_harrison/stuffed_toy/scene_212,wildrgbd_harrison,wildrgbd_harrison:stuffed_toy,wildrgbd_rgb_depth_npz_pose,sensor_depth_png,npz_camera_pose,100,16,/home/m/dataset/ltm_datasets/wildrgbd_harrison/stuffed_toy/scenes/scene_212
wildrgbd_harrison/stuffed_toy/scene_354,wildrgbd_harrison,wildrgbd_harrison:stuffed_toy,wildrgbd_rgb_depth_npz_pose,sensor_depth_png,npz_camera_pose,100,16,/home/m/dataset/ltm_datasets/wildrgbd_harrison/stuffed_toy/scenes/scene_354
wildrgbd_harrison/stuffed_toy/scene_364,wildrgbd_harrison,wildrgbd_harrison:stuffed_toy,wildrgbd_rgb_depth_npz_pose,sensor_depth_png,npz_camera_pose,100,16,/home/m/dataset/ltm_datasets/wildrgbd_harrison/stuffed_toy/scenes/scene_364
wildrgbd_harrison/stuffed_toy/scene_376,wildrgbd_harrison,wildrgbd_harrison:stuffed_toy,wildrgbd_rgb_depth_npz_pose,sensor_depth_png,npz_camera_pose,100,16,/home/m/dataset/ltm_datasets/wildrgbd_harrison/stuffed_toy/scenes/scene_376
wildrgbd_harrison/stuffed_toy/scene_411,wildrgbd_harrison,wildrgbd_harrison:stuffed_toy,wildrgbd_rgb_depth_npz_pose,sensor_depth_png,npz_camera_pose,100,16,/home/m/dataset/ltm_datasets/wildrgbd_harrison/stuffed_toy/scenes/scene_411
wildrgbd_harrison/stuffed_toy/scene_485,wildrgbd_harrison,wildrgbd_harrison:stuffed_toy,wildrgbd_rgb_depth_npz_pose,sensor_depth_png,npz_camera_pose,100,16,/home/m/dataset/ltm_datasets/wildrgbd_harrison/stuffed_toy/scenes/scene_485
wildrgbd_harrison/tomato/scene_012,wildrgbd_harrison,wildrgbd_harrison:tomato,wildrgbd_rgb_depth_npz_pose,sensor_depth_png,npz_camera_pose,100,16,/home/m/dataset/ltm_datasets/wildrgbd_harrison/tomato/scenes/scene_012
wildrgbd_harrison/tomato/scene_029,wildrgbd_harrison,wildrgbd_harrison:tomato,wildrgbd_rgb_depth_npz_pose,sensor_depth_png,npz_camera_pose,100,16,/home/m/dataset/ltm_datasets/wildrgbd_harrison/tomato/scenes/scene_029
wildrgbd_harrison/tomato/scene_039,wildrgbd_harrison,wildrgbd_harrison:tomato,wildrgbd_rgb_depth_npz_pose,sensor_depth_png,npz_camera_pose,100,16,/home/m/dataset/ltm_datasets/wildrgbd_harrison/tomato/scenes/scene_039
wildrgbd_harrison/tomato/scene_071,wildrgbd_harrison,wildrgbd_harrison:tomato,wildrgbd_rgb_depth_npz_pose,sensor_depth_png,npz_camera_pose,100,16,/home/m/dataset/ltm_datasets/wildrgbd_harrison/tomato/scenes/scene_071
wildrgbd_harrison/tomato/scene_157,wildrgbd_harrison,wildrgbd_harrison:tomato,wildrgbd_rgb_depth_npz_pose,sensor_depth_png,npz_camera_pose,100,16,/home/m/dataset/ltm_datasets/wildrgbd_harrison/tomato/scenes/scene_157
wildrgbd_harrison/tomato/scene_168,wildrgbd_harrison,wildrgbd_harrison:tomato,wildrgbd_rgb_depth_npz_pose,sensor_depth_png,npz_camera_pose,100,16,/home/m/dataset/ltm_datasets/wildrgbd_harrison/tomato/scenes/scene_168
wildrgbd_harrison/tooth_brush/scene_258,wildrgbd_harrison,wildrgbd_harrison:tooth_brush,wildrgbd_rgb_depth_npz_pose,sensor_depth_png,npz_camera_pose,100,16,/home/m/dataset/ltm_datasets/wildrgbd_harrison/tooth_brush/scenes/scene_258
