scene_id,scene_key,dataset,split,source_group,eligible_frame_count,frame_count,scene_root
bridgedata_v2__train_00000__traj_0000,bridgedata_v2/train_00000/traj_0000,bridgedata_v2,train,bridgedata_v2:train_00000,38,38,data/processed/bridgedata_v2/train_00000/traj_0000
bridgedata_v2__train_00000__traj_0013,bridgedata_v2/train_00000/traj_0013,bridgedata_v2,train,bridgedata_v2:train_00000,19,19,data/processed/bridgedata_v2/train_00000/traj_0013
bridgedata_v2__train_00002__traj_0002,bridgedata_v2/train_00002/traj_0002,bridgedata_v2,train,bridgedata_v2:train_00002,30,30,data/processed/bridgedata_v2/train_00002/traj_0002
bridgedata_v2__train_00004__traj_0002,bridgedata_v2/train_00004/traj_0002,bridgedata_v2,train,bridgedata_v2:train_00004,49,49,data/processed/bridgedata_v2/train_00004/traj_0002
bridgedata_v2__train_00005__traj_0017,bridgedata_v2/train_00005/traj_0017,bridgedata_v2,train,bridgedata_v2:train_00005,42,42,data/processed/bridgedata_v2/train_00005/traj_0017
bridgedata_v2__train_00006__traj_0010,bridgedata_v2/train_00006/traj_0010,bridgedata_v2,train,bridgedata_v2:train_00006,32,32,data/processed/bridgedata_v2/train_00006/traj_0010
bridgedata_v2__train_00007__traj_0009,bridgedata_v2/train_00007/traj_0009,bridgedata_v2,train,bridgedata_v2:train_00007,35,35,data/processed/bridgedata_v2/train_00007/traj_0009
bridgedata_v2__train_00008__traj_0015,bridgedata_v2/train_00008/traj_0015,bridgedata_v2,train,bridgedata_v2:train_00008,41,41,data/processed/bridgedata_v2/train_00008/traj_0015
bridgedata_v2__train_00009__traj_0002,bridgedata_v2/train_00009/traj_0002,bridgedata_v2,train,bridgedata_v2:train_00009,39,39,data/processed/bridgedata_v2/train_00009/traj_0002
bridgedata_v2__train_00009__traj_0003,bridgedata_v2/train_00009/traj_0003,bridgedata_v2,train,bridgedata_v2:train_00009,39,39,data/processed/bridgedata_v2/train_00009/traj_0003
bridgedata_v2__train_00010__traj_0016,bridgedata_v2/train_00010/traj_0016,bridgedata_v2,train,bridgedata_v2:train_00010,32,32,data/processed/bridgedata_v2/train_00010/traj_0016
bridgedata_v2__train_00011__traj_0005,bridgedata_v2/train_00011/traj_0005,bridgedata_v2,train,bridgedata_v2:train_00011,21,21,data/processed/bridgedata_v2/train_00011/traj_0005
bridgedata_v2__train_00012__traj_0002,bridgedata_v2/train_00012/traj_0002,bridgedata_v2,train,bridgedata_v2:train_00012,47,47,data/processed/bridgedata_v2/train_00012/traj_0002
bridgedata_v2__train_00013__traj_0011,bridgedata_v2/train_00013/traj_0011,bridgedata_v2,train,bridgedata_v2:train_00013,31,31,data/processed/bridgedata_v2/train_00013/traj_0011
bridgedata_v2__train_00013__traj_0022,bridgedata_v2/train_00013/traj_0022,bridgedata_v2,train,bridgedata_v2:train_00013,48,48,data/processed/bridgedata_v2/train_00013/traj_0022
bridgedata_v2__train_00014__traj_0016,bridgedata_v2/train_00014/traj_0016,bridgedata_v2,train,bridgedata_v2:train_00014,32,32,data/processed/bridgedata_v2/train_00014/traj_0016
bridgedata_v2__train_00016__traj_0015,bridgedata_v2/train_00016/traj_0015,bridgedata_v2,train,bridgedata_v2:train_00016,24,24,data/processed/bridgedata_v2/train_00016/traj_0015
bridgedata_v2__train_00018__traj_0006,bridgedata_v2/train_00018/traj_0006,bridgedata_v2,train,bridgedata_v2:train_00018,34,34,data/processed/bridgedata_v2/train_00018/traj_0006
bridgedata_v2__train_00020__traj_0005,bridgedata_v2/train_00020/traj_0005,bridgedata_v2,train,bridgedata_v2:train_00020,24,24,data/processed/bridgedata_v2/train_00020/traj_0005
bridgedata_v2__train_00021__traj_0023,bridgedata_v2/train_00021/traj_0023,bridgedata_v2,train,bridgedata_v2:train_00021,36,36,data/processed/bridgedata_v2/train_00021/traj_0023
bridgedata_v2__train_00024__traj_0012,bridgedata_v2/train_00024/traj_0012,bridgedata_v2,train,bridgedata_v2:train_00024,49,49,data/processed/bridgedata_v2/train_00024/traj_0012
bridgedata_v2__train_00024__traj_0020,bridgedata_v2/train_00024/traj_0020,bridgedata_v2,train,bridgedata_v2:train_00024,19,19,data/processed/bridgedata_v2/train_00024/traj_0020
bridgedata_v2__train_00025__traj_0012,bridgedata_v2/train_00025/traj_0012,bridgedata_v2,train,bridgedata_v2:train_00025,49,49,data/processed/bridgedata_v2/train_00025/traj_0012
bridgedata_v2__train_00025__traj_0014,bridgedata_v2/train_00025/traj_0014,bridgedata_v2,train,bridgedata_v2:train_00025,24,24,data/processed/bridgedata_v2/train_00025/traj_0014
bridgedata_v2__train_00027__traj_0005,bridgedata_v2/train_00027/traj_0005,bridgedata_v2,train,bridgedata_v2:train_00027,37,37,data/processed/bridgedata_v2/train_00027/traj_0005
bridgedata_v2__train_00028__traj_0000,bridgedata_v2/train_00028/traj_0000,bridgedata_v2,train,bridgedata_v2:train_00028,45,45,data/processed/bridgedata_v2/train_00028/traj_0000
bridgedata_v2__train_00030__traj_0003,bridgedata_v2/train_00030/traj_0003,bridgedata_v2,train,bridgedata_v2:train_00030,37,37,data/processed/bridgedata_v2/train_00030/traj_0003
bridgedata_v2__train_00034__traj_0007,bridgedata_v2/train_00034/traj_0007,bridgedata_v2,train,bridgedata_v2:train_00034,39,39,data/processed/bridgedata_v2/train_00034/traj_0007
bridgedata_v2__train_00034__traj_0024,bridgedata_v2/train_00034/traj_0024,bridgedata_v2,train,bridgedata_v2:train_00034,39,39,data/processed/bridgedata_v2/train_00034/traj_0024
bridgedata_v2__train_00035__traj_0000,bridgedata_v2/train_00035/traj_0000,bridgedata_v2,train,bridgedata_v2:train_00035,35,35,data/processed/bridgedata_v2/train_00035/traj_0000
bridgedata_v2__train_00035__traj_0001,bridgedata_v2/train_00035/traj_0001,bridgedata_v2,train,bridgedata_v2:train_00035,34,34,data/processed/bridgedata_v2/train_00035/traj_0001
bridgedata_v2__train_00035__traj_0014,bridgedata_v2/train_00035/traj_0014,bridgedata_v2,train,bridgedata_v2:train_00035,36,36,data/processed/bridgedata_v2/train_00035/traj_0014
bridgedata_v2__train_00036__traj_0014,bridgedata_v2/train_00036/traj_0014,bridgedata_v2,train,bridgedata_v2:train_00036,49,49,data/processed/bridgedata_v2/train_00036/traj_0014
bridgedata_v2__train_00036__traj_0018,bridgedata_v2/train_00036/traj_0018,bridgedata_v2,train,bridgedata_v2:train_00036,49,49,data/processed/bridgedata_v2/train_00036/traj_0018
bridgedata_v2__train_00038__traj_0011,bridgedata_v2/train_00038/traj_0011,bridgedata_v2,train,bridgedata_v2:train_00038,41,41,data/processed/bridgedata_v2/train_00038/traj_0011
bridgedata_v2__train_00038__traj_0013,bridgedata_v2/train_00038/traj_0013,bridgedata_v2,train,bridgedata_v2:train_00038,42,42,data/processed/bridgedata_v2/train_00038/traj_0013
bridgedata_v2__train_00038__traj_0016,bridgedata_v2/train_00038/traj_0016,bridgedata_v2,train,bridgedata_v2:train_00038,44,44,data/processed/bridgedata_v2/train_00038/traj_0016
bridgedata_v2__train_00039__traj_0023,bridgedata_v2/train_00039/traj_0023,bridgedata_v2,train,bridgedata_v2:train_00039,35,35,data/processed/bridgedata_v2/train_00039/traj_0023
bridgedata_v2__train_00040__traj_0014,bridgedata_v2/train_00040/traj_0014,bridgedata_v2,train,bridgedata_v2:train_00040,19,19,data/processed/bridgedata_v2/train_00040/traj_0014
bridgedata_v2__train_00040__traj_0025,bridgedata_v2/train_00040/traj_0025,bridgedata_v2,train,bridgedata_v2:train_00040,39,39,data/processed/bridgedata_v2/train_00040/traj_0025
bridgedata_v2__train_00041__traj_0010,bridgedata_v2/train_00041/traj_0010,bridgedata_v2,train,bridgedata_v2:train_00041,22,22,data/processed/bridgedata_v2/train_00041/traj_0010
bridgedata_v2__train_00042__traj_0002,bridgedata_v2/train_00042/traj_0002,bridgedata_v2,train,bridgedata_v2:train_00042,35,35,data/processed/bridgedata_v2/train_00042/traj_0002
bridgedata_v2__train_00043__traj_0013,bridgedata_v2/train_00043/traj_0013,bridgedata_v2,train,bridgedata_v2:train_00043,20,20,data/processed/bridgedata_v2/train_00043/traj_0013
bridgedata_v2__train_00044__traj_0013,bridgedata_v2/train_00044/traj_0013,bridgedata_v2,train,bridgedata_v2:train_00044,39,39,data/processed/bridgedata_v2/train_00044/traj_0013
bridgedata_v2__train_00044__traj_0017,bridgedata_v2/train_00044/traj_0017,bridgedata_v2,train,bridgedata_v2:train_00044,46,46,data/processed/bridgedata_v2/train_00044/traj_0017
bridgedata_v2__train_00045__traj_0010,bridgedata_v2/train_00045/traj_0010,bridgedata_v2,train,bridgedata_v2:train_00045,32,32,data/processed/bridgedata_v2/train_00045/traj_0010
bridgedata_v2__train_00045__traj_0013,bridgedata_v2/train_00045/traj_0013,bridgedata_v2,train,bridgedata_v2:train_00045,41,41,data/processed/bridgedata_v2/train_00045/traj_0013
bridgedata_v2__train_00046__traj_0000,bridgedata_v2/train_00046/traj_0000,bridgedata_v2,train,bridgedata_v2:train_00046,44,44,data/processed/bridgedata_v2/train_00046/traj_0000
bridgedata_v2__train_00046__traj_0012,bridgedata_v2/train_00046/traj_0012,bridgedata_v2,train,bridgedata_v2:train_00046,24,24,data/processed/bridgedata_v2/train_00046/traj_0012
bridgedata_v2__train_00048__traj_0010,bridgedata_v2/train_00048/traj_0010,bridgedata_v2,train,bridgedata_v2:train_00048,35,35,data/processed/bridgedata_v2/train_00048/traj_0010
bridgedata_v2__train_00048__traj_0017,bridgedata_v2/train_00048/traj_0017,bridgedata_v2,train,bridgedata_v2:train_00048,49,49,data/processed/bridgedata_v2/train_00048/traj_0017
bridgedata_v2__train_00050__traj_0013,bridgedata_v2/train_00050/traj_0013,bridgedata_v2,train,bridgedata_v2:train_00050,40,40,data/processed/bridgedata_v2/train_00050/traj_0013
bridgedata_v2__train_00053__traj_0004,bridgedata_v2/train_00053/traj_0004,bridgedata_v2,train,bridgedata_v2:train_00053,26,26,data/processed/bridgedata_v2/train_00053/traj_0004
bridgedata_v2__train_00053__traj_0008,bridgedata_v2/train_00053/traj_0008,bridgedata_v2,train,bridgedata_v2:train_00053,39,39,data/processed/bridgedata_v2/train_00053/traj_0008
bridgedata_v2__train_00054__traj_0000,bridgedata_v2/train_00054/traj_0000,bridgedata_v2,train,bridgedata_v2:train_00054,49,49,data/processed/bridgedata_v2/train_00054/traj_0000
bridgedata_v2__train_00055__traj_0024,bridgedata_v2/train_00055/traj_0024,bridgedata_v2,train,bridgedata_v2:train_00055,17,17,data/processed/bridgedata_v2/train_00055/traj_0024
bridgedata_v2__train_00056__traj_0017,bridgedata_v2/train_00056/traj_0017,bridgedata_v2,train,bridgedata_v2:train_00056,79,64,data/processed/bridgedata_v2/train_00056/traj_0017
bridgedata_v2__train_00057__traj_0014,bridgedata_v2/train_00057/traj_0014,bridgedata_v2,train,bridgedata_v2:train_00057,29,29,data/processed/bridgedata_v2/train_00057/traj_0014
bridgedata_v2__train_00059__traj_0016,bridgedata_v2/train_00059/traj_0016,bridgedata_v2,train,bridgedata_v2:train_00059,24,24,data/processed/bridgedata_v2/train_00059/traj_0016
bridgedata_v2__train_00060__traj_0002,bridgedata_v2/train_00060/traj_0002,bridgedata_v2,train,bridgedata_v2:train_00060,24,24,data/processed/bridgedata_v2/train_00060/traj_0002
bridgedata_v2__train_00063__traj_0001,bridgedata_v2/train_00063/traj_0001,bridgedata_v2,train,bridgedata_v2:train_00063,20,20,data/processed/bridgedata_v2/train_00063/traj_0001
bridgedata_v2__train_00063__traj_0003,bridgedata_v2/train_00063/traj_0003,bridgedata_v2,train,bridgedata_v2:train_00063,24,24,data/processed/bridgedata_v2/train_00063/traj_0003
bridgedata_v2__train_00063__traj_0012,bridgedata_v2/train_00063/traj_0012,bridgedata_v2,train,bridgedata_v2:train_00063,47,47,data/processed/bridgedata_v2/train_00063/traj_0012
bridgedata_v2__train_00064__traj_0015,bridgedata_v2/train_00064/traj_0015,bridgedata_v2,train,bridgedata_v2:train_00064,48,48,data/processed/bridgedata_v2/train_00064/traj_0015
bridgedata_v2__train_00064__traj_0019,bridgedata_v2/train_00064/traj_0019,bridgedata_v2,train,bridgedata_v2:train_00064,21,21,data/processed/bridgedata_v2/train_00064/traj_0019
bridgedata_v2__train_00065__traj_0014,bridgedata_v2/train_00065/traj_0014,bridgedata_v2,train,bridgedata_v2:train_00065,41,41,data/processed/bridgedata_v2/train_00065/traj_0014
bridgedata_v2__train_00066__traj_0010,bridgedata_v2/train_00066/traj_0010,bridgedata_v2,train,bridgedata_v2:train_00066,44,44,data/processed/bridgedata_v2/train_00066/traj_0010
bridgedata_v2__train_00069__traj_0000,bridgedata_v2/train_00069/traj_0000,bridgedata_v2,train,bridgedata_v2:train_00069,40,40,data/processed/bridgedata_v2/train_00069/traj_0000
bridgedata_v2__train_00069__traj_0006,bridgedata_v2/train_00069/traj_0006,bridgedata_v2,train,bridgedata_v2:train_00069,39,39,data/processed/bridgedata_v2/train_00069/traj_0006
bridgedata_v2__train_00073__traj_0020,bridgedata_v2/train_00073/traj_0020,bridgedata_v2,train,bridgedata_v2:train_00073,39,39,data/processed/bridgedata_v2/train_00073/traj_0020
bridgedata_v2__train_00074__traj_0006,bridgedata_v2/train_00074/traj_0006,bridgedata_v2,train,bridgedata_v2:train_00074,38,38,data/processed/bridgedata_v2/train_00074/traj_0006
bridgedata_v2__train_00076__traj_0015,bridgedata_v2/train_00076/traj_0015,bridgedata_v2,train,bridgedata_v2:train_00076,24,24,data/processed/bridgedata_v2/train_00076/traj_0015
bridgedata_v2__train_00077__traj_0002,bridgedata_v2/train_00077/traj_0002,bridgedata_v2,train,bridgedata_v2:train_00077,47,47,data/processed/bridgedata_v2/train_00077/traj_0002
bridgedata_v2__train_00077__traj_0016,bridgedata_v2/train_00077/traj_0016,bridgedata_v2,train,bridgedata_v2:train_00077,34,34,data/processed/bridgedata_v2/train_00077/traj_0016
bridgedata_v2__train_00081__traj_0006,bridgedata_v2/train_00081/traj_0006,bridgedata_v2,train,bridgedata_v2:train_00081,38,38,data/processed/bridgedata_v2/train_00081/traj_0006
bridgedata_v2__train_00081__traj_0015,bridgedata_v2/train_00081/traj_0015,bridgedata_v2,train,bridgedata_v2:train_00081,27,27,data/processed/bridgedata_v2/train_00081/traj_0015
bridgedata_v2__train_00083__traj_0014,bridgedata_v2/train_00083/traj_0014,bridgedata_v2,train,bridgedata_v2:train_00083,17,17,data/processed/bridgedata_v2/train_00083/traj_0014
bridgedata_v2__train_00084__traj_0007,bridgedata_v2/train_00084/traj_0007,bridgedata_v2,train,bridgedata_v2:train_00084,27,27,data/processed/bridgedata_v2/train_00084/traj_0007
bridgedata_v2__train_00084__traj_0015,bridgedata_v2/train_00084/traj_0015,bridgedata_v2,train,bridgedata_v2:train_00084,27,27,data/processed/bridgedata_v2/train_00084/traj_0015
bridgedata_v2__train_00085__traj_0006,bridgedata_v2/train_00085/traj_0006,bridgedata_v2,train,bridgedata_v2:train_00085,29,29,data/processed/bridgedata_v2/train_00085/traj_0006
bridgedata_v2__train_00085__traj_0020,bridgedata_v2/train_00085/traj_0020,bridgedata_v2,train,bridgedata_v2:train_00085,32,32,data/processed/bridgedata_v2/train_00085/traj_0020
bridgedata_v2__train_00086__traj_0009,bridgedata_v2/train_00086/traj_0009,bridgedata_v2,train,bridgedata_v2:train_00086,39,39,data/processed/bridgedata_v2/train_00086/traj_0009
bridgedata_v2__train_00086__traj_0013,bridgedata_v2/train_00086/traj_0013,bridgedata_v2,train,bridgedata_v2:train_00086,39,39,data/processed/bridgedata_v2/train_00086/traj_0013
bridgedata_v2__train_00087__traj_0004,bridgedata_v2/train_00087/traj_0004,bridgedata_v2,train,bridgedata_v2:train_00087,66,64,data/processed/bridgedata_v2/train_00087/traj_0004
bridgedata_v2__train_00088__traj_0017,bridgedata_v2/train_00088/traj_0017,bridgedata_v2,train,bridgedata_v2:train_00088,28,28,data/processed/bridgedata_v2/train_00088/traj_0017
bridgedata_v2__train_00091__traj_0009,bridgedata_v2/train_00091/traj_0009,bridgedata_v2,train,bridgedata_v2:train_00091,37,37,data/processed/bridgedata_v2/train_00091/traj_0009
bridgedata_v2__train_00092__traj_0008,bridgedata_v2/train_00092/traj_0008,bridgedata_v2,train,bridgedata_v2:train_00092,24,24,data/processed/bridgedata_v2/train_00092/traj_0008
bridgedata_v2__train_00093__traj_0007,bridgedata_v2/train_00093/traj_0007,bridgedata_v2,train,bridgedata_v2:train_00093,24,24,data/processed/bridgedata_v2/train_00093/traj_0007
bridgedata_v2__train_00095__traj_0010,bridgedata_v2/train_00095/traj_0010,bridgedata_v2,train,bridgedata_v2:train_00095,25,25,data/processed/bridgedata_v2/train_00095/traj_0010
bridgedata_v2__train_00097__traj_0013,bridgedata_v2/train_00097/traj_0013,bridgedata_v2,train,bridgedata_v2:train_00097,49,49,data/processed/bridgedata_v2/train_00097/traj_0013
bridgedata_v2__train_00100__traj_0005,bridgedata_v2/train_00100/traj_0005,bridgedata_v2,train,bridgedata_v2:train_00100,49,49,data/processed/bridgedata_v2/train_00100/traj_0005
bridgedata_v2__train_00101__traj_0003,bridgedata_v2/train_00101/traj_0003,bridgedata_v2,train,bridgedata_v2:train_00101,47,47,data/processed/bridgedata_v2/train_00101/traj_0003
bridgedata_v2__train_00103__traj_0005,bridgedata_v2/train_00103/traj_0005,bridgedata_v2,train,bridgedata_v2:train_00103,21,21,data/processed/bridgedata_v2/train_00103/traj_0005
bridgedata_v2__train_00103__traj_0020,bridgedata_v2/train_00103/traj_0020,bridgedata_v2,train,bridgedata_v2:train_00103,34,34,data/processed/bridgedata_v2/train_00103/traj_0020
bridgedata_v2__train_00104__traj_0000,bridgedata_v2/train_00104/traj_0000,bridgedata_v2,train,bridgedata_v2:train_00104,43,43,data/processed/bridgedata_v2/train_00104/traj_0000
bridgedata_v2__train_00105__traj_0015,bridgedata_v2/train_00105/traj_0015,bridgedata_v2,train,bridgedata_v2:train_00105,29,29,data/processed/bridgedata_v2/train_00105/traj_0015
bridgedata_v2__train_00108__traj_0000,bridgedata_v2/train_00108/traj_0000,bridgedata_v2,train,bridgedata_v2:train_00108,37,37,data/processed/bridgedata_v2/train_00108/traj_0000
bridgedata_v2__train_00108__traj_0014,bridgedata_v2/train_00108/traj_0014,bridgedata_v2,train,bridgedata_v2:train_00108,47,47,data/processed/bridgedata_v2/train_00108/traj_0014
bridgedata_v2__train_00109__traj_0003,bridgedata_v2/train_00109/traj_0003,bridgedata_v2,train,bridgedata_v2:train_00109,28,28,data/processed/bridgedata_v2/train_00109/traj_0003
bridgedata_v2__train_00109__traj_0009,bridgedata_v2/train_00109/traj_0009,bridgedata_v2,train,bridgedata_v2:train_00109,24,24,data/processed/bridgedata_v2/train_00109/traj_0009
bridgedata_v2__train_00110__traj_0000,bridgedata_v2/train_00110/traj_0000,bridgedata_v2,train,bridgedata_v2:train_00110,19,19,data/processed/bridgedata_v2/train_00110/traj_0000
bridgedata_v2__train_00111__traj_0001,bridgedata_v2/train_00111/traj_0001,bridgedata_v2,train,bridgedata_v2:train_00111,49,49,data/processed/bridgedata_v2/train_00111/traj_0001
bridgedata_v2__train_00111__traj_0003,bridgedata_v2/train_00111/traj_0003,bridgedata_v2,train,bridgedata_v2:train_00111,49,49,data/processed/bridgedata_v2/train_00111/traj_0003
bridgedata_v2__train_00112__traj_0001,bridgedata_v2/train_00112/traj_0001,bridgedata_v2,train,bridgedata_v2:train_00112,26,26,data/processed/bridgedata_v2/train_00112/traj_0001
bridgedata_v2__train_00112__traj_0013,bridgedata_v2/train_00112/traj_0013,bridgedata_v2,train,bridgedata_v2:train_00112,22,22,data/processed/bridgedata_v2/train_00112/traj_0013
bridgedata_v2__train_00113__traj_0012,bridgedata_v2/train_00113/traj_0012,bridgedata_v2,train,bridgedata_v2:train_00113,49,49,data/processed/bridgedata_v2/train_00113/traj_0012
bridgedata_v2__train_00115__traj_0006,bridgedata_v2/train_00115/traj_0006,bridgedata_v2,train,bridgedata_v2:train_00115,25,25,data/processed/bridgedata_v2/train_00115/traj_0006
bridgedata_v2__train_00115__traj_0009,bridgedata_v2/train_00115/traj_0009,bridgedata_v2,train,bridgedata_v2:train_00115,27,27,data/processed/bridgedata_v2/train_00115/traj_0009
bridgedata_v2__train_00117__traj_0011,bridgedata_v2/train_00117/traj_0011,bridgedata_v2,train,bridgedata_v2:train_00117,21,21,data/processed/bridgedata_v2/train_00117/traj_0011
bridgedata_v2__train_00122__traj_0003,bridgedata_v2/train_00122/traj_0003,bridgedata_v2,train,bridgedata_v2:train_00122,24,24,data/processed/bridgedata_v2/train_00122/traj_0003
bridgedata_v2__train_00122__traj_0017,bridgedata_v2/train_00122/traj_0017,bridgedata_v2,train,bridgedata_v2:train_00122,28,28,data/processed/bridgedata_v2/train_00122/traj_0017
bridgedata_v2__train_00123__traj_0030,bridgedata_v2/train_00123/traj_0030,bridgedata_v2,train,bridgedata_v2:train_00123,39,39,data/processed/bridgedata_v2/train_00123/traj_0030
bridgedata_v2__train_00124__traj_0019,bridgedata_v2/train_00124/traj_0019,bridgedata_v2,train,bridgedata_v2:train_00124,44,44,data/processed/bridgedata_v2/train_00124/traj_0019
bridgedata_v2__train_00129__traj_0029,bridgedata_v2/train_00129/traj_0029,bridgedata_v2,train,bridgedata_v2:train_00129,49,49,data/processed/bridgedata_v2/train_00129/traj_0029
bridgedata_v2__train_00131__traj_0016,bridgedata_v2/train_00131/traj_0016,bridgedata_v2,train,bridgedata_v2:train_00131,30,30,data/processed/bridgedata_v2/train_00131/traj_0016
bridgedata_v2__train_00135__traj_0009,bridgedata_v2/train_00135/traj_0009,bridgedata_v2,train,bridgedata_v2:train_00135,49,49,data/processed/bridgedata_v2/train_00135/traj_0009
bridgedata_v2__train_00137__traj_0000,bridgedata_v2/train_00137/traj_0000,bridgedata_v2,train,bridgedata_v2:train_00137,32,32,data/processed/bridgedata_v2/train_00137/traj_0000
bridgedata_v2__train_00139__traj_0020,bridgedata_v2/train_00139/traj_0020,bridgedata_v2,train,bridgedata_v2:train_00139,79,64,data/processed/bridgedata_v2/train_00139/traj_0020
bridgedata_v2__train_00144__traj_0011,bridgedata_v2/train_00144/traj_0011,bridgedata_v2,train,bridgedata_v2:train_00144,14,14,data/processed/bridgedata_v2/train_00144/traj_0011
bridgedata_v2__train_00144__traj_0013,bridgedata_v2/train_00144/traj_0013,bridgedata_v2,train,bridgedata_v2:train_00144,32,32,data/processed/bridgedata_v2/train_00144/traj_0013
bridgedata_v2__train_00145__traj_0014,bridgedata_v2/train_00145/traj_0014,bridgedata_v2,train,bridgedata_v2:train_00145,24,24,data/processed/bridgedata_v2/train_00145/traj_0014
bridgedata_v2__train_00147__traj_0012,bridgedata_v2/train_00147/traj_0012,bridgedata_v2,train,bridgedata_v2:train_00147,39,39,data/processed/bridgedata_v2/train_00147/traj_0012
bridgedata_v2__train_00148__traj_0000,bridgedata_v2/train_00148/traj_0000,bridgedata_v2,train,bridgedata_v2:train_00148,33,33,data/processed/bridgedata_v2/train_00148/traj_0000
bridgedata_v2__train_00148__traj_0015,bridgedata_v2/train_00148/traj_0015,bridgedata_v2,train,bridgedata_v2:train_00148,29,29,data/processed/bridgedata_v2/train_00148/traj_0015
bridgedata_v2__train_00148__traj_0017,bridgedata_v2/train_00148/traj_0017,bridgedata_v2,train,bridgedata_v2:train_00148,42,42,data/processed/bridgedata_v2/train_00148/traj_0017
bridgedata_v2__train_00148__traj_0018,bridgedata_v2/train_00148/traj_0018,bridgedata_v2,train,bridgedata_v2:train_00148,36,36,data/processed/bridgedata_v2/train_00148/traj_0018
bridgedata_v2__train_00148__traj_0021,bridgedata_v2/train_00148/traj_0021,bridgedata_v2,train,bridgedata_v2:train_00148,24,24,data/processed/bridgedata_v2/train_00148/traj_0021
bridgedata_v2__train_00153__traj_0011,bridgedata_v2/train_00153/traj_0011,bridgedata_v2,train,bridgedata_v2:train_00153,26,26,data/processed/bridgedata_v2/train_00153/traj_0011
bridgedata_v2__train_00153__traj_0013,bridgedata_v2/train_00153/traj_0013,bridgedata_v2,train,bridgedata_v2:train_00153,40,40,data/processed/bridgedata_v2/train_00153/traj_0013
bridgedata_v2__train_00153__traj_0014,bridgedata_v2/train_00153/traj_0014,bridgedata_v2,train,bridgedata_v2:train_00153,37,37,data/processed/bridgedata_v2/train_00153/traj_0014
bridgedata_v2__train_00154__traj_0015,bridgedata_v2/train_00154/traj_0015,bridgedata_v2,train,bridgedata_v2:train_00154,46,46,data/processed/bridgedata_v2/train_00154/traj_0015
bridgedata_v2__train_00158__traj_0015,bridgedata_v2/train_00158/traj_0015,bridgedata_v2,train,bridgedata_v2:train_00158,45,45,data/processed/bridgedata_v2/train_00158/traj_0015
bridgedata_v2__train_00159__traj_0004,bridgedata_v2/train_00159/traj_0004,bridgedata_v2,train,bridgedata_v2:train_00159,33,33,data/processed/bridgedata_v2/train_00159/traj_0004
bridgedata_v2__train_00159__traj_0020,bridgedata_v2/train_00159/traj_0020,bridgedata_v2,train,bridgedata_v2:train_00159,26,26,data/processed/bridgedata_v2/train_00159/traj_0020
bridgedata_v2__train_00161__traj_0003,bridgedata_v2/train_00161/traj_0003,bridgedata_v2,train,bridgedata_v2:train_00161,42,42,data/processed/bridgedata_v2/train_00161/traj_0003
bridgedata_v2__train_00164__traj_0013,bridgedata_v2/train_00164/traj_0013,bridgedata_v2,train,bridgedata_v2:train_00164,31,31,data/processed/bridgedata_v2/train_00164/traj_0013
bridgedata_v2__train_00165__traj_0010,bridgedata_v2/train_00165/traj_0010,bridgedata_v2,train,bridgedata_v2:train_00165,38,38,data/processed/bridgedata_v2/train_00165/traj_0010
bridgedata_v2__train_00166__traj_0017,bridgedata_v2/train_00166/traj_0017,bridgedata_v2,train,bridgedata_v2:train_00166,23,23,data/processed/bridgedata_v2/train_00166/traj_0017
bridgedata_v2__train_00168__traj_0012,bridgedata_v2/train_00168/traj_0012,bridgedata_v2,train,bridgedata_v2:train_00168,38,38,data/processed/bridgedata_v2/train_00168/traj_0012
bridgedata_v2__train_00170__traj_0012,bridgedata_v2/train_00170/traj_0012,bridgedata_v2,train,bridgedata_v2:train_00170,48,48,data/processed/bridgedata_v2/train_00170/traj_0012
bridgedata_v2__train_00173__traj_0028,bridgedata_v2/train_00173/traj_0028,bridgedata_v2,train,bridgedata_v2:train_00173,39,39,data/processed/bridgedata_v2/train_00173/traj_0028
bridgedata_v2__train_00174__traj_0021,bridgedata_v2/train_00174/traj_0021,bridgedata_v2,train,bridgedata_v2:train_00174,24,24,data/processed/bridgedata_v2/train_00174/traj_0021
bridgedata_v2__train_00174__traj_0022,bridgedata_v2/train_00174/traj_0022,bridgedata_v2,train,bridgedata_v2:train_00174,43,43,data/processed/bridgedata_v2/train_00174/traj_0022
bridgedata_v2__train_00176__traj_0024,bridgedata_v2/train_00176/traj_0024,bridgedata_v2,train,bridgedata_v2:train_00176,19,19,data/processed/bridgedata_v2/train_00176/traj_0024
bridgedata_v2__train_00177__traj_0006,bridgedata_v2/train_00177/traj_0006,bridgedata_v2,train,bridgedata_v2:train_00177,44,44,data/processed/bridgedata_v2/train_00177/traj_0006
bridgedata_v2__train_00179__traj_0000,bridgedata_v2/train_00179/traj_0000,bridgedata_v2,train,bridgedata_v2:train_00179,25,25,data/processed/bridgedata_v2/train_00179/traj_0000
bridgedata_v2__train_00179__traj_0003,bridgedata_v2/train_00179/traj_0003,bridgedata_v2,train,bridgedata_v2:train_00179,39,39,data/processed/bridgedata_v2/train_00179/traj_0003
bridgedata_v2__train_00179__traj_0019,bridgedata_v2/train_00179/traj_0019,bridgedata_v2,train,bridgedata_v2:train_00179,49,49,data/processed/bridgedata_v2/train_00179/traj_0019
bridgedata_v2__train_00180__traj_0008,bridgedata_v2/train_00180/traj_0008,bridgedata_v2,train,bridgedata_v2:train_00180,46,46,data/processed/bridgedata_v2/train_00180/traj_0008
bridgedata_v2__train_00182__traj_0003,bridgedata_v2/train_00182/traj_0003,bridgedata_v2,train,bridgedata_v2:train_00182,21,21,data/processed/bridgedata_v2/train_00182/traj_0003
bridgedata_v2__train_00182__traj_0012,bridgedata_v2/train_00182/traj_0012,bridgedata_v2,train,bridgedata_v2:train_00182,49,49,data/processed/bridgedata_v2/train_00182/traj_0012
bridgedata_v2__train_00186__traj_0027,bridgedata_v2/train_00186/traj_0027,bridgedata_v2,train,bridgedata_v2:train_00186,35,35,data/processed/bridgedata_v2/train_00186/traj_0027
bridgedata_v2__train_00188__traj_0011,bridgedata_v2/train_00188/traj_0011,bridgedata_v2,train,bridgedata_v2:train_00188,32,32,data/processed/bridgedata_v2/train_00188/traj_0011
bridgedata_v2__train_00190__traj_0018,bridgedata_v2/train_00190/traj_0018,bridgedata_v2,train,bridgedata_v2:train_00190,37,37,data/processed/bridgedata_v2/train_00190/traj_0018
bridgedata_v2__train_00191__traj_0007,bridgedata_v2/train_00191/traj_0007,bridgedata_v2,train,bridgedata_v2:train_00191,39,39,data/processed/bridgedata_v2/train_00191/traj_0007
bridgedata_v2__train_00193__traj_0012,bridgedata_v2/train_00193/traj_0012,bridgedata_v2,train,bridgedata_v2:train_00193,24,24,data/processed/bridgedata_v2/train_00193/traj_0012
bridgedata_v2__train_00194__traj_0005,bridgedata_v2/train_00194/traj_0005,bridgedata_v2,train,bridgedata_v2:train_00194,48,48,data/processed/bridgedata_v2/train_00194/traj_0005
bridgedata_v2__train_00200__traj_0008,bridgedata_v2/train_00200/traj_0008,bridgedata_v2,train,bridgedata_v2:train_00200,29,29,data/processed/bridgedata_v2/train_00200/traj_0008
bridgedata_v2__train_00200__traj_0019,bridgedata_v2/train_00200/traj_0019,bridgedata_v2,train,bridgedata_v2:train_00200,43,43,data/processed/bridgedata_v2/train_00200/traj_0019
bridgedata_v2__train_00201__traj_0003,bridgedata_v2/train_00201/traj_0003,bridgedata_v2,train,bridgedata_v2:train_00201,25,25,data/processed/bridgedata_v2/train_00201/traj_0003
bridgedata_v2__train_00203__traj_0003,bridgedata_v2/train_00203/traj_0003,bridgedata_v2,train,bridgedata_v2:train_00203,49,49,data/processed/bridgedata_v2/train_00203/traj_0003
bridgedata_v2__train_00203__traj_0006,bridgedata_v2/train_00203/traj_0006,bridgedata_v2,train,bridgedata_v2:train_00203,29,29,data/processed/bridgedata_v2/train_00203/traj_0006
bridgedata_v2__train_00204__traj_0018,bridgedata_v2/train_00204/traj_0018,bridgedata_v2,train,bridgedata_v2:train_00204,39,39,data/processed/bridgedata_v2/train_00204/traj_0018
bridgedata_v2__train_00207__traj_0001,bridgedata_v2/train_00207/traj_0001,bridgedata_v2,train,bridgedata_v2:train_00207,43,43,data/processed/bridgedata_v2/train_00207/traj_0001
bridgedata_v2__train_00210__traj_0008,bridgedata_v2/train_00210/traj_0008,bridgedata_v2,train,bridgedata_v2:train_00210,49,49,data/processed/bridgedata_v2/train_00210/traj_0008
bridgedata_v2__train_00212__traj_0005,bridgedata_v2/train_00212/traj_0005,bridgedata_v2,train,bridgedata_v2:train_00212,19,19,data/processed/bridgedata_v2/train_00212/traj_0005
bridgedata_v2__train_00213__traj_0011,bridgedata_v2/train_00213/traj_0011,bridgedata_v2,train,bridgedata_v2:train_00213,37,37,data/processed/bridgedata_v2/train_00213/traj_0011
bridgedata_v2__train_00217__traj_0017,bridgedata_v2/train_00217/traj_0017,bridgedata_v2,train,bridgedata_v2:train_00217,49,49,data/processed/bridgedata_v2/train_00217/traj_0017
bridgedata_v2__train_00218__traj_0020,bridgedata_v2/train_00218/traj_0020,bridgedata_v2,train,bridgedata_v2:train_00218,36,36,data/processed/bridgedata_v2/train_00218/traj_0020
bridgedata_v2__train_00219__traj_0011,bridgedata_v2/train_00219/traj_0011,bridgedata_v2,train,bridgedata_v2:train_00219,17,17,data/processed/bridgedata_v2/train_00219/traj_0011
bridgedata_v2__train_00219__traj_0021,bridgedata_v2/train_00219/traj_0021,bridgedata_v2,train,bridgedata_v2:train_00219,27,27,data/processed/bridgedata_v2/train_00219/traj_0021
bridgedata_v2__train_00220__traj_0017,bridgedata_v2/train_00220/traj_0017,bridgedata_v2,train,bridgedata_v2:train_00220,24,24,data/processed/bridgedata_v2/train_00220/traj_0017
bridgedata_v2__train_00221__traj_0017,bridgedata_v2/train_00221/traj_0017,bridgedata_v2,train,bridgedata_v2:train_00221,35,35,data/processed/bridgedata_v2/train_00221/traj_0017
bridgedata_v2__train_00222__traj_0006,bridgedata_v2/train_00222/traj_0006,bridgedata_v2,train,bridgedata_v2:train_00222,30,30,data/processed/bridgedata_v2/train_00222/traj_0006
bridgedata_v2__train_00222__traj_0007,bridgedata_v2/train_00222/traj_0007,bridgedata_v2,train,bridgedata_v2:train_00222,49,49,data/processed/bridgedata_v2/train_00222/traj_0007
bridgedata_v2__train_00223__traj_0011,bridgedata_v2/train_00223/traj_0011,bridgedata_v2,train,bridgedata_v2:train_00223,39,39,data/processed/bridgedata_v2/train_00223/traj_0011
bridgedata_v2__train_00228__traj_0009,bridgedata_v2/train_00228/traj_0009,bridgedata_v2,train,bridgedata_v2:train_00228,31,31,data/processed/bridgedata_v2/train_00228/traj_0009
bridgedata_v2__train_00230__traj_0004,bridgedata_v2/train_00230/traj_0004,bridgedata_v2,train,bridgedata_v2:train_00230,45,45,data/processed/bridgedata_v2/train_00230/traj_0004
bridgedata_v2__train_00231__traj_0006,bridgedata_v2/train_00231/traj_0006,bridgedata_v2,train,bridgedata_v2:train_00231,49,49,data/processed/bridgedata_v2/train_00231/traj_0006
bridgedata_v2__train_00232__traj_0006,bridgedata_v2/train_00232/traj_0006,bridgedata_v2,train,bridgedata_v2:train_00232,38,38,data/processed/bridgedata_v2/train_00232/traj_0006
bridgedata_v2__train_00234__traj_0021,bridgedata_v2/train_00234/traj_0021,bridgedata_v2,train,bridgedata_v2:train_00234,24,24,data/processed/bridgedata_v2/train_00234/traj_0021
bridgedata_v2__train_00235__traj_0022,bridgedata_v2/train_00235/traj_0022,bridgedata_v2,train,bridgedata_v2:train_00235,35,35,data/processed/bridgedata_v2/train_00235/traj_0022
bridgedata_v2__train_00235__traj_0023,bridgedata_v2/train_00235/traj_0023,bridgedata_v2,train,bridgedata_v2:train_00235,37,37,data/processed/bridgedata_v2/train_00235/traj_0023
bridgedata_v2__train_00236__traj_0001,bridgedata_v2/train_00236/traj_0001,bridgedata_v2,train,bridgedata_v2:train_00236,39,39,data/processed/bridgedata_v2/train_00236/traj_0001
bridgedata_v2__train_00237__traj_0027,bridgedata_v2/train_00237/traj_0027,bridgedata_v2,train,bridgedata_v2:train_00237,29,29,data/processed/bridgedata_v2/train_00237/traj_0027
bridgedata_v2__train_00238__traj_0024,bridgedata_v2/train_00238/traj_0024,bridgedata_v2,train,bridgedata_v2:train_00238,29,29,data/processed/bridgedata_v2/train_00238/traj_0024
bridgedata_v2__train_00239__traj_0006,bridgedata_v2/train_00239/traj_0006,bridgedata_v2,train,bridgedata_v2:train_00239,37,37,data/processed/bridgedata_v2/train_00239/traj_0006
bridgedata_v2__train_00240__traj_0026,bridgedata_v2/train_00240/traj_0026,bridgedata_v2,train,bridgedata_v2:train_00240,19,19,data/processed/bridgedata_v2/train_00240/traj_0026
bridgedata_v2__train_00241__traj_0014,bridgedata_v2/train_00241/traj_0014,bridgedata_v2,train,bridgedata_v2:train_00241,23,23,data/processed/bridgedata_v2/train_00241/traj_0014
bridgedata_v2__train_00243__traj_0017,bridgedata_v2/train_00243/traj_0017,bridgedata_v2,train,bridgedata_v2:train_00243,39,39,data/processed/bridgedata_v2/train_00243/traj_0017
bridgedata_v2__train_00249__traj_0015,bridgedata_v2/train_00249/traj_0015,bridgedata_v2,train,bridgedata_v2:train_00249,23,23,data/processed/bridgedata_v2/train_00249/traj_0015
bridgedata_v2__train_00249__traj_0021,bridgedata_v2/train_00249/traj_0021,bridgedata_v2,train,bridgedata_v2:train_00249,30,30,data/processed/bridgedata_v2/train_00249/traj_0021
bridgedata_v2__train_00250__traj_0009,bridgedata_v2/train_00250/traj_0009,bridgedata_v2,train,bridgedata_v2:train_00250,35,35,data/processed/bridgedata_v2/train_00250/traj_0009
bridgedata_v2__train_00252__traj_0016,bridgedata_v2/train_00252/traj_0016,bridgedata_v2,train,bridgedata_v2:train_00252,33,33,data/processed/bridgedata_v2/train_00252/traj_0016
bridgedata_v2__train_00254__traj_0003,bridgedata_v2/train_00254/traj_0003,bridgedata_v2,train,bridgedata_v2:train_00254,36,36,data/processed/bridgedata_v2/train_00254/traj_0003
bridgedata_v2__train_00254__traj_0015,bridgedata_v2/train_00254/traj_0015,bridgedata_v2,train,bridgedata_v2:train_00254,19,19,data/processed/bridgedata_v2/train_00254/traj_0015
bridgedata_v2__train_00255__traj_0007,bridgedata_v2/train_00255/traj_0007,bridgedata_v2,train,bridgedata_v2:train_00255,39,39,data/processed/bridgedata_v2/train_00255/traj_0007
bridgedata_v2__train_00255__traj_0009,bridgedata_v2/train_00255/traj_0009,bridgedata_v2,train,bridgedata_v2:train_00255,36,36,data/processed/bridgedata_v2/train_00255/traj_0009
bridgedata_v2__train_00255__traj_0015,bridgedata_v2/train_00255/traj_0015,bridgedata_v2,train,bridgedata_v2:train_00255,39,39,data/processed/bridgedata_v2/train_00255/traj_0015
bridgedata_v2__train_00255__traj_0026,bridgedata_v2/train_00255/traj_0026,bridgedata_v2,train,bridgedata_v2:train_00255,37,37,data/processed/bridgedata_v2/train_00255/traj_0026
bridgedata_v2__train_00257__traj_0026,bridgedata_v2/train_00257/traj_0026,bridgedata_v2,train,bridgedata_v2:train_00257,29,29,data/processed/bridgedata_v2/train_00257/traj_0026
bridgedata_v2__train_00259__traj_0003,bridgedata_v2/train_00259/traj_0003,bridgedata_v2,train,bridgedata_v2:train_00259,49,49,data/processed/bridgedata_v2/train_00259/traj_0003
bridgedata_v2__train_00259__traj_0025,bridgedata_v2/train_00259/traj_0025,bridgedata_v2,train,bridgedata_v2:train_00259,39,39,data/processed/bridgedata_v2/train_00259/traj_0025
bridgedata_v2__train_00260__traj_0014,bridgedata_v2/train_00260/traj_0014,bridgedata_v2,train,bridgedata_v2:train_00260,27,27,data/processed/bridgedata_v2/train_00260/traj_0014
bridgedata_v2__train_00260__traj_0020,bridgedata_v2/train_00260/traj_0020,bridgedata_v2,train,bridgedata_v2:train_00260,24,24,data/processed/bridgedata_v2/train_00260/traj_0020
bridgedata_v2__train_00263__traj_0008,bridgedata_v2/train_00263/traj_0008,bridgedata_v2,train,bridgedata_v2:train_00263,24,24,data/processed/bridgedata_v2/train_00263/traj_0008
bridgedata_v2__train_00264__traj_0007,bridgedata_v2/train_00264/traj_0007,bridgedata_v2,train,bridgedata_v2:train_00264,44,44,data/processed/bridgedata_v2/train_00264/traj_0007
bridgedata_v2__train_00264__traj_0013,bridgedata_v2/train_00264/traj_0013,bridgedata_v2,train,bridgedata_v2:train_00264,33,33,data/processed/bridgedata_v2/train_00264/traj_0013
bridgedata_v2__train_00266__traj_0009,bridgedata_v2/train_00266/traj_0009,bridgedata_v2,train,bridgedata_v2:train_00266,31,31,data/processed/bridgedata_v2/train_00266/traj_0009
bridgedata_v2__train_00267__traj_0000,bridgedata_v2/train_00267/traj_0000,bridgedata_v2,train,bridgedata_v2:train_00267,20,20,data/processed/bridgedata_v2/train_00267/traj_0000
bridgedata_v2__train_00267__traj_0004,bridgedata_v2/train_00267/traj_0004,bridgedata_v2,train,bridgedata_v2:train_00267,20,20,data/processed/bridgedata_v2/train_00267/traj_0004
bridgedata_v2__train_00267__traj_0007,bridgedata_v2/train_00267/traj_0007,bridgedata_v2,train,bridgedata_v2:train_00267,49,49,data/processed/bridgedata_v2/train_00267/traj_0007
bridgedata_v2__train_00269__traj_0001,bridgedata_v2/train_00269/traj_0001,bridgedata_v2,train,bridgedata_v2:train_00269,46,46,data/processed/bridgedata_v2/train_00269/traj_0001
bridgedata_v2__train_00270__traj_0000,bridgedata_v2/train_00270/traj_0000,bridgedata_v2,train,bridgedata_v2:train_00270,19,19,data/processed/bridgedata_v2/train_00270/traj_0000
bridgedata_v2__train_00270__traj_0027,bridgedata_v2/train_00270/traj_0027,bridgedata_v2,train,bridgedata_v2:train_00270,24,24,data/processed/bridgedata_v2/train_00270/traj_0027
bridgedata_v2__train_00271__traj_0024,bridgedata_v2/train_00271/traj_0024,bridgedata_v2,train,bridgedata_v2:train_00271,25,25,data/processed/bridgedata_v2/train_00271/traj_0024
bridgedata_v2__train_00272__traj_0000,bridgedata_v2/train_00272/traj_0000,bridgedata_v2,train,bridgedata_v2:train_00272,31,31,data/processed/bridgedata_v2/train_00272/traj_0000
bridgedata_v2__train_00272__traj_0001,bridgedata_v2/train_00272/traj_0001,bridgedata_v2,train,bridgedata_v2:train_00272,37,37,data/processed/bridgedata_v2/train_00272/traj_0001
bridgedata_v2__train_00272__traj_0009,bridgedata_v2/train_00272/traj_0009,bridgedata_v2,train,bridgedata_v2:train_00272,24,24,data/processed/bridgedata_v2/train_00272/traj_0009
bridgedata_v2__train_00273__traj_0014,bridgedata_v2/train_00273/traj_0014,bridgedata_v2,train,bridgedata_v2:train_00273,43,43,data/processed/bridgedata_v2/train_00273/traj_0014
bridgedata_v2__train_00275__traj_0007,bridgedata_v2/train_00275/traj_0007,bridgedata_v2,train,bridgedata_v2:train_00275,39,39,data/processed/bridgedata_v2/train_00275/traj_0007
bridgedata_v2__train_00275__traj_0022,bridgedata_v2/train_00275/traj_0022,bridgedata_v2,train,bridgedata_v2:train_00275,42,42,data/processed/bridgedata_v2/train_00275/traj_0022
bridgedata_v2__train_00276__traj_0007,bridgedata_v2/train_00276/traj_0007,bridgedata_v2,train,bridgedata_v2:train_00276,38,38,data/processed/bridgedata_v2/train_00276/traj_0007
bridgedata_v2__train_00277__traj_0015,bridgedata_v2/train_00277/traj_0015,bridgedata_v2,train,bridgedata_v2:train_00277,33,33,data/processed/bridgedata_v2/train_00277/traj_0015
bridgedata_v2__train_00279__traj_0016,bridgedata_v2/train_00279/traj_0016,bridgedata_v2,train,bridgedata_v2:train_00279,48,48,data/processed/bridgedata_v2/train_00279/traj_0016
bridgedata_v2__train_00280__traj_0013,bridgedata_v2/train_00280/traj_0013,bridgedata_v2,train,bridgedata_v2:train_00280,17,17,data/processed/bridgedata_v2/train_00280/traj_0013
bridgedata_v2__train_00280__traj_0024,bridgedata_v2/train_00280/traj_0024,bridgedata_v2,train,bridgedata_v2:train_00280,36,36,data/processed/bridgedata_v2/train_00280/traj_0024
bridgedata_v2__train_00282__traj_0012,bridgedata_v2/train_00282/traj_0012,bridgedata_v2,train,bridgedata_v2:train_00282,38,38,data/processed/bridgedata_v2/train_00282/traj_0012
bridgedata_v2__train_00282__traj_0016,bridgedata_v2/train_00282/traj_0016,bridgedata_v2,train,bridgedata_v2:train_00282,19,19,data/processed/bridgedata_v2/train_00282/traj_0016
bridgedata_v2__train_00283__traj_0006,bridgedata_v2/train_00283/traj_0006,bridgedata_v2,train,bridgedata_v2:train_00283,20,20,data/processed/bridgedata_v2/train_00283/traj_0006
bridgedata_v2__train_00284__traj_0007,bridgedata_v2/train_00284/traj_0007,bridgedata_v2,train,bridgedata_v2:train_00284,31,31,data/processed/bridgedata_v2/train_00284/traj_0007
bridgedata_v2__train_00285__traj_0012,bridgedata_v2/train_00285/traj_0012,bridgedata_v2,train,bridgedata_v2:train_00285,38,38,data/processed/bridgedata_v2/train_00285/traj_0012
bridgedata_v2__train_00288__traj_0012,bridgedata_v2/train_00288/traj_0012,bridgedata_v2,train,bridgedata_v2:train_00288,39,39,data/processed/bridgedata_v2/train_00288/traj_0012
bridgedata_v2__train_00288__traj_0019,bridgedata_v2/train_00288/traj_0019,bridgedata_v2,train,bridgedata_v2:train_00288,30,30,data/processed/bridgedata_v2/train_00288/traj_0019
bridgedata_v2__train_00289__traj_0001,bridgedata_v2/train_00289/traj_0001,bridgedata_v2,train,bridgedata_v2:train_00289,46,46,data/processed/bridgedata_v2/train_00289/traj_0001
bridgedata_v2__train_00289__traj_0009,bridgedata_v2/train_00289/traj_0009,bridgedata_v2,train,bridgedata_v2:train_00289,22,22,data/processed/bridgedata_v2/train_00289/traj_0009
bridgedata_v2__train_00289__traj_0022,bridgedata_v2/train_00289/traj_0022,bridgedata_v2,train,bridgedata_v2:train_00289,21,21,data/processed/bridgedata_v2/train_00289/traj_0022
bridgedata_v2__train_00290__traj_0009,bridgedata_v2/train_00290/traj_0009,bridgedata_v2,train,bridgedata_v2:train_00290,33,33,data/processed/bridgedata_v2/train_00290/traj_0009
bridgedata_v2__train_00291__traj_0007,bridgedata_v2/train_00291/traj_0007,bridgedata_v2,train,bridgedata_v2:train_00291,30,30,data/processed/bridgedata_v2/train_00291/traj_0007
bridgedata_v2__train_00296__traj_0011,bridgedata_v2/train_00296/traj_0011,bridgedata_v2,train,bridgedata_v2:train_00296,24,24,data/processed/bridgedata_v2/train_00296/traj_0011
bridgedata_v2__train_00297__traj_0013,bridgedata_v2/train_00297/traj_0013,bridgedata_v2,train,bridgedata_v2:train_00297,33,33,data/processed/bridgedata_v2/train_00297/traj_0013
bridgedata_v2__train_00298__traj_0002,bridgedata_v2/train_00298/traj_0002,bridgedata_v2,train,bridgedata_v2:train_00298,36,36,data/processed/bridgedata_v2/train_00298/traj_0002
bridgedata_v2__train_00298__traj_0013,bridgedata_v2/train_00298/traj_0013,bridgedata_v2,train,bridgedata_v2:train_00298,34,34,data/processed/bridgedata_v2/train_00298/traj_0013
bridgedata_v2__train_00301__traj_0007,bridgedata_v2/train_00301/traj_0007,bridgedata_v2,train,bridgedata_v2:train_00301,21,21,data/processed/bridgedata_v2/train_00301/traj_0007
bridgedata_v2__train_00302__traj_0010,bridgedata_v2/train_00302/traj_0010,bridgedata_v2,train,bridgedata_v2:train_00302,49,49,data/processed/bridgedata_v2/train_00302/traj_0010
bridgedata_v2__train_00303__traj_0019,bridgedata_v2/train_00303/traj_0019,bridgedata_v2,train,bridgedata_v2:train_00303,27,27,data/processed/bridgedata_v2/train_00303/traj_0019
bridgedata_v2__train_00305__traj_0005,bridgedata_v2/train_00305/traj_0005,bridgedata_v2,train,bridgedata_v2:train_00305,28,28,data/processed/bridgedata_v2/train_00305/traj_0005
bridgedata_v2__train_00310__traj_0023,bridgedata_v2/train_00310/traj_0023,bridgedata_v2,train,bridgedata_v2:train_00310,36,36,data/processed/bridgedata_v2/train_00310/traj_0023
bridgedata_v2__train_00310__traj_0025,bridgedata_v2/train_00310/traj_0025,bridgedata_v2,train,bridgedata_v2:train_00310,32,32,data/processed/bridgedata_v2/train_00310/traj_0025
bridgedata_v2__train_00313__traj_0013,bridgedata_v2/train_00313/traj_0013,bridgedata_v2,train,bridgedata_v2:train_00313,24,24,data/processed/bridgedata_v2/train_00313/traj_0013
bridgedata_v2__train_00313__traj_0015,bridgedata_v2/train_00313/traj_0015,bridgedata_v2,train,bridgedata_v2:train_00313,39,39,data/processed/bridgedata_v2/train_00313/traj_0015
bridgedata_v2__train_00317__traj_0001,bridgedata_v2/train_00317/traj_0001,bridgedata_v2,train,bridgedata_v2:train_00317,49,49,data/processed/bridgedata_v2/train_00317/traj_0001
bridgedata_v2__train_00317__traj_0008,bridgedata_v2/train_00317/traj_0008,bridgedata_v2,train,bridgedata_v2:train_00317,48,48,data/processed/bridgedata_v2/train_00317/traj_0008
bridgedata_v2__train_00320__traj_0010,bridgedata_v2/train_00320/traj_0010,bridgedata_v2,train,bridgedata_v2:train_00320,39,39,data/processed/bridgedata_v2/train_00320/traj_0010
bridgedata_v2__train_00320__traj_0028,bridgedata_v2/train_00320/traj_0028,bridgedata_v2,train,bridgedata_v2:train_00320,29,29,data/processed/bridgedata_v2/train_00320/traj_0028
bridgedata_v2__train_00322__traj_0007,bridgedata_v2/train_00322/traj_0007,bridgedata_v2,train,bridgedata_v2:train_00322,24,24,data/processed/bridgedata_v2/train_00322/traj_0007
bridgedata_v2__train_00322__traj_0015,bridgedata_v2/train_00322/traj_0015,bridgedata_v2,train,bridgedata_v2:train_00322,24,24,data/processed/bridgedata_v2/train_00322/traj_0015
bridgedata_v2__train_00323__traj_0009,bridgedata_v2/train_00323/traj_0009,bridgedata_v2,train,bridgedata_v2:train_00323,29,29,data/processed/bridgedata_v2/train_00323/traj_0009
bridgedata_v2__train_00324__traj_0014,bridgedata_v2/train_00324/traj_0014,bridgedata_v2,train,bridgedata_v2:train_00324,29,29,data/processed/bridgedata_v2/train_00324/traj_0014
bridgedata_v2__train_00328__traj_0027,bridgedata_v2/train_00328/traj_0027,bridgedata_v2,train,bridgedata_v2:train_00328,28,28,data/processed/bridgedata_v2/train_00328/traj_0027
bridgedata_v2__train_00330__traj_0013,bridgedata_v2/train_00330/traj_0013,bridgedata_v2,train,bridgedata_v2:train_00330,29,29,data/processed/bridgedata_v2/train_00330/traj_0013
bridgedata_v2__train_00331__traj_0013,bridgedata_v2/train_00331/traj_0013,bridgedata_v2,train,bridgedata_v2:train_00331,28,28,data/processed/bridgedata_v2/train_00331/traj_0013
bridgedata_v2__train_00332__traj_0013,bridgedata_v2/train_00332/traj_0013,bridgedata_v2,train,bridgedata_v2:train_00332,30,30,data/processed/bridgedata_v2/train_00332/traj_0013
bridgedata_v2__train_00333__traj_0016,bridgedata_v2/train_00333/traj_0016,bridgedata_v2,train,bridgedata_v2:train_00333,22,22,data/processed/bridgedata_v2/train_00333/traj_0016
bridgedata_v2__train_00334__traj_0009,bridgedata_v2/train_00334/traj_0009,bridgedata_v2,train,bridgedata_v2:train_00334,31,31,data/processed/bridgedata_v2/train_00334/traj_0009
bridgedata_v2__train_00335__traj_0003,bridgedata_v2/train_00335/traj_0003,bridgedata_v2,train,bridgedata_v2:train_00335,36,36,data/processed/bridgedata_v2/train_00335/traj_0003
bridgedata_v2__train_00335__traj_0017,bridgedata_v2/train_00335/traj_0017,bridgedata_v2,train,bridgedata_v2:train_00335,42,42,data/processed/bridgedata_v2/train_00335/traj_0017
bridgedata_v2__train_00337__traj_0001,bridgedata_v2/train_00337/traj_0001,bridgedata_v2,train,bridgedata_v2:train_00337,24,24,data/processed/bridgedata_v2/train_00337/traj_0001
bridgedata_v2__train_00339__traj_0025,bridgedata_v2/train_00339/traj_0025,bridgedata_v2,train,bridgedata_v2:train_00339,33,33,data/processed/bridgedata_v2/train_00339/traj_0025
bridgedata_v2__train_00341__traj_0012,bridgedata_v2/train_00341/traj_0012,bridgedata_v2,train,bridgedata_v2:train_00341,24,24,data/processed/bridgedata_v2/train_00341/traj_0012
bridgedata_v2__train_00342__traj_0000,bridgedata_v2/train_00342/traj_0000,bridgedata_v2,train,bridgedata_v2:train_00342,38,38,data/processed/bridgedata_v2/train_00342/traj_0000
bridgedata_v2__train_00344__traj_0015,bridgedata_v2/train_00344/traj_0015,bridgedata_v2,train,bridgedata_v2:train_00344,47,47,data/processed/bridgedata_v2/train_00344/traj_0015
bridgedata_v2__train_00345__traj_0018,bridgedata_v2/train_00345/traj_0018,bridgedata_v2,train,bridgedata_v2:train_00345,46,46,data/processed/bridgedata_v2/train_00345/traj_0018
bridgedata_v2__train_00346__traj_0003,bridgedata_v2/train_00346/traj_0003,bridgedata_v2,train,bridgedata_v2:train_00346,19,19,data/processed/bridgedata_v2/train_00346/traj_0003
bridgedata_v2__train_00349__traj_0026,bridgedata_v2/train_00349/traj_0026,bridgedata_v2,train,bridgedata_v2:train_00349,27,27,data/processed/bridgedata_v2/train_00349/traj_0026
bridgedata_v2__train_00352__traj_0013,bridgedata_v2/train_00352/traj_0013,bridgedata_v2,train,bridgedata_v2:train_00352,34,34,data/processed/bridgedata_v2/train_00352/traj_0013
bridgedata_v2__train_00353__traj_0000,bridgedata_v2/train_00353/traj_0000,bridgedata_v2,train,bridgedata_v2:train_00353,33,33,data/processed/bridgedata_v2/train_00353/traj_0000
bridgedata_v2__train_00354__traj_0012,bridgedata_v2/train_00354/traj_0012,bridgedata_v2,train,bridgedata_v2:train_00354,22,22,data/processed/bridgedata_v2/train_00354/traj_0012
bridgedata_v2__train_00355__traj_0008,bridgedata_v2/train_00355/traj_0008,bridgedata_v2,train,bridgedata_v2:train_00355,24,24,data/processed/bridgedata_v2/train_00355/traj_0008
bridgedata_v2__train_00356__traj_0006,bridgedata_v2/train_00356/traj_0006,bridgedata_v2,train,bridgedata_v2:train_00356,32,32,data/processed/bridgedata_v2/train_00356/traj_0006
bridgedata_v2__train_00356__traj_0026,bridgedata_v2/train_00356/traj_0026,bridgedata_v2,train,bridgedata_v2:train_00356,25,25,data/processed/bridgedata_v2/train_00356/traj_0026
bridgedata_v2__train_00357__traj_0009,bridgedata_v2/train_00357/traj_0009,bridgedata_v2,train,bridgedata_v2:train_00357,35,35,data/processed/bridgedata_v2/train_00357/traj_0009
bridgedata_v2__train_00360__traj_0000,bridgedata_v2/train_00360/traj_0000,bridgedata_v2,train,bridgedata_v2:train_00360,28,28,data/processed/bridgedata_v2/train_00360/traj_0000
bridgedata_v2__train_00360__traj_0016,bridgedata_v2/train_00360/traj_0016,bridgedata_v2,train,bridgedata_v2:train_00360,24,24,data/processed/bridgedata_v2/train_00360/traj_0016
bridgedata_v2__train_00364__traj_0026,bridgedata_v2/train_00364/traj_0026,bridgedata_v2,train,bridgedata_v2:train_00364,18,18,data/processed/bridgedata_v2/train_00364/traj_0026
bridgedata_v2__train_00365__traj_0006,bridgedata_v2/train_00365/traj_0006,bridgedata_v2,train,bridgedata_v2:train_00365,47,47,data/processed/bridgedata_v2/train_00365/traj_0006
bridgedata_v2__train_00365__traj_0013,bridgedata_v2/train_00365/traj_0013,bridgedata_v2,train,bridgedata_v2:train_00365,37,37,data/processed/bridgedata_v2/train_00365/traj_0013
bridgedata_v2__train_00365__traj_0014,bridgedata_v2/train_00365/traj_0014,bridgedata_v2,train,bridgedata_v2:train_00365,31,31,data/processed/bridgedata_v2/train_00365/traj_0014
bridgedata_v2__train_00365__traj_0024,bridgedata_v2/train_00365/traj_0024,bridgedata_v2,train,bridgedata_v2:train_00365,32,32,data/processed/bridgedata_v2/train_00365/traj_0024
bridgedata_v2__train_00366__traj_0023,bridgedata_v2/train_00366/traj_0023,bridgedata_v2,train,bridgedata_v2:train_00366,45,45,data/processed/bridgedata_v2/train_00366/traj_0023
bridgedata_v2__train_00369__traj_0006,bridgedata_v2/train_00369/traj_0006,bridgedata_v2,train,bridgedata_v2:train_00369,28,28,data/processed/bridgedata_v2/train_00369/traj_0006
bridgedata_v2__train_00371__traj_0019,bridgedata_v2/train_00371/traj_0019,bridgedata_v2,train,bridgedata_v2:train_00371,39,39,data/processed/bridgedata_v2/train_00371/traj_0019
bridgedata_v2__train_00372__traj_0004,bridgedata_v2/train_00372/traj_0004,bridgedata_v2,train,bridgedata_v2:train_00372,33,33,data/processed/bridgedata_v2/train_00372/traj_0004
bridgedata_v2__train_00372__traj_0006,bridgedata_v2/train_00372/traj_0006,bridgedata_v2,train,bridgedata_v2:train_00372,35,35,data/processed/bridgedata_v2/train_00372/traj_0006
bridgedata_v2__train_00372__traj_0015,bridgedata_v2/train_00372/traj_0015,bridgedata_v2,train,bridgedata_v2:train_00372,25,25,data/processed/bridgedata_v2/train_00372/traj_0015
bridgedata_v2__train_00372__traj_0027,bridgedata_v2/train_00372/traj_0027,bridgedata_v2,train,bridgedata_v2:train_00372,28,28,data/processed/bridgedata_v2/train_00372/traj_0027
bridgedata_v2__train_00373__traj_0002,bridgedata_v2/train_00373/traj_0002,bridgedata_v2,train,bridgedata_v2:train_00373,27,27,data/processed/bridgedata_v2/train_00373/traj_0002
bridgedata_v2__train_00373__traj_0011,bridgedata_v2/train_00373/traj_0011,bridgedata_v2,train,bridgedata_v2:train_00373,41,41,data/processed/bridgedata_v2/train_00373/traj_0011
bridgedata_v2__train_00375__traj_0020,bridgedata_v2/train_00375/traj_0020,bridgedata_v2,train,bridgedata_v2:train_00375,35,35,data/processed/bridgedata_v2/train_00375/traj_0020
bridgedata_v2__train_00375__traj_0024,bridgedata_v2/train_00375/traj_0024,bridgedata_v2,train,bridgedata_v2:train_00375,49,49,data/processed/bridgedata_v2/train_00375/traj_0024
bridgedata_v2__train_00376__traj_0002,bridgedata_v2/train_00376/traj_0002,bridgedata_v2,train,bridgedata_v2:train_00376,34,34,data/processed/bridgedata_v2/train_00376/traj_0002
bridgedata_v2__train_00377__traj_0019,bridgedata_v2/train_00377/traj_0019,bridgedata_v2,train,bridgedata_v2:train_00377,33,33,data/processed/bridgedata_v2/train_00377/traj_0019
bridgedata_v2__train_00377__traj_0023,bridgedata_v2/train_00377/traj_0023,bridgedata_v2,train,bridgedata_v2:train_00377,39,39,data/processed/bridgedata_v2/train_00377/traj_0023
bridgedata_v2__train_00378__traj_0014,bridgedata_v2/train_00378/traj_0014,bridgedata_v2,train,bridgedata_v2:train_00378,46,46,data/processed/bridgedata_v2/train_00378/traj_0014
bridgedata_v2__train_00383__traj_0004,bridgedata_v2/train_00383/traj_0004,bridgedata_v2,train,bridgedata_v2:train_00383,44,44,data/processed/bridgedata_v2/train_00383/traj_0004
bridgedata_v2__train_00384__traj_0012,bridgedata_v2/train_00384/traj_0012,bridgedata_v2,train,bridgedata_v2:train_00384,39,39,data/processed/bridgedata_v2/train_00384/traj_0012
bridgedata_v2__train_00386__traj_0019,bridgedata_v2/train_00386/traj_0019,bridgedata_v2,train,bridgedata_v2:train_00386,33,33,data/processed/bridgedata_v2/train_00386/traj_0019
bridgedata_v2__train_00388__traj_0016,bridgedata_v2/train_00388/traj_0016,bridgedata_v2,train,bridgedata_v2:train_00388,12,12,data/processed/bridgedata_v2/train_00388/traj_0016
bridgedata_v2__train_00389__traj_0014,bridgedata_v2/train_00389/traj_0014,bridgedata_v2,train,bridgedata_v2:train_00389,31,31,data/processed/bridgedata_v2/train_00389/traj_0014
bridgedata_v2__train_00389__traj_0015,bridgedata_v2/train_00389/traj_0015,bridgedata_v2,train,bridgedata_v2:train_00389,33,33,data/processed/bridgedata_v2/train_00389/traj_0015
bridgedata_v2__train_00389__traj_0017,bridgedata_v2/train_00389/traj_0017,bridgedata_v2,train,bridgedata_v2:train_00389,33,33,data/processed/bridgedata_v2/train_00389/traj_0017
bridgedata_v2__train_00390__traj_0001,bridgedata_v2/train_00390/traj_0001,bridgedata_v2,train,bridgedata_v2:train_00390,30,30,data/processed/bridgedata_v2/train_00390/traj_0001
bridgedata_v2__train_00390__traj_0006,bridgedata_v2/train_00390/traj_0006,bridgedata_v2,train,bridgedata_v2:train_00390,35,35,data/processed/bridgedata_v2/train_00390/traj_0006
bridgedata_v2__train_00390__traj_0011,bridgedata_v2/train_00390/traj_0011,bridgedata_v2,train,bridgedata_v2:train_00390,24,24,data/processed/bridgedata_v2/train_00390/traj_0011
bridgedata_v2__train_00391__traj_0020,bridgedata_v2/train_00391/traj_0020,bridgedata_v2,train,bridgedata_v2:train_00391,49,49,data/processed/bridgedata_v2/train_00391/traj_0020
bridgedata_v2__train_00392__traj_0001,bridgedata_v2/train_00392/traj_0001,bridgedata_v2,train,bridgedata_v2:train_00392,34,34,data/processed/bridgedata_v2/train_00392/traj_0001
bridgedata_v2__train_00392__traj_0009,bridgedata_v2/train_00392/traj_0009,bridgedata_v2,train,bridgedata_v2:train_00392,39,39,data/processed/bridgedata_v2/train_00392/traj_0009
bridgedata_v2__train_00393__traj_0004,bridgedata_v2/train_00393/traj_0004,bridgedata_v2,train,bridgedata_v2:train_00393,33,33,data/processed/bridgedata_v2/train_00393/traj_0004
bridgedata_v2__train_00395__traj_0006,bridgedata_v2/train_00395/traj_0006,bridgedata_v2,train,bridgedata_v2:train_00395,24,24,data/processed/bridgedata_v2/train_00395/traj_0006
bridgedata_v2__train_00396__traj_0008,bridgedata_v2/train_00396/traj_0008,bridgedata_v2,train,bridgedata_v2:train_00396,27,27,data/processed/bridgedata_v2/train_00396/traj_0008
bridgedata_v2__train_00396__traj_0009,bridgedata_v2/train_00396/traj_0009,bridgedata_v2,train,bridgedata_v2:train_00396,78,64,data/processed/bridgedata_v2/train_00396/traj_0009
bridgedata_v2__train_00398__traj_0000,bridgedata_v2/train_00398/traj_0000,bridgedata_v2,train,bridgedata_v2:train_00398,22,22,data/processed/bridgedata_v2/train_00398/traj_0000
bridgedata_v2__train_00398__traj_0020,bridgedata_v2/train_00398/traj_0020,bridgedata_v2,train,bridgedata_v2:train_00398,38,38,data/processed/bridgedata_v2/train_00398/traj_0020
bridgedata_v2__train_00399__traj_0002,bridgedata_v2/train_00399/traj_0002,bridgedata_v2,train,bridgedata_v2:train_00399,74,64,data/processed/bridgedata_v2/train_00399/traj_0002
bridgedata_v2__train_00399__traj_0022,bridgedata_v2/train_00399/traj_0022,bridgedata_v2,train,bridgedata_v2:train_00399,27,27,data/processed/bridgedata_v2/train_00399/traj_0022
bridgedata_v2__train_00399__traj_0023,bridgedata_v2/train_00399/traj_0023,bridgedata_v2,train,bridgedata_v2:train_00399,21,21,data/processed/bridgedata_v2/train_00399/traj_0023
bridgedata_v2__train_00400__traj_0003,bridgedata_v2/train_00400/traj_0003,bridgedata_v2,train,bridgedata_v2:train_00400,49,49,data/processed/bridgedata_v2/train_00400/traj_0003
bridgedata_v2__train_00405__traj_0011,bridgedata_v2/train_00405/traj_0011,bridgedata_v2,train,bridgedata_v2:train_00405,36,36,data/processed/bridgedata_v2/train_00405/traj_0011
bridgedata_v2__train_00409__traj_0020,bridgedata_v2/train_00409/traj_0020,bridgedata_v2,train,bridgedata_v2:train_00409,40,40,data/processed/bridgedata_v2/train_00409/traj_0020
bridgedata_v2__train_00409__traj_0022,bridgedata_v2/train_00409/traj_0022,bridgedata_v2,train,bridgedata_v2:train_00409,38,38,data/processed/bridgedata_v2/train_00409/traj_0022
bridgedata_v2__train_00410__traj_0018,bridgedata_v2/train_00410/traj_0018,bridgedata_v2,train,bridgedata_v2:train_00410,24,24,data/processed/bridgedata_v2/train_00410/traj_0018
bridgedata_v2__train_00411__traj_0011,bridgedata_v2/train_00411/traj_0011,bridgedata_v2,train,bridgedata_v2:train_00411,29,29,data/processed/bridgedata_v2/train_00411/traj_0011
bridgedata_v2__train_00411__traj_0017,bridgedata_v2/train_00411/traj_0017,bridgedata_v2,train,bridgedata_v2:train_00411,47,47,data/processed/bridgedata_v2/train_00411/traj_0017
bridgedata_v2__train_00412__traj_0018,bridgedata_v2/train_00412/traj_0018,bridgedata_v2,train,bridgedata_v2:train_00412,19,19,data/processed/bridgedata_v2/train_00412/traj_0018
bridgedata_v2__train_00415__traj_0011,bridgedata_v2/train_00415/traj_0011,bridgedata_v2,train,bridgedata_v2:train_00415,33,33,data/processed/bridgedata_v2/train_00415/traj_0011
bridgedata_v2__train_00417__traj_0011,bridgedata_v2/train_00417/traj_0011,bridgedata_v2,train,bridgedata_v2:train_00417,33,33,data/processed/bridgedata_v2/train_00417/traj_0011
bridgedata_v2__train_00417__traj_0016,bridgedata_v2/train_00417/traj_0016,bridgedata_v2,train,bridgedata_v2:train_00417,39,39,data/processed/bridgedata_v2/train_00417/traj_0016
bridgedata_v2__train_00417__traj_0020,bridgedata_v2/train_00417/traj_0020,bridgedata_v2,train,bridgedata_v2:train_00417,41,41,data/processed/bridgedata_v2/train_00417/traj_0020
bridgedata_v2__train_00418__traj_0013,bridgedata_v2/train_00418/traj_0013,bridgedata_v2,train,bridgedata_v2:train_00418,24,24,data/processed/bridgedata_v2/train_00418/traj_0013
bridgedata_v2__train_00419__traj_0008,bridgedata_v2/train_00419/traj_0008,bridgedata_v2,train,bridgedata_v2:train_00419,24,24,data/processed/bridgedata_v2/train_00419/traj_0008
bridgedata_v2__train_00422__traj_0000,bridgedata_v2/train_00422/traj_0000,bridgedata_v2,train,bridgedata_v2:train_00422,19,19,data/processed/bridgedata_v2/train_00422/traj_0000
bridgedata_v2__train_00423__traj_0009,bridgedata_v2/train_00423/traj_0009,bridgedata_v2,train,bridgedata_v2:train_00423,21,21,data/processed/bridgedata_v2/train_00423/traj_0009
bridgedata_v2__train_00423__traj_0015,bridgedata_v2/train_00423/traj_0015,bridgedata_v2,train,bridgedata_v2:train_00423,49,49,data/processed/bridgedata_v2/train_00423/traj_0015
bridgedata_v2__train_00424__traj_0003,bridgedata_v2/train_00424/traj_0003,bridgedata_v2,train,bridgedata_v2:train_00424,33,33,data/processed/bridgedata_v2/train_00424/traj_0003
bridgedata_v2__train_00424__traj_0010,bridgedata_v2/train_00424/traj_0010,bridgedata_v2,train,bridgedata_v2:train_00424,34,34,data/processed/bridgedata_v2/train_00424/traj_0010
bridgedata_v2__train_00424__traj_0022,bridgedata_v2/train_00424/traj_0022,bridgedata_v2,train,bridgedata_v2:train_00424,49,49,data/processed/bridgedata_v2/train_00424/traj_0022
bridgedata_v2__train_00425__traj_0018,bridgedata_v2/train_00425/traj_0018,bridgedata_v2,train,bridgedata_v2:train_00425,49,49,data/processed/bridgedata_v2/train_00425/traj_0018
bridgedata_v2__train_00426__traj_0008,bridgedata_v2/train_00426/traj_0008,bridgedata_v2,train,bridgedata_v2:train_00426,37,37,data/processed/bridgedata_v2/train_00426/traj_0008
bridgedata_v2__train_00428__traj_0019,bridgedata_v2/train_00428/traj_0019,bridgedata_v2,train,bridgedata_v2:train_00428,36,36,data/processed/bridgedata_v2/train_00428/traj_0019
bridgedata_v2__train_00429__traj_0019,bridgedata_v2/train_00429/traj_0019,bridgedata_v2,train,bridgedata_v2:train_00429,46,46,data/processed/bridgedata_v2/train_00429/traj_0019
bridgedata_v2__train_00432__traj_0011,bridgedata_v2/train_00432/traj_0011,bridgedata_v2,train,bridgedata_v2:train_00432,39,39,data/processed/bridgedata_v2/train_00432/traj_0011
bridgedata_v2__train_00432__traj_0018,bridgedata_v2/train_00432/traj_0018,bridgedata_v2,train,bridgedata_v2:train_00432,29,29,data/processed/bridgedata_v2/train_00432/traj_0018
bridgedata_v2__train_00435__traj_0008,bridgedata_v2/train_00435/traj_0008,bridgedata_v2,train,bridgedata_v2:train_00435,24,24,data/processed/bridgedata_v2/train_00435/traj_0008
bridgedata_v2__train_00435__traj_0024,bridgedata_v2/train_00435/traj_0024,bridgedata_v2,train,bridgedata_v2:train_00435,33,33,data/processed/bridgedata_v2/train_00435/traj_0024
bridgedata_v2__train_00438__traj_0008,bridgedata_v2/train_00438/traj_0008,bridgedata_v2,train,bridgedata_v2:train_00438,24,24,data/processed/bridgedata_v2/train_00438/traj_0008
bridgedata_v2__train_00438__traj_0029,bridgedata_v2/train_00438/traj_0029,bridgedata_v2,train,bridgedata_v2:train_00438,37,37,data/processed/bridgedata_v2/train_00438/traj_0029
bridgedata_v2__train_00439__traj_0008,bridgedata_v2/train_00439/traj_0008,bridgedata_v2,train,bridgedata_v2:train_00439,37,37,data/processed/bridgedata_v2/train_00439/traj_0008
bridgedata_v2__train_00439__traj_0020,bridgedata_v2/train_00439/traj_0020,bridgedata_v2,train,bridgedata_v2:train_00439,35,35,data/processed/bridgedata_v2/train_00439/traj_0020
bridgedata_v2__train_00440__traj_0009,bridgedata_v2/train_00440/traj_0009,bridgedata_v2,train,bridgedata_v2:train_00440,39,39,data/processed/bridgedata_v2/train_00440/traj_0009
bridgedata_v2__train_00444__traj_0011,bridgedata_v2/train_00444/traj_0011,bridgedata_v2,train,bridgedata_v2:train_00444,13,13,data/processed/bridgedata_v2/train_00444/traj_0011
bridgedata_v2__train_00444__traj_0031,bridgedata_v2/train_00444/traj_0031,bridgedata_v2,train,bridgedata_v2:train_00444,33,33,data/processed/bridgedata_v2/train_00444/traj_0031
bridgedata_v2__train_00447__traj_0001,bridgedata_v2/train_00447/traj_0001,bridgedata_v2,train,bridgedata_v2:train_00447,38,38,data/processed/bridgedata_v2/train_00447/traj_0001
bridgedata_v2__train_00447__traj_0013,bridgedata_v2/train_00447/traj_0013,bridgedata_v2,train,bridgedata_v2:train_00447,30,30,data/processed/bridgedata_v2/train_00447/traj_0013
bridgedata_v2__train_00448__traj_0012,bridgedata_v2/train_00448/traj_0012,bridgedata_v2,train,bridgedata_v2:train_00448,44,44,data/processed/bridgedata_v2/train_00448/traj_0012
bridgedata_v2__train_00448__traj_0022,bridgedata_v2/train_00448/traj_0022,bridgedata_v2,train,bridgedata_v2:train_00448,29,29,data/processed/bridgedata_v2/train_00448/traj_0022
bridgedata_v2__train_00450__traj_0012,bridgedata_v2/train_00450/traj_0012,bridgedata_v2,train,bridgedata_v2:train_00450,33,33,data/processed/bridgedata_v2/train_00450/traj_0012
bridgedata_v2__train_00450__traj_0021,bridgedata_v2/train_00450/traj_0021,bridgedata_v2,train,bridgedata_v2:train_00450,31,31,data/processed/bridgedata_v2/train_00450/traj_0021
bridgedata_v2__train_00451__traj_0004,bridgedata_v2/train_00451/traj_0004,bridgedata_v2,train,bridgedata_v2:train_00451,37,37,data/processed/bridgedata_v2/train_00451/traj_0004
bridgedata_v2__train_00452__traj_0016,bridgedata_v2/train_00452/traj_0016,bridgedata_v2,train,bridgedata_v2:train_00452,36,36,data/processed/bridgedata_v2/train_00452/traj_0016
bridgedata_v2__train_00453__traj_0017,bridgedata_v2/train_00453/traj_0017,bridgedata_v2,train,bridgedata_v2:train_00453,34,34,data/processed/bridgedata_v2/train_00453/traj_0017
bridgedata_v2__train_00455__traj_0011,bridgedata_v2/train_00455/traj_0011,bridgedata_v2,train,bridgedata_v2:train_00455,36,36,data/processed/bridgedata_v2/train_00455/traj_0011
bridgedata_v2__train_00456__traj_0011,bridgedata_v2/train_00456/traj_0011,bridgedata_v2,train,bridgedata_v2:train_00456,40,40,data/processed/bridgedata_v2/train_00456/traj_0011
bridgedata_v2__train_00456__traj_0018,bridgedata_v2/train_00456/traj_0018,bridgedata_v2,train,bridgedata_v2:train_00456,49,49,data/processed/bridgedata_v2/train_00456/traj_0018
bridgedata_v2__train_00457__traj_0003,bridgedata_v2/train_00457/traj_0003,bridgedata_v2,train,bridgedata_v2:train_00457,17,17,data/processed/bridgedata_v2/train_00457/traj_0003
bridgedata_v2__train_00459__traj_0005,bridgedata_v2/train_00459/traj_0005,bridgedata_v2,train,bridgedata_v2:train_00459,18,18,data/processed/bridgedata_v2/train_00459/traj_0005
bridgedata_v2__train_00460__traj_0004,bridgedata_v2/train_00460/traj_0004,bridgedata_v2,train,bridgedata_v2:train_00460,39,39,data/processed/bridgedata_v2/train_00460/traj_0004
bridgedata_v2__train_00461__traj_0000,bridgedata_v2/train_00461/traj_0000,bridgedata_v2,train,bridgedata_v2:train_00461,38,38,data/processed/bridgedata_v2/train_00461/traj_0000
bridgedata_v2__train_00462__traj_0016,bridgedata_v2/train_00462/traj_0016,bridgedata_v2,train,bridgedata_v2:train_00462,28,28,data/processed/bridgedata_v2/train_00462/traj_0016
bridgedata_v2__train_00463__traj_0021,bridgedata_v2/train_00463/traj_0021,bridgedata_v2,train,bridgedata_v2:train_00463,45,45,data/processed/bridgedata_v2/train_00463/traj_0021
bridgedata_v2__train_00464__traj_0006,bridgedata_v2/train_00464/traj_0006,bridgedata_v2,train,bridgedata_v2:train_00464,29,29,data/processed/bridgedata_v2/train_00464/traj_0006
bridgedata_v2__train_00465__traj_0000,bridgedata_v2/train_00465/traj_0000,bridgedata_v2,train,bridgedata_v2:train_00465,24,24,data/processed/bridgedata_v2/train_00465/traj_0000
bridgedata_v2__train_00467__traj_0003,bridgedata_v2/train_00467/traj_0003,bridgedata_v2,train,bridgedata_v2:train_00467,47,47,data/processed/bridgedata_v2/train_00467/traj_0003
bridgedata_v2__train_00468__traj_0007,bridgedata_v2/train_00468/traj_0007,bridgedata_v2,train,bridgedata_v2:train_00468,37,37,data/processed/bridgedata_v2/train_00468/traj_0007
bridgedata_v2__train_00474__traj_0001,bridgedata_v2/train_00474/traj_0001,bridgedata_v2,train,bridgedata_v2:train_00474,21,21,data/processed/bridgedata_v2/train_00474/traj_0001
bridgedata_v2__train_00474__traj_0011,bridgedata_v2/train_00474/traj_0011,bridgedata_v2,train,bridgedata_v2:train_00474,39,39,data/processed/bridgedata_v2/train_00474/traj_0011
bridgedata_v2__train_00475__traj_0020,bridgedata_v2/train_00475/traj_0020,bridgedata_v2,train,bridgedata_v2:train_00475,39,39,data/processed/bridgedata_v2/train_00475/traj_0020
bridgedata_v2__train_00476__traj_0001,bridgedata_v2/train_00476/traj_0001,bridgedata_v2,train,bridgedata_v2:train_00476,24,24,data/processed/bridgedata_v2/train_00476/traj_0001
bridgedata_v2__train_00477__traj_0016,bridgedata_v2/train_00477/traj_0016,bridgedata_v2,train,bridgedata_v2:train_00477,38,38,data/processed/bridgedata_v2/train_00477/traj_0016
bridgedata_v2__train_00480__traj_0006,bridgedata_v2/train_00480/traj_0006,bridgedata_v2,train,bridgedata_v2:train_00480,20,20,data/processed/bridgedata_v2/train_00480/traj_0006
bridgedata_v2__train_00480__traj_0015,bridgedata_v2/train_00480/traj_0015,bridgedata_v2,train,bridgedata_v2:train_00480,24,24,data/processed/bridgedata_v2/train_00480/traj_0015
bridgedata_v2__train_00482__traj_0012,bridgedata_v2/train_00482/traj_0012,bridgedata_v2,train,bridgedata_v2:train_00482,35,35,data/processed/bridgedata_v2/train_00482/traj_0012
bridgedata_v2__train_00483__traj_0008,bridgedata_v2/train_00483/traj_0008,bridgedata_v2,train,bridgedata_v2:train_00483,19,19,data/processed/bridgedata_v2/train_00483/traj_0008
bridgedata_v2__train_00484__traj_0005,bridgedata_v2/train_00484/traj_0005,bridgedata_v2,train,bridgedata_v2:train_00484,32,32,data/processed/bridgedata_v2/train_00484/traj_0005
bridgedata_v2__train_00487__traj_0001,bridgedata_v2/train_00487/traj_0001,bridgedata_v2,train,bridgedata_v2:train_00487,29,29,data/processed/bridgedata_v2/train_00487/traj_0001
bridgedata_v2__train_00487__traj_0002,bridgedata_v2/train_00487/traj_0002,bridgedata_v2,train,bridgedata_v2:train_00487,32,32,data/processed/bridgedata_v2/train_00487/traj_0002
bridgedata_v2__train_00487__traj_0010,bridgedata_v2/train_00487/traj_0010,bridgedata_v2,train,bridgedata_v2:train_00487,19,19,data/processed/bridgedata_v2/train_00487/traj_0010
bridgedata_v2__train_00488__traj_0007,bridgedata_v2/train_00488/traj_0007,bridgedata_v2,train,bridgedata_v2:train_00488,24,24,data/processed/bridgedata_v2/train_00488/traj_0007
bridgedata_v2__train_00489__traj_0014,bridgedata_v2/train_00489/traj_0014,bridgedata_v2,train,bridgedata_v2:train_00489,49,49,data/processed/bridgedata_v2/train_00489/traj_0014
bridgedata_v2__train_00489__traj_0016,bridgedata_v2/train_00489/traj_0016,bridgedata_v2,train,bridgedata_v2:train_00489,39,39,data/processed/bridgedata_v2/train_00489/traj_0016
bridgedata_v2__train_00490__traj_0009,bridgedata_v2/train_00490/traj_0009,bridgedata_v2,train,bridgedata_v2:train_00490,27,27,data/processed/bridgedata_v2/train_00490/traj_0009
bridgedata_v2__train_00490__traj_0024,bridgedata_v2/train_00490/traj_0024,bridgedata_v2,train,bridgedata_v2:train_00490,24,24,data/processed/bridgedata_v2/train_00490/traj_0024
bridgedata_v2__train_00491__traj_0000,bridgedata_v2/train_00491/traj_0000,bridgedata_v2,train,bridgedata_v2:train_00491,39,39,data/processed/bridgedata_v2/train_00491/traj_0000
bridgedata_v2__train_00491__traj_0003,bridgedata_v2/train_00491/traj_0003,bridgedata_v2,train,bridgedata_v2:train_00491,49,49,data/processed/bridgedata_v2/train_00491/traj_0003
bridgedata_v2__train_00491__traj_0013,bridgedata_v2/train_00491/traj_0013,bridgedata_v2,train,bridgedata_v2:train_00491,24,24,data/processed/bridgedata_v2/train_00491/traj_0013
bridgedata_v2__train_00491__traj_0015,bridgedata_v2/train_00491/traj_0015,bridgedata_v2,train,bridgedata_v2:train_00491,69,64,data/processed/bridgedata_v2/train_00491/traj_0015
bridgedata_v2__train_00493__traj_0029,bridgedata_v2/train_00493/traj_0029,bridgedata_v2,train,bridgedata_v2:train_00493,37,37,data/processed/bridgedata_v2/train_00493/traj_0029
bridgedata_v2__train_00494__traj_0003,bridgedata_v2/train_00494/traj_0003,bridgedata_v2,train,bridgedata_v2:train_00494,49,49,data/processed/bridgedata_v2/train_00494/traj_0003
bridgedata_v2__train_00495__traj_0023,bridgedata_v2/train_00495/traj_0023,bridgedata_v2,train,bridgedata_v2:train_00495,34,34,data/processed/bridgedata_v2/train_00495/traj_0023
bridgedata_v2__train_00496__traj_0021,bridgedata_v2/train_00496/traj_0021,bridgedata_v2,train,bridgedata_v2:train_00496,20,20,data/processed/bridgedata_v2/train_00496/traj_0021
bridgedata_v2__train_00497__traj_0005,bridgedata_v2/train_00497/traj_0005,bridgedata_v2,train,bridgedata_v2:train_00497,34,34,data/processed/bridgedata_v2/train_00497/traj_0005
bridgedata_v2__train_00498__traj_0006,bridgedata_v2/train_00498/traj_0006,bridgedata_v2,train,bridgedata_v2:train_00498,22,22,data/processed/bridgedata_v2/train_00498/traj_0006
bridgedata_v2__train_00498__traj_0023,bridgedata_v2/train_00498/traj_0023,bridgedata_v2,train,bridgedata_v2:train_00498,49,49,data/processed/bridgedata_v2/train_00498/traj_0023
bridgedata_v2__train_00499__traj_0015,bridgedata_v2/train_00499/traj_0015,bridgedata_v2,train,bridgedata_v2:train_00499,28,28,data/processed/bridgedata_v2/train_00499/traj_0015
bridgedata_v2__train_00500__traj_0004,bridgedata_v2/train_00500/traj_0004,bridgedata_v2,train,bridgedata_v2:train_00500,30,30,data/processed/bridgedata_v2/train_00500/traj_0004
bridgedata_v2__train_00501__traj_0012,bridgedata_v2/train_00501/traj_0012,bridgedata_v2,train,bridgedata_v2:train_00501,31,31,data/processed/bridgedata_v2/train_00501/traj_0012
bridgedata_v2__train_00503__traj_0029,bridgedata_v2/train_00503/traj_0029,bridgedata_v2,train,bridgedata_v2:train_00503,43,43,data/processed/bridgedata_v2/train_00503/traj_0029
bridgedata_v2__train_00504__traj_0004,bridgedata_v2/train_00504/traj_0004,bridgedata_v2,train,bridgedata_v2:train_00504,44,44,data/processed/bridgedata_v2/train_00504/traj_0004
bridgedata_v2__train_00505__traj_0005,bridgedata_v2/train_00505/traj_0005,bridgedata_v2,train,bridgedata_v2:train_00505,37,37,data/processed/bridgedata_v2/train_00505/traj_0005
bridgedata_v2__train_00505__traj_0019,bridgedata_v2/train_00505/traj_0019,bridgedata_v2,train,bridgedata_v2:train_00505,45,45,data/processed/bridgedata_v2/train_00505/traj_0019
bridgedata_v2__train_00507__traj_0011,bridgedata_v2/train_00507/traj_0011,bridgedata_v2,train,bridgedata_v2:train_00507,35,35,data/processed/bridgedata_v2/train_00507/traj_0011
bridgedata_v2__train_00508__traj_0027,bridgedata_v2/train_00508/traj_0027,bridgedata_v2,train,bridgedata_v2:train_00508,39,39,data/processed/bridgedata_v2/train_00508/traj_0027
bridgedata_v2__train_00509__traj_0000,bridgedata_v2/train_00509/traj_0000,bridgedata_v2,train,bridgedata_v2:train_00509,79,64,data/processed/bridgedata_v2/train_00509/traj_0000
bridgedata_v2__train_00509__traj_0002,bridgedata_v2/train_00509/traj_0002,bridgedata_v2,train,bridgedata_v2:train_00509,36,36,data/processed/bridgedata_v2/train_00509/traj_0002
bridgedata_v2__train_00509__traj_0006,bridgedata_v2/train_00509/traj_0006,bridgedata_v2,train,bridgedata_v2:train_00509,34,34,data/processed/bridgedata_v2/train_00509/traj_0006
bridgedata_v2__train_00509__traj_0012,bridgedata_v2/train_00509/traj_0012,bridgedata_v2,train,bridgedata_v2:train_00509,23,23,data/processed/bridgedata_v2/train_00509/traj_0012
bridgedata_v2__train_00510__traj_0002,bridgedata_v2/train_00510/traj_0002,bridgedata_v2,train,bridgedata_v2:train_00510,49,49,data/processed/bridgedata_v2/train_00510/traj_0002
bridgedata_v2__train_00510__traj_0003,bridgedata_v2/train_00510/traj_0003,bridgedata_v2,train,bridgedata_v2:train_00510,30,30,data/processed/bridgedata_v2/train_00510/traj_0003
bridgedata_v2__train_00510__traj_0004,bridgedata_v2/train_00510/traj_0004,bridgedata_v2,train,bridgedata_v2:train_00510,36,36,data/processed/bridgedata_v2/train_00510/traj_0004
bridgedata_v2__train_00511__traj_0005,bridgedata_v2/train_00511/traj_0005,bridgedata_v2,train,bridgedata_v2:train_00511,24,24,data/processed/bridgedata_v2/train_00511/traj_0005
bridgedata_v2__train_00511__traj_0008,bridgedata_v2/train_00511/traj_0008,bridgedata_v2,train,bridgedata_v2:train_00511,22,22,data/processed/bridgedata_v2/train_00511/traj_0008
bridgedata_v2__train_00515__traj_0007,bridgedata_v2/train_00515/traj_0007,bridgedata_v2,train,bridgedata_v2:train_00515,42,42,data/processed/bridgedata_v2/train_00515/traj_0007
bridgedata_v2__train_00519__traj_0017,bridgedata_v2/train_00519/traj_0017,bridgedata_v2,train,bridgedata_v2:train_00519,24,24,data/processed/bridgedata_v2/train_00519/traj_0017
bridgedata_v2__train_00521__traj_0015,bridgedata_v2/train_00521/traj_0015,bridgedata_v2,train,bridgedata_v2:train_00521,46,46,data/processed/bridgedata_v2/train_00521/traj_0015
bridgedata_v2__train_00522__traj_0002,bridgedata_v2/train_00522/traj_0002,bridgedata_v2,train,bridgedata_v2:train_00522,25,25,data/processed/bridgedata_v2/train_00522/traj_0002
bridgedata_v2__train_00522__traj_0015,bridgedata_v2/train_00522/traj_0015,bridgedata_v2,train,bridgedata_v2:train_00522,49,49,data/processed/bridgedata_v2/train_00522/traj_0015
bridgedata_v2__train_00523__traj_0018,bridgedata_v2/train_00523/traj_0018,bridgedata_v2,train,bridgedata_v2:train_00523,49,49,data/processed/bridgedata_v2/train_00523/traj_0018
bridgedata_v2__train_00524__traj_0016,bridgedata_v2/train_00524/traj_0016,bridgedata_v2,train,bridgedata_v2:train_00524,29,29,data/processed/bridgedata_v2/train_00524/traj_0016
bridgedata_v2__train_00526__traj_0018,bridgedata_v2/train_00526/traj_0018,bridgedata_v2,train,bridgedata_v2:train_00526,14,14,data/processed/bridgedata_v2/train_00526/traj_0018
bridgedata_v2__train_00526__traj_0025,bridgedata_v2/train_00526/traj_0025,bridgedata_v2,train,bridgedata_v2:train_00526,21,21,data/processed/bridgedata_v2/train_00526/traj_0025
bridgedata_v2__train_00526__traj_0030,bridgedata_v2/train_00526/traj_0030,bridgedata_v2,train,bridgedata_v2:train_00526,43,43,data/processed/bridgedata_v2/train_00526/traj_0030
bridgedata_v2__train_00527__traj_0006,bridgedata_v2/train_00527/traj_0006,bridgedata_v2,train,bridgedata_v2:train_00527,28,28,data/processed/bridgedata_v2/train_00527/traj_0006
bridgedata_v2__train_00527__traj_0007,bridgedata_v2/train_00527/traj_0007,bridgedata_v2,train,bridgedata_v2:train_00527,32,32,data/processed/bridgedata_v2/train_00527/traj_0007
bridgedata_v2__train_00529__traj_0014,bridgedata_v2/train_00529/traj_0014,bridgedata_v2,train,bridgedata_v2:train_00529,49,49,data/processed/bridgedata_v2/train_00529/traj_0014
bridgedata_v2__train_00529__traj_0017,bridgedata_v2/train_00529/traj_0017,bridgedata_v2,train,bridgedata_v2:train_00529,33,33,data/processed/bridgedata_v2/train_00529/traj_0017
bridgedata_v2__train_00529__traj_0022,bridgedata_v2/train_00529/traj_0022,bridgedata_v2,train,bridgedata_v2:train_00529,49,49,data/processed/bridgedata_v2/train_00529/traj_0022
bridgedata_v2__train_00530__traj_0016,bridgedata_v2/train_00530/traj_0016,bridgedata_v2,train,bridgedata_v2:train_00530,19,19,data/processed/bridgedata_v2/train_00530/traj_0016
bridgedata_v2__train_00532__traj_0014,bridgedata_v2/train_00532/traj_0014,bridgedata_v2,train,bridgedata_v2:train_00532,44,44,data/processed/bridgedata_v2/train_00532/traj_0014
bridgedata_v2__train_00532__traj_0018,bridgedata_v2/train_00532/traj_0018,bridgedata_v2,train,bridgedata_v2:train_00532,40,40,data/processed/bridgedata_v2/train_00532/traj_0018
bridgedata_v2__train_00533__traj_0011,bridgedata_v2/train_00533/traj_0011,bridgedata_v2,train,bridgedata_v2:train_00533,29,29,data/processed/bridgedata_v2/train_00533/traj_0011
bridgedata_v2__train_00533__traj_0012,bridgedata_v2/train_00533/traj_0012,bridgedata_v2,train,bridgedata_v2:train_00533,22,22,data/processed/bridgedata_v2/train_00533/traj_0012
bridgedata_v2__train_00533__traj_0029,bridgedata_v2/train_00533/traj_0029,bridgedata_v2,train,bridgedata_v2:train_00533,46,46,data/processed/bridgedata_v2/train_00533/traj_0029
bridgedata_v2__train_00536__traj_0011,bridgedata_v2/train_00536/traj_0011,bridgedata_v2,train,bridgedata_v2:train_00536,37,37,data/processed/bridgedata_v2/train_00536/traj_0011
bridgedata_v2__train_00537__traj_0012,bridgedata_v2/train_00537/traj_0012,bridgedata_v2,train,bridgedata_v2:train_00537,29,29,data/processed/bridgedata_v2/train_00537/traj_0012
bridgedata_v2__train_00537__traj_0022,bridgedata_v2/train_00537/traj_0022,bridgedata_v2,train,bridgedata_v2:train_00537,23,23,data/processed/bridgedata_v2/train_00537/traj_0022
bridgedata_v2__train_00538__traj_0001,bridgedata_v2/train_00538/traj_0001,bridgedata_v2,train,bridgedata_v2:train_00538,39,39,data/processed/bridgedata_v2/train_00538/traj_0001
bridgedata_v2__train_00538__traj_0011,bridgedata_v2/train_00538/traj_0011,bridgedata_v2,train,bridgedata_v2:train_00538,32,32,data/processed/bridgedata_v2/train_00538/traj_0011
bridgedata_v2__train_00538__traj_0018,bridgedata_v2/train_00538/traj_0018,bridgedata_v2,train,bridgedata_v2:train_00538,30,30,data/processed/bridgedata_v2/train_00538/traj_0018
bridgedata_v2__train_00539__traj_0012,bridgedata_v2/train_00539/traj_0012,bridgedata_v2,train,bridgedata_v2:train_00539,39,39,data/processed/bridgedata_v2/train_00539/traj_0012
bridgedata_v2__train_00539__traj_0016,bridgedata_v2/train_00539/traj_0016,bridgedata_v2,train,bridgedata_v2:train_00539,49,49,data/processed/bridgedata_v2/train_00539/traj_0016
bridgedata_v2__train_00540__traj_0008,bridgedata_v2/train_00540/traj_0008,bridgedata_v2,train,bridgedata_v2:train_00540,37,37,data/processed/bridgedata_v2/train_00540/traj_0008
bridgedata_v2__train_00540__traj_0019,bridgedata_v2/train_00540/traj_0019,bridgedata_v2,train,bridgedata_v2:train_00540,45,45,data/processed/bridgedata_v2/train_00540/traj_0019
bridgedata_v2__train_00541__traj_0005,bridgedata_v2/train_00541/traj_0005,bridgedata_v2,train,bridgedata_v2:train_00541,33,33,data/processed/bridgedata_v2/train_00541/traj_0005
bridgedata_v2__train_00542__traj_0021,bridgedata_v2/train_00542/traj_0021,bridgedata_v2,train,bridgedata_v2:train_00542,33,33,data/processed/bridgedata_v2/train_00542/traj_0021
bridgedata_v2__train_00544__traj_0023,bridgedata_v2/train_00544/traj_0023,bridgedata_v2,train,bridgedata_v2:train_00544,24,24,data/processed/bridgedata_v2/train_00544/traj_0023
bridgedata_v2__train_00547__traj_0004,bridgedata_v2/train_00547/traj_0004,bridgedata_v2,train,bridgedata_v2:train_00547,32,32,data/processed/bridgedata_v2/train_00547/traj_0004
bridgedata_v2__train_00547__traj_0011,bridgedata_v2/train_00547/traj_0011,bridgedata_v2,train,bridgedata_v2:train_00547,32,32,data/processed/bridgedata_v2/train_00547/traj_0011
bridgedata_v2__train_00549__traj_0015,bridgedata_v2/train_00549/traj_0015,bridgedata_v2,train,bridgedata_v2:train_00549,34,34,data/processed/bridgedata_v2/train_00549/traj_0015
bridgedata_v2__train_00551__traj_0018,bridgedata_v2/train_00551/traj_0018,bridgedata_v2,train,bridgedata_v2:train_00551,24,24,data/processed/bridgedata_v2/train_00551/traj_0018
bridgedata_v2__train_00551__traj_0024,bridgedata_v2/train_00551/traj_0024,bridgedata_v2,train,bridgedata_v2:train_00551,37,37,data/processed/bridgedata_v2/train_00551/traj_0024
bridgedata_v2__train_00552__traj_0002,bridgedata_v2/train_00552/traj_0002,bridgedata_v2,train,bridgedata_v2:train_00552,19,19,data/processed/bridgedata_v2/train_00552/traj_0002
bridgedata_v2__train_00552__traj_0008,bridgedata_v2/train_00552/traj_0008,bridgedata_v2,train,bridgedata_v2:train_00552,30,30,data/processed/bridgedata_v2/train_00552/traj_0008
bridgedata_v2__train_00554__traj_0003,bridgedata_v2/train_00554/traj_0003,bridgedata_v2,train,bridgedata_v2:train_00554,14,14,data/processed/bridgedata_v2/train_00554/traj_0003
bridgedata_v2__train_00555__traj_0003,bridgedata_v2/train_00555/traj_0003,bridgedata_v2,train,bridgedata_v2:train_00555,30,30,data/processed/bridgedata_v2/train_00555/traj_0003
bridgedata_v2__train_00555__traj_0006,bridgedata_v2/train_00555/traj_0006,bridgedata_v2,train,bridgedata_v2:train_00555,46,46,data/processed/bridgedata_v2/train_00555/traj_0006
bridgedata_v2__train_00555__traj_0020,bridgedata_v2/train_00555/traj_0020,bridgedata_v2,train,bridgedata_v2:train_00555,24,24,data/processed/bridgedata_v2/train_00555/traj_0020
bridgedata_v2__train_00556__traj_0021,bridgedata_v2/train_00556/traj_0021,bridgedata_v2,train,bridgedata_v2:train_00556,24,24,data/processed/bridgedata_v2/train_00556/traj_0021
bridgedata_v2__train_00557__traj_0012,bridgedata_v2/train_00557/traj_0012,bridgedata_v2,train,bridgedata_v2:train_00557,24,24,data/processed/bridgedata_v2/train_00557/traj_0012
bridgedata_v2__train_00557__traj_0021,bridgedata_v2/train_00557/traj_0021,bridgedata_v2,train,bridgedata_v2:train_00557,40,40,data/processed/bridgedata_v2/train_00557/traj_0021
bridgedata_v2__train_00558__traj_0003,bridgedata_v2/train_00558/traj_0003,bridgedata_v2,train,bridgedata_v2:train_00558,20,20,data/processed/bridgedata_v2/train_00558/traj_0003
bridgedata_v2__train_00561__traj_0009,bridgedata_v2/train_00561/traj_0009,bridgedata_v2,train,bridgedata_v2:train_00561,41,41,data/processed/bridgedata_v2/train_00561/traj_0009
bridgedata_v2__train_00562__traj_0008,bridgedata_v2/train_00562/traj_0008,bridgedata_v2,train,bridgedata_v2:train_00562,24,24,data/processed/bridgedata_v2/train_00562/traj_0008
bridgedata_v2__train_00562__traj_0029,bridgedata_v2/train_00562/traj_0029,bridgedata_v2,train,bridgedata_v2:train_00562,39,39,data/processed/bridgedata_v2/train_00562/traj_0029
bridgedata_v2__train_00564__traj_0011,bridgedata_v2/train_00564/traj_0011,bridgedata_v2,train,bridgedata_v2:train_00564,34,34,data/processed/bridgedata_v2/train_00564/traj_0011
bridgedata_v2__train_00564__traj_0023,bridgedata_v2/train_00564/traj_0023,bridgedata_v2,train,bridgedata_v2:train_00564,41,41,data/processed/bridgedata_v2/train_00564/traj_0023
bridgedata_v2__train_00569__traj_0004,bridgedata_v2/train_00569/traj_0004,bridgedata_v2,train,bridgedata_v2:train_00569,24,24,data/processed/bridgedata_v2/train_00569/traj_0004
bridgedata_v2__train_00569__traj_0014,bridgedata_v2/train_00569/traj_0014,bridgedata_v2,train,bridgedata_v2:train_00569,17,17,data/processed/bridgedata_v2/train_00569/traj_0014
bridgedata_v2__train_00570__traj_0011,bridgedata_v2/train_00570/traj_0011,bridgedata_v2,train,bridgedata_v2:train_00570,24,24,data/processed/bridgedata_v2/train_00570/traj_0011
bridgedata_v2__train_00570__traj_0026,bridgedata_v2/train_00570/traj_0026,bridgedata_v2,train,bridgedata_v2:train_00570,39,39,data/processed/bridgedata_v2/train_00570/traj_0026
bridgedata_v2__train_00572__traj_0016,bridgedata_v2/train_00572/traj_0016,bridgedata_v2,train,bridgedata_v2:train_00572,23,23,data/processed/bridgedata_v2/train_00572/traj_0016
bridgedata_v2__train_00572__traj_0020,bridgedata_v2/train_00572/traj_0020,bridgedata_v2,train,bridgedata_v2:train_00572,39,39,data/processed/bridgedata_v2/train_00572/traj_0020
bridgedata_v2__train_00573__traj_0001,bridgedata_v2/train_00573/traj_0001,bridgedata_v2,train,bridgedata_v2:train_00573,24,24,data/processed/bridgedata_v2/train_00573/traj_0001
bridgedata_v2__train_00573__traj_0006,bridgedata_v2/train_00573/traj_0006,bridgedata_v2,train,bridgedata_v2:train_00573,39,39,data/processed/bridgedata_v2/train_00573/traj_0006
bridgedata_v2__train_00573__traj_0020,bridgedata_v2/train_00573/traj_0020,bridgedata_v2,train,bridgedata_v2:train_00573,20,20,data/processed/bridgedata_v2/train_00573/traj_0020
bridgedata_v2__train_00575__traj_0013,bridgedata_v2/train_00575/traj_0013,bridgedata_v2,train,bridgedata_v2:train_00575,41,41,data/processed/bridgedata_v2/train_00575/traj_0013
bridgedata_v2__train_00575__traj_0014,bridgedata_v2/train_00575/traj_0014,bridgedata_v2,train,bridgedata_v2:train_00575,34,34,data/processed/bridgedata_v2/train_00575/traj_0014
bridgedata_v2__train_00577__traj_0006,bridgedata_v2/train_00577/traj_0006,bridgedata_v2,train,bridgedata_v2:train_00577,39,39,data/processed/bridgedata_v2/train_00577/traj_0006
bridgedata_v2__train_00579__traj_0004,bridgedata_v2/train_00579/traj_0004,bridgedata_v2,train,bridgedata_v2:train_00579,12,12,data/processed/bridgedata_v2/train_00579/traj_0004
bridgedata_v2__train_00579__traj_0011,bridgedata_v2/train_00579/traj_0011,bridgedata_v2,train,bridgedata_v2:train_00579,39,39,data/processed/bridgedata_v2/train_00579/traj_0011
bridgedata_v2__train_00581__traj_0002,bridgedata_v2/train_00581/traj_0002,bridgedata_v2,train,bridgedata_v2:train_00581,44,44,data/processed/bridgedata_v2/train_00581/traj_0002
bridgedata_v2__train_00587__traj_0011,bridgedata_v2/train_00587/traj_0011,bridgedata_v2,train,bridgedata_v2:train_00587,24,24,data/processed/bridgedata_v2/train_00587/traj_0011
bridgedata_v2__train_00589__traj_0006,bridgedata_v2/train_00589/traj_0006,bridgedata_v2,train,bridgedata_v2:train_00589,39,39,data/processed/bridgedata_v2/train_00589/traj_0006
bridgedata_v2__train_00592__traj_0001,bridgedata_v2/train_00592/traj_0001,bridgedata_v2,train,bridgedata_v2:train_00592,25,25,data/processed/bridgedata_v2/train_00592/traj_0001
bridgedata_v2__train_00592__traj_0014,bridgedata_v2/train_00592/traj_0014,bridgedata_v2,train,bridgedata_v2:train_00592,37,37,data/processed/bridgedata_v2/train_00592/traj_0014
bridgedata_v2__train_00593__traj_0013,bridgedata_v2/train_00593/traj_0013,bridgedata_v2,train,bridgedata_v2:train_00593,34,34,data/processed/bridgedata_v2/train_00593/traj_0013
bridgedata_v2__train_00594__traj_0009,bridgedata_v2/train_00594/traj_0009,bridgedata_v2,train,bridgedata_v2:train_00594,32,32,data/processed/bridgedata_v2/train_00594/traj_0009
bridgedata_v2__train_00596__traj_0000,bridgedata_v2/train_00596/traj_0000,bridgedata_v2,train,bridgedata_v2:train_00596,29,29,data/processed/bridgedata_v2/train_00596/traj_0000
bridgedata_v2__train_00597__traj_0006,bridgedata_v2/train_00597/traj_0006,bridgedata_v2,train,bridgedata_v2:train_00597,49,49,data/processed/bridgedata_v2/train_00597/traj_0006
bridgedata_v2__train_00598__traj_0009,bridgedata_v2/train_00598/traj_0009,bridgedata_v2,train,bridgedata_v2:train_00598,36,36,data/processed/bridgedata_v2/train_00598/traj_0009
bridgedata_v2__train_00600__traj_0030,bridgedata_v2/train_00600/traj_0030,bridgedata_v2,train,bridgedata_v2:train_00600,49,49,data/processed/bridgedata_v2/train_00600/traj_0030
bridgedata_v2__train_00601__traj_0003,bridgedata_v2/train_00601/traj_0003,bridgedata_v2,train,bridgedata_v2:train_00601,49,49,data/processed/bridgedata_v2/train_00601/traj_0003
bridgedata_v2__train_00602__traj_0011,bridgedata_v2/train_00602/traj_0011,bridgedata_v2,train,bridgedata_v2:train_00602,32,32,data/processed/bridgedata_v2/train_00602/traj_0011
bridgedata_v2__train_00603__traj_0000,bridgedata_v2/train_00603/traj_0000,bridgedata_v2,train,bridgedata_v2:train_00603,28,28,data/processed/bridgedata_v2/train_00603/traj_0000
bridgedata_v2__train_00605__traj_0017,bridgedata_v2/train_00605/traj_0017,bridgedata_v2,train,bridgedata_v2:train_00605,35,35,data/processed/bridgedata_v2/train_00605/traj_0017
bridgedata_v2__train_00606__traj_0016,bridgedata_v2/train_00606/traj_0016,bridgedata_v2,train,bridgedata_v2:train_00606,49,49,data/processed/bridgedata_v2/train_00606/traj_0016
bridgedata_v2__train_00607__traj_0004,bridgedata_v2/train_00607/traj_0004,bridgedata_v2,train,bridgedata_v2:train_00607,24,24,data/processed/bridgedata_v2/train_00607/traj_0004
bridgedata_v2__train_00608__traj_0003,bridgedata_v2/train_00608/traj_0003,bridgedata_v2,train,bridgedata_v2:train_00608,27,27,data/processed/bridgedata_v2/train_00608/traj_0003
bridgedata_v2__train_00609__traj_0013,bridgedata_v2/train_00609/traj_0013,bridgedata_v2,train,bridgedata_v2:train_00609,39,39,data/processed/bridgedata_v2/train_00609/traj_0013
bridgedata_v2__train_00610__traj_0019,bridgedata_v2/train_00610/traj_0019,bridgedata_v2,train,bridgedata_v2:train_00610,39,39,data/processed/bridgedata_v2/train_00610/traj_0019
bridgedata_v2__train_00611__traj_0017,bridgedata_v2/train_00611/traj_0017,bridgedata_v2,train,bridgedata_v2:train_00611,20,20,data/processed/bridgedata_v2/train_00611/traj_0017
bridgedata_v2__train_00612__traj_0009,bridgedata_v2/train_00612/traj_0009,bridgedata_v2,train,bridgedata_v2:train_00612,36,36,data/processed/bridgedata_v2/train_00612/traj_0009
bridgedata_v2__train_00612__traj_0020,bridgedata_v2/train_00612/traj_0020,bridgedata_v2,train,bridgedata_v2:train_00612,19,19,data/processed/bridgedata_v2/train_00612/traj_0020
bridgedata_v2__train_00613__traj_0007,bridgedata_v2/train_00613/traj_0007,bridgedata_v2,train,bridgedata_v2:train_00613,32,32,data/processed/bridgedata_v2/train_00613/traj_0007
bridgedata_v2__train_00613__traj_0017,bridgedata_v2/train_00613/traj_0017,bridgedata_v2,train,bridgedata_v2:train_00613,35,35,data/processed/bridgedata_v2/train_00613/traj_0017
bridgedata_v2__train_00614__traj_0003,bridgedata_v2/train_00614/traj_0003,bridgedata_v2,train,bridgedata_v2:train_00614,20,20,data/processed/bridgedata_v2/train_00614/traj_0003
bridgedata_v2__train_00615__traj_0001,bridgedata_v2/train_00615/traj_0001,bridgedata_v2,train,bridgedata_v2:train_00615,30,30,data/processed/bridgedata_v2/train_00615/traj_0001
bridgedata_v2__train_00615__traj_0002,bridgedata_v2/train_00615/traj_0002,bridgedata_v2,train,bridgedata_v2:train_00615,21,21,data/processed/bridgedata_v2/train_00615/traj_0002
bridgedata_v2__train_00615__traj_0018,bridgedata_v2/train_00615/traj_0018,bridgedata_v2,train,bridgedata_v2:train_00615,41,41,data/processed/bridgedata_v2/train_00615/traj_0018
bridgedata_v2__train_00616__traj_0009,bridgedata_v2/train_00616/traj_0009,bridgedata_v2,train,bridgedata_v2:train_00616,19,19,data/processed/bridgedata_v2/train_00616/traj_0009
bridgedata_v2__train_00618__traj_0001,bridgedata_v2/train_00618/traj_0001,bridgedata_v2,train,bridgedata_v2:train_00618,46,46,data/processed/bridgedata_v2/train_00618/traj_0001
bridgedata_v2__train_00620__traj_0004,bridgedata_v2/train_00620/traj_0004,bridgedata_v2,train,bridgedata_v2:train_00620,49,49,data/processed/bridgedata_v2/train_00620/traj_0004
bridgedata_v2__train_00621__traj_0014,bridgedata_v2/train_00621/traj_0014,bridgedata_v2,train,bridgedata_v2:train_00621,48,48,data/processed/bridgedata_v2/train_00621/traj_0014
bridgedata_v2__train_00623__traj_0019,bridgedata_v2/train_00623/traj_0019,bridgedata_v2,train,bridgedata_v2:train_00623,49,49,data/processed/bridgedata_v2/train_00623/traj_0019
bridgedata_v2__train_00624__traj_0005,bridgedata_v2/train_00624/traj_0005,bridgedata_v2,train,bridgedata_v2:train_00624,36,36,data/processed/bridgedata_v2/train_00624/traj_0005
bridgedata_v2__train_00625__traj_0000,bridgedata_v2/train_00625/traj_0000,bridgedata_v2,train,bridgedata_v2:train_00625,28,28,data/processed/bridgedata_v2/train_00625/traj_0000
bridgedata_v2__train_00625__traj_0007,bridgedata_v2/train_00625/traj_0007,bridgedata_v2,train,bridgedata_v2:train_00625,33,33,data/processed/bridgedata_v2/train_00625/traj_0007
bridgedata_v2__train_00625__traj_0013,bridgedata_v2/train_00625/traj_0013,bridgedata_v2,train,bridgedata_v2:train_00625,21,21,data/processed/bridgedata_v2/train_00625/traj_0013
bridgedata_v2__train_00625__traj_0015,bridgedata_v2/train_00625/traj_0015,bridgedata_v2,train,bridgedata_v2:train_00625,15,15,data/processed/bridgedata_v2/train_00625/traj_0015
bridgedata_v2__train_00626__traj_0000,bridgedata_v2/train_00626/traj_0000,bridgedata_v2,train,bridgedata_v2:train_00626,33,33,data/processed/bridgedata_v2/train_00626/traj_0000
bridgedata_v2__train_00629__traj_0011,bridgedata_v2/train_00629/traj_0011,bridgedata_v2,train,bridgedata_v2:train_00629,39,39,data/processed/bridgedata_v2/train_00629/traj_0011
bridgedata_v2__train_00631__traj_0003,bridgedata_v2/train_00631/traj_0003,bridgedata_v2,train,bridgedata_v2:train_00631,18,18,data/processed/bridgedata_v2/train_00631/traj_0003
bridgedata_v2__train_00632__traj_0001,bridgedata_v2/train_00632/traj_0001,bridgedata_v2,train,bridgedata_v2:train_00632,32,32,data/processed/bridgedata_v2/train_00632/traj_0001
bridgedata_v2__train_00632__traj_0003,bridgedata_v2/train_00632/traj_0003,bridgedata_v2,train,bridgedata_v2:train_00632,21,21,data/processed/bridgedata_v2/train_00632/traj_0003
bridgedata_v2__train_00632__traj_0007,bridgedata_v2/train_00632/traj_0007,bridgedata_v2,train,bridgedata_v2:train_00632,24,24,data/processed/bridgedata_v2/train_00632/traj_0007
bridgedata_v2__train_00632__traj_0023,bridgedata_v2/train_00632/traj_0023,bridgedata_v2,train,bridgedata_v2:train_00632,35,35,data/processed/bridgedata_v2/train_00632/traj_0023
bridgedata_v2__train_00632__traj_0026,bridgedata_v2/train_00632/traj_0026,bridgedata_v2,train,bridgedata_v2:train_00632,31,31,data/processed/bridgedata_v2/train_00632/traj_0026
bridgedata_v2__train_00634__traj_0024,bridgedata_v2/train_00634/traj_0024,bridgedata_v2,train,bridgedata_v2:train_00634,49,49,data/processed/bridgedata_v2/train_00634/traj_0024
bridgedata_v2__train_00635__traj_0007,bridgedata_v2/train_00635/traj_0007,bridgedata_v2,train,bridgedata_v2:train_00635,39,39,data/processed/bridgedata_v2/train_00635/traj_0007
bridgedata_v2__train_00635__traj_0012,bridgedata_v2/train_00635/traj_0012,bridgedata_v2,train,bridgedata_v2:train_00635,40,40,data/processed/bridgedata_v2/train_00635/traj_0012
bridgedata_v2__train_00636__traj_0028,bridgedata_v2/train_00636/traj_0028,bridgedata_v2,train,bridgedata_v2:train_00636,24,24,data/processed/bridgedata_v2/train_00636/traj_0028
bridgedata_v2__train_00638__traj_0006,bridgedata_v2/train_00638/traj_0006,bridgedata_v2,train,bridgedata_v2:train_00638,39,39,data/processed/bridgedata_v2/train_00638/traj_0006
bridgedata_v2__train_00638__traj_0011,bridgedata_v2/train_00638/traj_0011,bridgedata_v2,train,bridgedata_v2:train_00638,45,45,data/processed/bridgedata_v2/train_00638/traj_0011
bridgedata_v2__train_00638__traj_0014,bridgedata_v2/train_00638/traj_0014,bridgedata_v2,train,bridgedata_v2:train_00638,17,17,data/processed/bridgedata_v2/train_00638/traj_0014
bridgedata_v2__train_00639__traj_0003,bridgedata_v2/train_00639/traj_0003,bridgedata_v2,train,bridgedata_v2:train_00639,38,38,data/processed/bridgedata_v2/train_00639/traj_0003
bridgedata_v2__train_00639__traj_0005,bridgedata_v2/train_00639/traj_0005,bridgedata_v2,train,bridgedata_v2:train_00639,17,17,data/processed/bridgedata_v2/train_00639/traj_0005
bridgedata_v2__train_00639__traj_0023,bridgedata_v2/train_00639/traj_0023,bridgedata_v2,train,bridgedata_v2:train_00639,34,34,data/processed/bridgedata_v2/train_00639/traj_0023
bridgedata_v2__train_00641__traj_0018,bridgedata_v2/train_00641/traj_0018,bridgedata_v2,train,bridgedata_v2:train_00641,19,19,data/processed/bridgedata_v2/train_00641/traj_0018
bridgedata_v2__train_00642__traj_0000,bridgedata_v2/train_00642/traj_0000,bridgedata_v2,train,bridgedata_v2:train_00642,30,30,data/processed/bridgedata_v2/train_00642/traj_0000
bridgedata_v2__train_00643__traj_0020,bridgedata_v2/train_00643/traj_0020,bridgedata_v2,train,bridgedata_v2:train_00643,24,24,data/processed/bridgedata_v2/train_00643/traj_0020
bridgedata_v2__train_00644__traj_0009,bridgedata_v2/train_00644/traj_0009,bridgedata_v2,train,bridgedata_v2:train_00644,33,33,data/processed/bridgedata_v2/train_00644/traj_0009
bridgedata_v2__train_00644__traj_0025,bridgedata_v2/train_00644/traj_0025,bridgedata_v2,train,bridgedata_v2:train_00644,24,24,data/processed/bridgedata_v2/train_00644/traj_0025
bridgedata_v2__train_00645__traj_0019,bridgedata_v2/train_00645/traj_0019,bridgedata_v2,train,bridgedata_v2:train_00645,40,40,data/processed/bridgedata_v2/train_00645/traj_0019
bridgedata_v2__train_00652__traj_0008,bridgedata_v2/train_00652/traj_0008,bridgedata_v2,train,bridgedata_v2:train_00652,44,44,data/processed/bridgedata_v2/train_00652/traj_0008
bridgedata_v2__train_00652__traj_0018,bridgedata_v2/train_00652/traj_0018,bridgedata_v2,train,bridgedata_v2:train_00652,29,29,data/processed/bridgedata_v2/train_00652/traj_0018
bridgedata_v2__train_00653__traj_0028,bridgedata_v2/train_00653/traj_0028,bridgedata_v2,train,bridgedata_v2:train_00653,44,44,data/processed/bridgedata_v2/train_00653/traj_0028
bridgedata_v2__train_00654__traj_0007,bridgedata_v2/train_00654/traj_0007,bridgedata_v2,train,bridgedata_v2:train_00654,39,39,data/processed/bridgedata_v2/train_00654/traj_0007
bridgedata_v2__train_00658__traj_0005,bridgedata_v2/train_00658/traj_0005,bridgedata_v2,train,bridgedata_v2:train_00658,34,34,data/processed/bridgedata_v2/train_00658/traj_0005
bridgedata_v2__train_00658__traj_0012,bridgedata_v2/train_00658/traj_0012,bridgedata_v2,train,bridgedata_v2:train_00658,45,45,data/processed/bridgedata_v2/train_00658/traj_0012
bridgedata_v2__train_00658__traj_0014,bridgedata_v2/train_00658/traj_0014,bridgedata_v2,train,bridgedata_v2:train_00658,79,64,data/processed/bridgedata_v2/train_00658/traj_0014
bridgedata_v2__train_00659__traj_0009,bridgedata_v2/train_00659/traj_0009,bridgedata_v2,train,bridgedata_v2:train_00659,27,27,data/processed/bridgedata_v2/train_00659/traj_0009
bridgedata_v2__train_00661__traj_0018,bridgedata_v2/train_00661/traj_0018,bridgedata_v2,train,bridgedata_v2:train_00661,48,48,data/processed/bridgedata_v2/train_00661/traj_0018
bridgedata_v2__train_00662__traj_0015,bridgedata_v2/train_00662/traj_0015,bridgedata_v2,train,bridgedata_v2:train_00662,20,20,data/processed/bridgedata_v2/train_00662/traj_0015
bridgedata_v2__train_00663__traj_0003,bridgedata_v2/train_00663/traj_0003,bridgedata_v2,train,bridgedata_v2:train_00663,24,24,data/processed/bridgedata_v2/train_00663/traj_0003
bridgedata_v2__train_00663__traj_0009,bridgedata_v2/train_00663/traj_0009,bridgedata_v2,train,bridgedata_v2:train_00663,28,28,data/processed/bridgedata_v2/train_00663/traj_0009
bridgedata_v2__train_00664__traj_0004,bridgedata_v2/train_00664/traj_0004,bridgedata_v2,train,bridgedata_v2:train_00664,29,29,data/processed/bridgedata_v2/train_00664/traj_0004
bridgedata_v2__train_00665__traj_0012,bridgedata_v2/train_00665/traj_0012,bridgedata_v2,train,bridgedata_v2:train_00665,35,35,data/processed/bridgedata_v2/train_00665/traj_0012
bridgedata_v2__train_00666__traj_0020,bridgedata_v2/train_00666/traj_0020,bridgedata_v2,train,bridgedata_v2:train_00666,21,21,data/processed/bridgedata_v2/train_00666/traj_0020
bridgedata_v2__train_00667__traj_0024,bridgedata_v2/train_00667/traj_0024,bridgedata_v2,train,bridgedata_v2:train_00667,39,39,data/processed/bridgedata_v2/train_00667/traj_0024
bridgedata_v2__train_00667__traj_0025,bridgedata_v2/train_00667/traj_0025,bridgedata_v2,train,bridgedata_v2:train_00667,17,17,data/processed/bridgedata_v2/train_00667/traj_0025
bridgedata_v2__train_00668__traj_0016,bridgedata_v2/train_00668/traj_0016,bridgedata_v2,train,bridgedata_v2:train_00668,31,31,data/processed/bridgedata_v2/train_00668/traj_0016
bridgedata_v2__train_00669__traj_0002,bridgedata_v2/train_00669/traj_0002,bridgedata_v2,train,bridgedata_v2:train_00669,29,29,data/processed/bridgedata_v2/train_00669/traj_0002
bridgedata_v2__train_00669__traj_0004,bridgedata_v2/train_00669/traj_0004,bridgedata_v2,train,bridgedata_v2:train_00669,18,18,data/processed/bridgedata_v2/train_00669/traj_0004
bridgedata_v2__train_00669__traj_0014,bridgedata_v2/train_00669/traj_0014,bridgedata_v2,train,bridgedata_v2:train_00669,22,22,data/processed/bridgedata_v2/train_00669/traj_0014
bridgedata_v2__train_00672__traj_0015,bridgedata_v2/train_00672/traj_0015,bridgedata_v2,train,bridgedata_v2:train_00672,49,49,data/processed/bridgedata_v2/train_00672/traj_0015
bridgedata_v2__train_00675__traj_0014,bridgedata_v2/train_00675/traj_0014,bridgedata_v2,train,bridgedata_v2:train_00675,44,44,data/processed/bridgedata_v2/train_00675/traj_0014
bridgedata_v2__train_00675__traj_0019,bridgedata_v2/train_00675/traj_0019,bridgedata_v2,train,bridgedata_v2:train_00675,30,30,data/processed/bridgedata_v2/train_00675/traj_0019
bridgedata_v2__train_00676__traj_0000,bridgedata_v2/train_00676/traj_0000,bridgedata_v2,train,bridgedata_v2:train_00676,39,39,data/processed/bridgedata_v2/train_00676/traj_0000
bridgedata_v2__train_00677__traj_0011,bridgedata_v2/train_00677/traj_0011,bridgedata_v2,train,bridgedata_v2:train_00677,28,28,data/processed/bridgedata_v2/train_00677/traj_0011
bridgedata_v2__train_00680__traj_0020,bridgedata_v2/train_00680/traj_0020,bridgedata_v2,train,bridgedata_v2:train_00680,39,39,data/processed/bridgedata_v2/train_00680/traj_0020
bridgedata_v2__train_00680__traj_0027,bridgedata_v2/train_00680/traj_0027,bridgedata_v2,train,bridgedata_v2:train_00680,31,31,data/processed/bridgedata_v2/train_00680/traj_0027
bridgedata_v2__train_00683__traj_0014,bridgedata_v2/train_00683/traj_0014,bridgedata_v2,train,bridgedata_v2:train_00683,33,33,data/processed/bridgedata_v2/train_00683/traj_0014
bridgedata_v2__train_00683__traj_0026,bridgedata_v2/train_00683/traj_0026,bridgedata_v2,train,bridgedata_v2:train_00683,46,46,data/processed/bridgedata_v2/train_00683/traj_0026
bridgedata_v2__train_00687__traj_0016,bridgedata_v2/train_00687/traj_0016,bridgedata_v2,train,bridgedata_v2:train_00687,32,32,data/processed/bridgedata_v2/train_00687/traj_0016
bridgedata_v2__train_00689__traj_0008,bridgedata_v2/train_00689/traj_0008,bridgedata_v2,train,bridgedata_v2:train_00689,42,42,data/processed/bridgedata_v2/train_00689/traj_0008
bridgedata_v2__train_00689__traj_0024,bridgedata_v2/train_00689/traj_0024,bridgedata_v2,train,bridgedata_v2:train_00689,49,49,data/processed/bridgedata_v2/train_00689/traj_0024
bridgedata_v2__train_00691__traj_0004,bridgedata_v2/train_00691/traj_0004,bridgedata_v2,train,bridgedata_v2:train_00691,24,24,data/processed/bridgedata_v2/train_00691/traj_0004
bridgedata_v2__train_00691__traj_0020,bridgedata_v2/train_00691/traj_0020,bridgedata_v2,train,bridgedata_v2:train_00691,39,39,data/processed/bridgedata_v2/train_00691/traj_0020
bridgedata_v2__train_00692__traj_0008,bridgedata_v2/train_00692/traj_0008,bridgedata_v2,train,bridgedata_v2:train_00692,24,24,data/processed/bridgedata_v2/train_00692/traj_0008
bridgedata_v2__train_00692__traj_0013,bridgedata_v2/train_00692/traj_0013,bridgedata_v2,train,bridgedata_v2:train_00692,49,49,data/processed/bridgedata_v2/train_00692/traj_0013
bridgedata_v2__train_00694__traj_0015,bridgedata_v2/train_00694/traj_0015,bridgedata_v2,train,bridgedata_v2:train_00694,49,49,data/processed/bridgedata_v2/train_00694/traj_0015
bridgedata_v2__train_00694__traj_0023,bridgedata_v2/train_00694/traj_0023,bridgedata_v2,train,bridgedata_v2:train_00694,35,35,data/processed/bridgedata_v2/train_00694/traj_0023
bridgedata_v2__train_00695__traj_0025,bridgedata_v2/train_00695/traj_0025,bridgedata_v2,train,bridgedata_v2:train_00695,40,40,data/processed/bridgedata_v2/train_00695/traj_0025
bridgedata_v2__train_00701__traj_0005,bridgedata_v2/train_00701/traj_0005,bridgedata_v2,train,bridgedata_v2:train_00701,27,27,data/processed/bridgedata_v2/train_00701/traj_0005
bridgedata_v2__train_00702__traj_0010,bridgedata_v2/train_00702/traj_0010,bridgedata_v2,train,bridgedata_v2:train_00702,37,37,data/processed/bridgedata_v2/train_00702/traj_0010
bridgedata_v2__train_00704__traj_0028,bridgedata_v2/train_00704/traj_0028,bridgedata_v2,train,bridgedata_v2:train_00704,35,35,data/processed/bridgedata_v2/train_00704/traj_0028
bridgedata_v2__train_00705__traj_0009,bridgedata_v2/train_00705/traj_0009,bridgedata_v2,train,bridgedata_v2:train_00705,22,22,data/processed/bridgedata_v2/train_00705/traj_0009
bridgedata_v2__train_00705__traj_0024,bridgedata_v2/train_00705/traj_0024,bridgedata_v2,train,bridgedata_v2:train_00705,39,39,data/processed/bridgedata_v2/train_00705/traj_0024
bridgedata_v2__train_00707__traj_0008,bridgedata_v2/train_00707/traj_0008,bridgedata_v2,train,bridgedata_v2:train_00707,30,30,data/processed/bridgedata_v2/train_00707/traj_0008
bridgedata_v2__train_00707__traj_0018,bridgedata_v2/train_00707/traj_0018,bridgedata_v2,train,bridgedata_v2:train_00707,49,49,data/processed/bridgedata_v2/train_00707/traj_0018
bridgedata_v2__train_00708__traj_0000,bridgedata_v2/train_00708/traj_0000,bridgedata_v2,train,bridgedata_v2:train_00708,24,24,data/processed/bridgedata_v2/train_00708/traj_0000
bridgedata_v2__train_00708__traj_0027,bridgedata_v2/train_00708/traj_0027,bridgedata_v2,train,bridgedata_v2:train_00708,45,45,data/processed/bridgedata_v2/train_00708/traj_0027
bridgedata_v2__train_00710__traj_0019,bridgedata_v2/train_00710/traj_0019,bridgedata_v2,train,bridgedata_v2:train_00710,25,25,data/processed/bridgedata_v2/train_00710/traj_0019
bridgedata_v2__train_00712__traj_0016,bridgedata_v2/train_00712/traj_0016,bridgedata_v2,train,bridgedata_v2:train_00712,25,25,data/processed/bridgedata_v2/train_00712/traj_0016
bridgedata_v2__train_00714__traj_0000,bridgedata_v2/train_00714/traj_0000,bridgedata_v2,train,bridgedata_v2:train_00714,67,64,data/processed/bridgedata_v2/train_00714/traj_0000
bridgedata_v2__train_00716__traj_0008,bridgedata_v2/train_00716/traj_0008,bridgedata_v2,train,bridgedata_v2:train_00716,39,39,data/processed/bridgedata_v2/train_00716/traj_0008
bridgedata_v2__train_00716__traj_0011,bridgedata_v2/train_00716/traj_0011,bridgedata_v2,train,bridgedata_v2:train_00716,36,36,data/processed/bridgedata_v2/train_00716/traj_0011
bridgedata_v2__train_00716__traj_0014,bridgedata_v2/train_00716/traj_0014,bridgedata_v2,train,bridgedata_v2:train_00716,35,35,data/processed/bridgedata_v2/train_00716/traj_0014
bridgedata_v2__train_00717__traj_0015,bridgedata_v2/train_00717/traj_0015,bridgedata_v2,train,bridgedata_v2:train_00717,19,19,data/processed/bridgedata_v2/train_00717/traj_0015
bridgedata_v2__train_00718__traj_0004,bridgedata_v2/train_00718/traj_0004,bridgedata_v2,train,bridgedata_v2:train_00718,35,35,data/processed/bridgedata_v2/train_00718/traj_0004
bridgedata_v2__train_00724__traj_0024,bridgedata_v2/train_00724/traj_0024,bridgedata_v2,train,bridgedata_v2:train_00724,41,41,data/processed/bridgedata_v2/train_00724/traj_0024
bridgedata_v2__train_00725__traj_0026,bridgedata_v2/train_00725/traj_0026,bridgedata_v2,train,bridgedata_v2:train_00725,29,29,data/processed/bridgedata_v2/train_00725/traj_0026
bridgedata_v2__train_00728__traj_0014,bridgedata_v2/train_00728/traj_0014,bridgedata_v2,train,bridgedata_v2:train_00728,49,49,data/processed/bridgedata_v2/train_00728/traj_0014
bridgedata_v2__train_00728__traj_0029,bridgedata_v2/train_00728/traj_0029,bridgedata_v2,train,bridgedata_v2:train_00728,49,49,data/processed/bridgedata_v2/train_00728/traj_0029
bridgedata_v2__train_00729__traj_0008,bridgedata_v2/train_00729/traj_0008,bridgedata_v2,train,bridgedata_v2:train_00729,37,37,data/processed/bridgedata_v2/train_00729/traj_0008
bridgedata_v2__train_00730__traj_0016,bridgedata_v2/train_00730/traj_0016,bridgedata_v2,train,bridgedata_v2:train_00730,24,24,data/processed/bridgedata_v2/train_00730/traj_0016
bridgedata_v2__train_00733__traj_0013,bridgedata_v2/train_00733/traj_0013,bridgedata_v2,train,bridgedata_v2:train_00733,36,36,data/processed/bridgedata_v2/train_00733/traj_0013
bridgedata_v2__train_00735__traj_0009,bridgedata_v2/train_00735/traj_0009,bridgedata_v2,train,bridgedata_v2:train_00735,36,36,data/processed/bridgedata_v2/train_00735/traj_0009
bridgedata_v2__train_00735__traj_0018,bridgedata_v2/train_00735/traj_0018,bridgedata_v2,train,bridgedata_v2:train_00735,29,29,data/processed/bridgedata_v2/train_00735/traj_0018
bridgedata_v2__train_00736__traj_0008,bridgedata_v2/train_00736/traj_0008,bridgedata_v2,train,bridgedata_v2:train_00736,38,38,data/processed/bridgedata_v2/train_00736/traj_0008
bridgedata_v2__train_00736__traj_0017,bridgedata_v2/train_00736/traj_0017,bridgedata_v2,train,bridgedata_v2:train_00736,28,28,data/processed/bridgedata_v2/train_00736/traj_0017
bridgedata_v2__train_00736__traj_0023,bridgedata_v2/train_00736/traj_0023,bridgedata_v2,train,bridgedata_v2:train_00736,36,36,data/processed/bridgedata_v2/train_00736/traj_0023
bridgedata_v2__train_00738__traj_0019,bridgedata_v2/train_00738/traj_0019,bridgedata_v2,train,bridgedata_v2:train_00738,39,39,data/processed/bridgedata_v2/train_00738/traj_0019
bridgedata_v2__train_00739__traj_0020,bridgedata_v2/train_00739/traj_0020,bridgedata_v2,train,bridgedata_v2:train_00739,35,35,data/processed/bridgedata_v2/train_00739/traj_0020
bridgedata_v2__train_00739__traj_0024,bridgedata_v2/train_00739/traj_0024,bridgedata_v2,train,bridgedata_v2:train_00739,32,32,data/processed/bridgedata_v2/train_00739/traj_0024
bridgedata_v2__train_00742__traj_0007,bridgedata_v2/train_00742/traj_0007,bridgedata_v2,train,bridgedata_v2:train_00742,30,30,data/processed/bridgedata_v2/train_00742/traj_0007
bridgedata_v2__train_00743__traj_0022,bridgedata_v2/train_00743/traj_0022,bridgedata_v2,train,bridgedata_v2:train_00743,39,39,data/processed/bridgedata_v2/train_00743/traj_0022
bridgedata_v2__train_00743__traj_0027,bridgedata_v2/train_00743/traj_0027,bridgedata_v2,train,bridgedata_v2:train_00743,28,28,data/processed/bridgedata_v2/train_00743/traj_0027
bridgedata_v2__train_00744__traj_0001,bridgedata_v2/train_00744/traj_0001,bridgedata_v2,train,bridgedata_v2:train_00744,36,36,data/processed/bridgedata_v2/train_00744/traj_0001
bridgedata_v2__train_00744__traj_0009,bridgedata_v2/train_00744/traj_0009,bridgedata_v2,train,bridgedata_v2:train_00744,38,38,data/processed/bridgedata_v2/train_00744/traj_0009
bridgedata_v2__train_00744__traj_0024,bridgedata_v2/train_00744/traj_0024,bridgedata_v2,train,bridgedata_v2:train_00744,33,33,data/processed/bridgedata_v2/train_00744/traj_0024
bridgedata_v2__train_00745__traj_0005,bridgedata_v2/train_00745/traj_0005,bridgedata_v2,train,bridgedata_v2:train_00745,21,21,data/processed/bridgedata_v2/train_00745/traj_0005
bridgedata_v2__train_00745__traj_0006,bridgedata_v2/train_00745/traj_0006,bridgedata_v2,train,bridgedata_v2:train_00745,23,23,data/processed/bridgedata_v2/train_00745/traj_0006
bridgedata_v2__train_00745__traj_0010,bridgedata_v2/train_00745/traj_0010,bridgedata_v2,train,bridgedata_v2:train_00745,23,23,data/processed/bridgedata_v2/train_00745/traj_0010
bridgedata_v2__train_00745__traj_0012,bridgedata_v2/train_00745/traj_0012,bridgedata_v2,train,bridgedata_v2:train_00745,31,31,data/processed/bridgedata_v2/train_00745/traj_0012
bridgedata_v2__train_00746__traj_0031,bridgedata_v2/train_00746/traj_0031,bridgedata_v2,train,bridgedata_v2:train_00746,33,33,data/processed/bridgedata_v2/train_00746/traj_0031
bridgedata_v2__train_00748__traj_0001,bridgedata_v2/train_00748/traj_0001,bridgedata_v2,train,bridgedata_v2:train_00748,38,38,data/processed/bridgedata_v2/train_00748/traj_0001
bridgedata_v2__train_00748__traj_0004,bridgedata_v2/train_00748/traj_0004,bridgedata_v2,train,bridgedata_v2:train_00748,36,36,data/processed/bridgedata_v2/train_00748/traj_0004
bridgedata_v2__train_00749__traj_0018,bridgedata_v2/train_00749/traj_0018,bridgedata_v2,train,bridgedata_v2:train_00749,35,35,data/processed/bridgedata_v2/train_00749/traj_0018
bridgedata_v2__train_00749__traj_0023,bridgedata_v2/train_00749/traj_0023,bridgedata_v2,train,bridgedata_v2:train_00749,22,22,data/processed/bridgedata_v2/train_00749/traj_0023
bridgedata_v2__train_00753__traj_0011,bridgedata_v2/train_00753/traj_0011,bridgedata_v2,train,bridgedata_v2:train_00753,29,29,data/processed/bridgedata_v2/train_00753/traj_0011
bridgedata_v2__train_00754__traj_0012,bridgedata_v2/train_00754/traj_0012,bridgedata_v2,train,bridgedata_v2:train_00754,44,44,data/processed/bridgedata_v2/train_00754/traj_0012
bridgedata_v2__train_00755__traj_0001,bridgedata_v2/train_00755/traj_0001,bridgedata_v2,train,bridgedata_v2:train_00755,49,49,data/processed/bridgedata_v2/train_00755/traj_0001
bridgedata_v2__train_00755__traj_0003,bridgedata_v2/train_00755/traj_0003,bridgedata_v2,train,bridgedata_v2:train_00755,20,20,data/processed/bridgedata_v2/train_00755/traj_0003
bridgedata_v2__train_00756__traj_0005,bridgedata_v2/train_00756/traj_0005,bridgedata_v2,train,bridgedata_v2:train_00756,49,49,data/processed/bridgedata_v2/train_00756/traj_0005
bridgedata_v2__train_00758__traj_0000,bridgedata_v2/train_00758/traj_0000,bridgedata_v2,train,bridgedata_v2:train_00758,21,21,data/processed/bridgedata_v2/train_00758/traj_0000
bridgedata_v2__train_00761__traj_0021,bridgedata_v2/train_00761/traj_0021,bridgedata_v2,train,bridgedata_v2:train_00761,47,47,data/processed/bridgedata_v2/train_00761/traj_0021
bridgedata_v2__train_00762__traj_0008,bridgedata_v2/train_00762/traj_0008,bridgedata_v2,train,bridgedata_v2:train_00762,49,49,data/processed/bridgedata_v2/train_00762/traj_0008
bridgedata_v2__train_00762__traj_0024,bridgedata_v2/train_00762/traj_0024,bridgedata_v2,train,bridgedata_v2:train_00762,29,29,data/processed/bridgedata_v2/train_00762/traj_0024
bridgedata_v2__train_00763__traj_0002,bridgedata_v2/train_00763/traj_0002,bridgedata_v2,train,bridgedata_v2:train_00763,47,47,data/processed/bridgedata_v2/train_00763/traj_0002
bridgedata_v2__train_00764__traj_0001,bridgedata_v2/train_00764/traj_0001,bridgedata_v2,train,bridgedata_v2:train_00764,46,46,data/processed/bridgedata_v2/train_00764/traj_0001
bridgedata_v2__train_00764__traj_0020,bridgedata_v2/train_00764/traj_0020,bridgedata_v2,train,bridgedata_v2:train_00764,23,23,data/processed/bridgedata_v2/train_00764/traj_0020
bridgedata_v2__train_00767__traj_0021,bridgedata_v2/train_00767/traj_0021,bridgedata_v2,train,bridgedata_v2:train_00767,25,25,data/processed/bridgedata_v2/train_00767/traj_0021
bridgedata_v2__train_00768__traj_0012,bridgedata_v2/train_00768/traj_0012,bridgedata_v2,train,bridgedata_v2:train_00768,24,24,data/processed/bridgedata_v2/train_00768/traj_0012
bridgedata_v2__train_00768__traj_0023,bridgedata_v2/train_00768/traj_0023,bridgedata_v2,train,bridgedata_v2:train_00768,40,40,data/processed/bridgedata_v2/train_00768/traj_0023
bridgedata_v2__train_00769__traj_0011,bridgedata_v2/train_00769/traj_0011,bridgedata_v2,train,bridgedata_v2:train_00769,49,49,data/processed/bridgedata_v2/train_00769/traj_0011
bridgedata_v2__train_00769__traj_0013,bridgedata_v2/train_00769/traj_0013,bridgedata_v2,train,bridgedata_v2:train_00769,49,49,data/processed/bridgedata_v2/train_00769/traj_0013
bridgedata_v2__train_00771__traj_0001,bridgedata_v2/train_00771/traj_0001,bridgedata_v2,train,bridgedata_v2:train_00771,24,24,data/processed/bridgedata_v2/train_00771/traj_0001
bridgedata_v2__train_00774__traj_0015,bridgedata_v2/train_00774/traj_0015,bridgedata_v2,train,bridgedata_v2:train_00774,31,31,data/processed/bridgedata_v2/train_00774/traj_0015
bridgedata_v2__train_00775__traj_0011,bridgedata_v2/train_00775/traj_0011,bridgedata_v2,train,bridgedata_v2:train_00775,40,40,data/processed/bridgedata_v2/train_00775/traj_0011
bridgedata_v2__train_00775__traj_0013,bridgedata_v2/train_00775/traj_0013,bridgedata_v2,train,bridgedata_v2:train_00775,36,36,data/processed/bridgedata_v2/train_00775/traj_0013
bridgedata_v2__train_00777__traj_0019,bridgedata_v2/train_00777/traj_0019,bridgedata_v2,train,bridgedata_v2:train_00777,39,39,data/processed/bridgedata_v2/train_00777/traj_0019
bridgedata_v2__train_00778__traj_0000,bridgedata_v2/train_00778/traj_0000,bridgedata_v2,train,bridgedata_v2:train_00778,46,46,data/processed/bridgedata_v2/train_00778/traj_0000
bridgedata_v2__train_00781__traj_0002,bridgedata_v2/train_00781/traj_0002,bridgedata_v2,train,bridgedata_v2:train_00781,33,33,data/processed/bridgedata_v2/train_00781/traj_0002
bridgedata_v2__train_00781__traj_0004,bridgedata_v2/train_00781/traj_0004,bridgedata_v2,train,bridgedata_v2:train_00781,39,39,data/processed/bridgedata_v2/train_00781/traj_0004
bridgedata_v2__train_00782__traj_0013,bridgedata_v2/train_00782/traj_0013,bridgedata_v2,train,bridgedata_v2:train_00782,24,24,data/processed/bridgedata_v2/train_00782/traj_0013
bridgedata_v2__train_00782__traj_0021,bridgedata_v2/train_00782/traj_0021,bridgedata_v2,train,bridgedata_v2:train_00782,33,33,data/processed/bridgedata_v2/train_00782/traj_0021
bridgedata_v2__train_00783__traj_0015,bridgedata_v2/train_00783/traj_0015,bridgedata_v2,train,bridgedata_v2:train_00783,21,21,data/processed/bridgedata_v2/train_00783/traj_0015
bridgedata_v2__train_00783__traj_0017,bridgedata_v2/train_00783/traj_0017,bridgedata_v2,train,bridgedata_v2:train_00783,24,24,data/processed/bridgedata_v2/train_00783/traj_0017
bridgedata_v2__train_00783__traj_0021,bridgedata_v2/train_00783/traj_0021,bridgedata_v2,train,bridgedata_v2:train_00783,26,26,data/processed/bridgedata_v2/train_00783/traj_0021
bridgedata_v2__train_00784__traj_0005,bridgedata_v2/train_00784/traj_0005,bridgedata_v2,train,bridgedata_v2:train_00784,21,21,data/processed/bridgedata_v2/train_00784/traj_0005
bridgedata_v2__train_00786__traj_0013,bridgedata_v2/train_00786/traj_0013,bridgedata_v2,train,bridgedata_v2:train_00786,49,49,data/processed/bridgedata_v2/train_00786/traj_0013
bridgedata_v2__train_00787__traj_0001,bridgedata_v2/train_00787/traj_0001,bridgedata_v2,train,bridgedata_v2:train_00787,21,21,data/processed/bridgedata_v2/train_00787/traj_0001
bridgedata_v2__train_00788__traj_0007,bridgedata_v2/train_00788/traj_0007,bridgedata_v2,train,bridgedata_v2:train_00788,33,33,data/processed/bridgedata_v2/train_00788/traj_0007
bridgedata_v2__train_00789__traj_0010,bridgedata_v2/train_00789/traj_0010,bridgedata_v2,train,bridgedata_v2:train_00789,23,23,data/processed/bridgedata_v2/train_00789/traj_0010
bridgedata_v2__train_00792__traj_0011,bridgedata_v2/train_00792/traj_0011,bridgedata_v2,train,bridgedata_v2:train_00792,45,45,data/processed/bridgedata_v2/train_00792/traj_0011
bridgedata_v2__train_00794__traj_0013,bridgedata_v2/train_00794/traj_0013,bridgedata_v2,train,bridgedata_v2:train_00794,36,36,data/processed/bridgedata_v2/train_00794/traj_0013
bridgedata_v2__train_00794__traj_0026,bridgedata_v2/train_00794/traj_0026,bridgedata_v2,train,bridgedata_v2:train_00794,32,32,data/processed/bridgedata_v2/train_00794/traj_0026
bridgedata_v2__train_00795__traj_0007,bridgedata_v2/train_00795/traj_0007,bridgedata_v2,train,bridgedata_v2:train_00795,12,12,data/processed/bridgedata_v2/train_00795/traj_0007
bridgedata_v2__train_00795__traj_0013,bridgedata_v2/train_00795/traj_0013,bridgedata_v2,train,bridgedata_v2:train_00795,21,21,data/processed/bridgedata_v2/train_00795/traj_0013
bridgedata_v2__train_00796__traj_0006,bridgedata_v2/train_00796/traj_0006,bridgedata_v2,train,bridgedata_v2:train_00796,41,41,data/processed/bridgedata_v2/train_00796/traj_0006
bridgedata_v2__train_00799__traj_0002,bridgedata_v2/train_00799/traj_0002,bridgedata_v2,train,bridgedata_v2:train_00799,37,37,data/processed/bridgedata_v2/train_00799/traj_0002
bridgedata_v2__train_00799__traj_0008,bridgedata_v2/train_00799/traj_0008,bridgedata_v2,train,bridgedata_v2:train_00799,34,34,data/processed/bridgedata_v2/train_00799/traj_0008
bridgedata_v2__train_00800__traj_0008,bridgedata_v2/train_00800/traj_0008,bridgedata_v2,train,bridgedata_v2:train_00800,49,49,data/processed/bridgedata_v2/train_00800/traj_0008
bridgedata_v2__train_00801__traj_0000,bridgedata_v2/train_00801/traj_0000,bridgedata_v2,train,bridgedata_v2:train_00801,39,39,data/processed/bridgedata_v2/train_00801/traj_0000
bridgedata_v2__train_00801__traj_0026,bridgedata_v2/train_00801/traj_0026,bridgedata_v2,train,bridgedata_v2:train_00801,49,49,data/processed/bridgedata_v2/train_00801/traj_0026
bridgedata_v2__train_00802__traj_0003,bridgedata_v2/train_00802/traj_0003,bridgedata_v2,train,bridgedata_v2:train_00802,37,37,data/processed/bridgedata_v2/train_00802/traj_0003
bridgedata_v2__train_00803__traj_0009,bridgedata_v2/train_00803/traj_0009,bridgedata_v2,train,bridgedata_v2:train_00803,42,42,data/processed/bridgedata_v2/train_00803/traj_0009
bridgedata_v2__train_00804__traj_0023,bridgedata_v2/train_00804/traj_0023,bridgedata_v2,train,bridgedata_v2:train_00804,24,24,data/processed/bridgedata_v2/train_00804/traj_0023
bridgedata_v2__train_00805__traj_0019,bridgedata_v2/train_00805/traj_0019,bridgedata_v2,train,bridgedata_v2:train_00805,24,24,data/processed/bridgedata_v2/train_00805/traj_0019
bridgedata_v2__train_00807__traj_0020,bridgedata_v2/train_00807/traj_0020,bridgedata_v2,train,bridgedata_v2:train_00807,48,48,data/processed/bridgedata_v2/train_00807/traj_0020
bridgedata_v2__train_00810__traj_0009,bridgedata_v2/train_00810/traj_0009,bridgedata_v2,train,bridgedata_v2:train_00810,33,33,data/processed/bridgedata_v2/train_00810/traj_0009
bridgedata_v2__train_00810__traj_0014,bridgedata_v2/train_00810/traj_0014,bridgedata_v2,train,bridgedata_v2:train_00810,45,45,data/processed/bridgedata_v2/train_00810/traj_0014
bridgedata_v2__train_00812__traj_0007,bridgedata_v2/train_00812/traj_0007,bridgedata_v2,train,bridgedata_v2:train_00812,33,33,data/processed/bridgedata_v2/train_00812/traj_0007
bridgedata_v2__train_00814__traj_0002,bridgedata_v2/train_00814/traj_0002,bridgedata_v2,train,bridgedata_v2:train_00814,32,32,data/processed/bridgedata_v2/train_00814/traj_0002
bridgedata_v2__train_00814__traj_0021,bridgedata_v2/train_00814/traj_0021,bridgedata_v2,train,bridgedata_v2:train_00814,24,24,data/processed/bridgedata_v2/train_00814/traj_0021
bridgedata_v2__train_00816__traj_0002,bridgedata_v2/train_00816/traj_0002,bridgedata_v2,train,bridgedata_v2:train_00816,19,19,data/processed/bridgedata_v2/train_00816/traj_0002
bridgedata_v2__train_00819__traj_0002,bridgedata_v2/train_00819/traj_0002,bridgedata_v2,train,bridgedata_v2:train_00819,35,35,data/processed/bridgedata_v2/train_00819/traj_0002
bridgedata_v2__train_00819__traj_0008,bridgedata_v2/train_00819/traj_0008,bridgedata_v2,train,bridgedata_v2:train_00819,39,39,data/processed/bridgedata_v2/train_00819/traj_0008
bridgedata_v2__train_00820__traj_0011,bridgedata_v2/train_00820/traj_0011,bridgedata_v2,train,bridgedata_v2:train_00820,19,19,data/processed/bridgedata_v2/train_00820/traj_0011
bridgedata_v2__train_00821__traj_0000,bridgedata_v2/train_00821/traj_0000,bridgedata_v2,train,bridgedata_v2:train_00821,35,35,data/processed/bridgedata_v2/train_00821/traj_0000
bridgedata_v2__train_00822__traj_0002,bridgedata_v2/train_00822/traj_0002,bridgedata_v2,train,bridgedata_v2:train_00822,24,24,data/processed/bridgedata_v2/train_00822/traj_0002
bridgedata_v2__train_00822__traj_0022,bridgedata_v2/train_00822/traj_0022,bridgedata_v2,train,bridgedata_v2:train_00822,49,49,data/processed/bridgedata_v2/train_00822/traj_0022
bridgedata_v2__train_00827__traj_0007,bridgedata_v2/train_00827/traj_0007,bridgedata_v2,train,bridgedata_v2:train_00827,20,20,data/processed/bridgedata_v2/train_00827/traj_0007
bridgedata_v2__train_00828__traj_0004,bridgedata_v2/train_00828/traj_0004,bridgedata_v2,train,bridgedata_v2:train_00828,22,22,data/processed/bridgedata_v2/train_00828/traj_0004
bridgedata_v2__train_00830__traj_0005,bridgedata_v2/train_00830/traj_0005,bridgedata_v2,train,bridgedata_v2:train_00830,33,33,data/processed/bridgedata_v2/train_00830/traj_0005
bridgedata_v2__train_00831__traj_0020,bridgedata_v2/train_00831/traj_0020,bridgedata_v2,train,bridgedata_v2:train_00831,39,39,data/processed/bridgedata_v2/train_00831/traj_0020
bridgedata_v2__train_00832__traj_0004,bridgedata_v2/train_00832/traj_0004,bridgedata_v2,train,bridgedata_v2:train_00832,20,20,data/processed/bridgedata_v2/train_00832/traj_0004
bridgedata_v2__train_00832__traj_0005,bridgedata_v2/train_00832/traj_0005,bridgedata_v2,train,bridgedata_v2:train_00832,49,49,data/processed/bridgedata_v2/train_00832/traj_0005
bridgedata_v2__train_00832__traj_0017,bridgedata_v2/train_00832/traj_0017,bridgedata_v2,train,bridgedata_v2:train_00832,42,42,data/processed/bridgedata_v2/train_00832/traj_0017
bridgedata_v2__train_00833__traj_0002,bridgedata_v2/train_00833/traj_0002,bridgedata_v2,train,bridgedata_v2:train_00833,24,24,data/processed/bridgedata_v2/train_00833/traj_0002
bridgedata_v2__train_00833__traj_0004,bridgedata_v2/train_00833/traj_0004,bridgedata_v2,train,bridgedata_v2:train_00833,46,46,data/processed/bridgedata_v2/train_00833/traj_0004
bridgedata_v2__train_00833__traj_0016,bridgedata_v2/train_00833/traj_0016,bridgedata_v2,train,bridgedata_v2:train_00833,24,24,data/processed/bridgedata_v2/train_00833/traj_0016
bridgedata_v2__train_00834__traj_0002,bridgedata_v2/train_00834/traj_0002,bridgedata_v2,train,bridgedata_v2:train_00834,33,33,data/processed/bridgedata_v2/train_00834/traj_0002
bridgedata_v2__train_00837__traj_0014,bridgedata_v2/train_00837/traj_0014,bridgedata_v2,train,bridgedata_v2:train_00837,38,38,data/processed/bridgedata_v2/train_00837/traj_0014
bridgedata_v2__train_00837__traj_0016,bridgedata_v2/train_00837/traj_0016,bridgedata_v2,train,bridgedata_v2:train_00837,40,40,data/processed/bridgedata_v2/train_00837/traj_0016
bridgedata_v2__train_00838__traj_0009,bridgedata_v2/train_00838/traj_0009,bridgedata_v2,train,bridgedata_v2:train_00838,49,49,data/processed/bridgedata_v2/train_00838/traj_0009
bridgedata_v2__train_00839__traj_0014,bridgedata_v2/train_00839/traj_0014,bridgedata_v2,train,bridgedata_v2:train_00839,33,33,data/processed/bridgedata_v2/train_00839/traj_0014
bridgedata_v2__train_00840__traj_0006,bridgedata_v2/train_00840/traj_0006,bridgedata_v2,train,bridgedata_v2:train_00840,40,40,data/processed/bridgedata_v2/train_00840/traj_0006
bridgedata_v2__train_00840__traj_0016,bridgedata_v2/train_00840/traj_0016,bridgedata_v2,train,bridgedata_v2:train_00840,20,20,data/processed/bridgedata_v2/train_00840/traj_0016
bridgedata_v2__train_00841__traj_0021,bridgedata_v2/train_00841/traj_0021,bridgedata_v2,train,bridgedata_v2:train_00841,44,44,data/processed/bridgedata_v2/train_00841/traj_0021
bridgedata_v2__train_00842__traj_0017,bridgedata_v2/train_00842/traj_0017,bridgedata_v2,train,bridgedata_v2:train_00842,44,44,data/processed/bridgedata_v2/train_00842/traj_0017
bridgedata_v2__train_00843__traj_0014,bridgedata_v2/train_00843/traj_0014,bridgedata_v2,train,bridgedata_v2:train_00843,49,49,data/processed/bridgedata_v2/train_00843/traj_0014
bridgedata_v2__train_00844__traj_0015,bridgedata_v2/train_00844/traj_0015,bridgedata_v2,train,bridgedata_v2:train_00844,45,45,data/processed/bridgedata_v2/train_00844/traj_0015
bridgedata_v2__train_00845__traj_0005,bridgedata_v2/train_00845/traj_0005,bridgedata_v2,train,bridgedata_v2:train_00845,29,29,data/processed/bridgedata_v2/train_00845/traj_0005
bridgedata_v2__train_00849__traj_0017,bridgedata_v2/train_00849/traj_0017,bridgedata_v2,train,bridgedata_v2:train_00849,34,34,data/processed/bridgedata_v2/train_00849/traj_0017
bridgedata_v2__train_00853__traj_0007,bridgedata_v2/train_00853/traj_0007,bridgedata_v2,train,bridgedata_v2:train_00853,21,21,data/processed/bridgedata_v2/train_00853/traj_0007
bridgedata_v2__train_00853__traj_0008,bridgedata_v2/train_00853/traj_0008,bridgedata_v2,train,bridgedata_v2:train_00853,36,36,data/processed/bridgedata_v2/train_00853/traj_0008
bridgedata_v2__train_00853__traj_0017,bridgedata_v2/train_00853/traj_0017,bridgedata_v2,train,bridgedata_v2:train_00853,71,64,data/processed/bridgedata_v2/train_00853/traj_0017
bridgedata_v2__train_00854__traj_0008,bridgedata_v2/train_00854/traj_0008,bridgedata_v2,train,bridgedata_v2:train_00854,46,46,data/processed/bridgedata_v2/train_00854/traj_0008
bridgedata_v2__train_00854__traj_0011,bridgedata_v2/train_00854/traj_0011,bridgedata_v2,train,bridgedata_v2:train_00854,35,35,data/processed/bridgedata_v2/train_00854/traj_0011
bridgedata_v2__train_00855__traj_0010,bridgedata_v2/train_00855/traj_0010,bridgedata_v2,train,bridgedata_v2:train_00855,49,49,data/processed/bridgedata_v2/train_00855/traj_0010
bridgedata_v2__train_00855__traj_0012,bridgedata_v2/train_00855/traj_0012,bridgedata_v2,train,bridgedata_v2:train_00855,29,29,data/processed/bridgedata_v2/train_00855/traj_0012
bridgedata_v2__train_00856__traj_0000,bridgedata_v2/train_00856/traj_0000,bridgedata_v2,train,bridgedata_v2:train_00856,31,31,data/processed/bridgedata_v2/train_00856/traj_0000
bridgedata_v2__train_00857__traj_0018,bridgedata_v2/train_00857/traj_0018,bridgedata_v2,train,bridgedata_v2:train_00857,39,39,data/processed/bridgedata_v2/train_00857/traj_0018
bridgedata_v2__train_00858__traj_0008,bridgedata_v2/train_00858/traj_0008,bridgedata_v2,train,bridgedata_v2:train_00858,24,24,data/processed/bridgedata_v2/train_00858/traj_0008
bridgedata_v2__train_00858__traj_0016,bridgedata_v2/train_00858/traj_0016,bridgedata_v2,train,bridgedata_v2:train_00858,39,39,data/processed/bridgedata_v2/train_00858/traj_0016
bridgedata_v2__train_00861__traj_0003,bridgedata_v2/train_00861/traj_0003,bridgedata_v2,train,bridgedata_v2:train_00861,34,34,data/processed/bridgedata_v2/train_00861/traj_0003
bridgedata_v2__train_00862__traj_0014,bridgedata_v2/train_00862/traj_0014,bridgedata_v2,train,bridgedata_v2:train_00862,39,39,data/processed/bridgedata_v2/train_00862/traj_0014
bridgedata_v2__train_00864__traj_0016,bridgedata_v2/train_00864/traj_0016,bridgedata_v2,train,bridgedata_v2:train_00864,29,29,data/processed/bridgedata_v2/train_00864/traj_0016
bridgedata_v2__train_00866__traj_0003,bridgedata_v2/train_00866/traj_0003,bridgedata_v2,train,bridgedata_v2:train_00866,27,27,data/processed/bridgedata_v2/train_00866/traj_0003
bridgedata_v2__train_00866__traj_0013,bridgedata_v2/train_00866/traj_0013,bridgedata_v2,train,bridgedata_v2:train_00866,42,42,data/processed/bridgedata_v2/train_00866/traj_0013
bridgedata_v2__train_00867__traj_0002,bridgedata_v2/train_00867/traj_0002,bridgedata_v2,train,bridgedata_v2:train_00867,39,39,data/processed/bridgedata_v2/train_00867/traj_0002
bridgedata_v2__train_00868__traj_0003,bridgedata_v2/train_00868/traj_0003,bridgedata_v2,train,bridgedata_v2:train_00868,26,26,data/processed/bridgedata_v2/train_00868/traj_0003
bridgedata_v2__train_00868__traj_0004,bridgedata_v2/train_00868/traj_0004,bridgedata_v2,train,bridgedata_v2:train_00868,25,25,data/processed/bridgedata_v2/train_00868/traj_0004
bridgedata_v2__train_00868__traj_0007,bridgedata_v2/train_00868/traj_0007,bridgedata_v2,train,bridgedata_v2:train_00868,26,26,data/processed/bridgedata_v2/train_00868/traj_0007
bridgedata_v2__train_00870__traj_0017,bridgedata_v2/train_00870/traj_0017,bridgedata_v2,train,bridgedata_v2:train_00870,49,49,data/processed/bridgedata_v2/train_00870/traj_0017
bridgedata_v2__train_00870__traj_0023,bridgedata_v2/train_00870/traj_0023,bridgedata_v2,train,bridgedata_v2:train_00870,79,64,data/processed/bridgedata_v2/train_00870/traj_0023
bridgedata_v2__train_00872__traj_0016,bridgedata_v2/train_00872/traj_0016,bridgedata_v2,train,bridgedata_v2:train_00872,39,39,data/processed/bridgedata_v2/train_00872/traj_0016
bridgedata_v2__train_00872__traj_0022,bridgedata_v2/train_00872/traj_0022,bridgedata_v2,train,bridgedata_v2:train_00872,24,24,data/processed/bridgedata_v2/train_00872/traj_0022
bridgedata_v2__train_00873__traj_0016,bridgedata_v2/train_00873/traj_0016,bridgedata_v2,train,bridgedata_v2:train_00873,39,39,data/processed/bridgedata_v2/train_00873/traj_0016
bridgedata_v2__train_00873__traj_0021,bridgedata_v2/train_00873/traj_0021,bridgedata_v2,train,bridgedata_v2:train_00873,33,33,data/processed/bridgedata_v2/train_00873/traj_0021
bridgedata_v2__train_00873__traj_0027,bridgedata_v2/train_00873/traj_0027,bridgedata_v2,train,bridgedata_v2:train_00873,29,29,data/processed/bridgedata_v2/train_00873/traj_0027
bridgedata_v2__train_00874__traj_0004,bridgedata_v2/train_00874/traj_0004,bridgedata_v2,train,bridgedata_v2:train_00874,33,33,data/processed/bridgedata_v2/train_00874/traj_0004
bridgedata_v2__train_00875__traj_0015,bridgedata_v2/train_00875/traj_0015,bridgedata_v2,train,bridgedata_v2:train_00875,35,35,data/processed/bridgedata_v2/train_00875/traj_0015
bridgedata_v2__train_00877__traj_0004,bridgedata_v2/train_00877/traj_0004,bridgedata_v2,train,bridgedata_v2:train_00877,43,43,data/processed/bridgedata_v2/train_00877/traj_0004
bridgedata_v2__train_00880__traj_0014,bridgedata_v2/train_00880/traj_0014,bridgedata_v2,train,bridgedata_v2:train_00880,43,43,data/processed/bridgedata_v2/train_00880/traj_0014
bridgedata_v2__train_00880__traj_0015,bridgedata_v2/train_00880/traj_0015,bridgedata_v2,train,bridgedata_v2:train_00880,36,36,data/processed/bridgedata_v2/train_00880/traj_0015
bridgedata_v2__train_00883__traj_0014,bridgedata_v2/train_00883/traj_0014,bridgedata_v2,train,bridgedata_v2:train_00883,79,64,data/processed/bridgedata_v2/train_00883/traj_0014
bridgedata_v2__train_00883__traj_0022,bridgedata_v2/train_00883/traj_0022,bridgedata_v2,train,bridgedata_v2:train_00883,24,24,data/processed/bridgedata_v2/train_00883/traj_0022
bridgedata_v2__train_00884__traj_0023,bridgedata_v2/train_00884/traj_0023,bridgedata_v2,train,bridgedata_v2:train_00884,28,28,data/processed/bridgedata_v2/train_00884/traj_0023
bridgedata_v2__train_00885__traj_0010,bridgedata_v2/train_00885/traj_0010,bridgedata_v2,train,bridgedata_v2:train_00885,36,36,data/processed/bridgedata_v2/train_00885/traj_0010
bridgedata_v2__train_00887__traj_0004,bridgedata_v2/train_00887/traj_0004,bridgedata_v2,train,bridgedata_v2:train_00887,38,38,data/processed/bridgedata_v2/train_00887/traj_0004
bridgedata_v2__train_00888__traj_0008,bridgedata_v2/train_00888/traj_0008,bridgedata_v2,train,bridgedata_v2:train_00888,49,49,data/processed/bridgedata_v2/train_00888/traj_0008
bridgedata_v2__train_00888__traj_0016,bridgedata_v2/train_00888/traj_0016,bridgedata_v2,train,bridgedata_v2:train_00888,38,38,data/processed/bridgedata_v2/train_00888/traj_0016
bridgedata_v2__train_00889__traj_0022,bridgedata_v2/train_00889/traj_0022,bridgedata_v2,train,bridgedata_v2:train_00889,49,49,data/processed/bridgedata_v2/train_00889/traj_0022
bridgedata_v2__train_00890__traj_0006,bridgedata_v2/train_00890/traj_0006,bridgedata_v2,train,bridgedata_v2:train_00890,44,44,data/processed/bridgedata_v2/train_00890/traj_0006
bridgedata_v2__train_00894__traj_0017,bridgedata_v2/train_00894/traj_0017,bridgedata_v2,train,bridgedata_v2:train_00894,39,39,data/processed/bridgedata_v2/train_00894/traj_0017
bridgedata_v2__train_00896__traj_0015,bridgedata_v2/train_00896/traj_0015,bridgedata_v2,train,bridgedata_v2:train_00896,23,23,data/processed/bridgedata_v2/train_00896/traj_0015
bridgedata_v2__train_00897__traj_0024,bridgedata_v2/train_00897/traj_0024,bridgedata_v2,train,bridgedata_v2:train_00897,45,45,data/processed/bridgedata_v2/train_00897/traj_0024
bridgedata_v2__train_00897__traj_0026,bridgedata_v2/train_00897/traj_0026,bridgedata_v2,train,bridgedata_v2:train_00897,39,39,data/processed/bridgedata_v2/train_00897/traj_0026
bridgedata_v2__train_00898__traj_0010,bridgedata_v2/train_00898/traj_0010,bridgedata_v2,train,bridgedata_v2:train_00898,39,39,data/processed/bridgedata_v2/train_00898/traj_0010
bridgedata_v2__train_00899__traj_0002,bridgedata_v2/train_00899/traj_0002,bridgedata_v2,train,bridgedata_v2:train_00899,46,46,data/processed/bridgedata_v2/train_00899/traj_0002
bridgedata_v2__train_00899__traj_0020,bridgedata_v2/train_00899/traj_0020,bridgedata_v2,train,bridgedata_v2:train_00899,29,29,data/processed/bridgedata_v2/train_00899/traj_0020
bridgedata_v2__train_00902__traj_0013,bridgedata_v2/train_00902/traj_0013,bridgedata_v2,train,bridgedata_v2:train_00902,39,39,data/processed/bridgedata_v2/train_00902/traj_0013
bridgedata_v2__train_00904__traj_0008,bridgedata_v2/train_00904/traj_0008,bridgedata_v2,train,bridgedata_v2:train_00904,28,28,data/processed/bridgedata_v2/train_00904/traj_0008
bridgedata_v2__train_00904__traj_0016,bridgedata_v2/train_00904/traj_0016,bridgedata_v2,train,bridgedata_v2:train_00904,24,24,data/processed/bridgedata_v2/train_00904/traj_0016
bridgedata_v2__train_00904__traj_0020,bridgedata_v2/train_00904/traj_0020,bridgedata_v2,train,bridgedata_v2:train_00904,25,25,data/processed/bridgedata_v2/train_00904/traj_0020
bridgedata_v2__train_00905__traj_0019,bridgedata_v2/train_00905/traj_0019,bridgedata_v2,train,bridgedata_v2:train_00905,35,35,data/processed/bridgedata_v2/train_00905/traj_0019
bridgedata_v2__train_00906__traj_0000,bridgedata_v2/train_00906/traj_0000,bridgedata_v2,train,bridgedata_v2:train_00906,26,26,data/processed/bridgedata_v2/train_00906/traj_0000
bridgedata_v2__train_00906__traj_0008,bridgedata_v2/train_00906/traj_0008,bridgedata_v2,train,bridgedata_v2:train_00906,39,39,data/processed/bridgedata_v2/train_00906/traj_0008
bridgedata_v2__train_00908__traj_0001,bridgedata_v2/train_00908/traj_0001,bridgedata_v2,train,bridgedata_v2:train_00908,49,49,data/processed/bridgedata_v2/train_00908/traj_0001
bridgedata_v2__train_00908__traj_0004,bridgedata_v2/train_00908/traj_0004,bridgedata_v2,train,bridgedata_v2:train_00908,39,39,data/processed/bridgedata_v2/train_00908/traj_0004
bridgedata_v2__train_00908__traj_0006,bridgedata_v2/train_00908/traj_0006,bridgedata_v2,train,bridgedata_v2:train_00908,19,19,data/processed/bridgedata_v2/train_00908/traj_0006
bridgedata_v2__train_00908__traj_0018,bridgedata_v2/train_00908/traj_0018,bridgedata_v2,train,bridgedata_v2:train_00908,36,36,data/processed/bridgedata_v2/train_00908/traj_0018
bridgedata_v2__train_00909__traj_0016,bridgedata_v2/train_00909/traj_0016,bridgedata_v2,train,bridgedata_v2:train_00909,24,24,data/processed/bridgedata_v2/train_00909/traj_0016
bridgedata_v2__train_00913__traj_0008,bridgedata_v2/train_00913/traj_0008,bridgedata_v2,train,bridgedata_v2:train_00913,38,38,data/processed/bridgedata_v2/train_00913/traj_0008
bridgedata_v2__train_00913__traj_0016,bridgedata_v2/train_00913/traj_0016,bridgedata_v2,train,bridgedata_v2:train_00913,15,15,data/processed/bridgedata_v2/train_00913/traj_0016
bridgedata_v2__train_00914__traj_0014,bridgedata_v2/train_00914/traj_0014,bridgedata_v2,train,bridgedata_v2:train_00914,29,29,data/processed/bridgedata_v2/train_00914/traj_0014
bridgedata_v2__train_00915__traj_0002,bridgedata_v2/train_00915/traj_0002,bridgedata_v2,train,bridgedata_v2:train_00915,22,22,data/processed/bridgedata_v2/train_00915/traj_0002
bridgedata_v2__train_00917__traj_0010,bridgedata_v2/train_00917/traj_0010,bridgedata_v2,train,bridgedata_v2:train_00917,68,64,data/processed/bridgedata_v2/train_00917/traj_0010
bridgedata_v2__train_00918__traj_0000,bridgedata_v2/train_00918/traj_0000,bridgedata_v2,train,bridgedata_v2:train_00918,31,31,data/processed/bridgedata_v2/train_00918/traj_0000
bridgedata_v2__train_00919__traj_0003,bridgedata_v2/train_00919/traj_0003,bridgedata_v2,train,bridgedata_v2:train_00919,39,39,data/processed/bridgedata_v2/train_00919/traj_0003
bridgedata_v2__train_00922__traj_0015,bridgedata_v2/train_00922/traj_0015,bridgedata_v2,train,bridgedata_v2:train_00922,45,45,data/processed/bridgedata_v2/train_00922/traj_0015
bridgedata_v2__train_00923__traj_0016,bridgedata_v2/train_00923/traj_0016,bridgedata_v2,train,bridgedata_v2:train_00923,46,46,data/processed/bridgedata_v2/train_00923/traj_0016
bridgedata_v2__train_00924__traj_0003,bridgedata_v2/train_00924/traj_0003,bridgedata_v2,train,bridgedata_v2:train_00924,35,35,data/processed/bridgedata_v2/train_00924/traj_0003
bridgedata_v2__train_00926__traj_0000,bridgedata_v2/train_00926/traj_0000,bridgedata_v2,train,bridgedata_v2:train_00926,35,35,data/processed/bridgedata_v2/train_00926/traj_0000
bridgedata_v2__train_00926__traj_0010,bridgedata_v2/train_00926/traj_0010,bridgedata_v2,train,bridgedata_v2:train_00926,36,36,data/processed/bridgedata_v2/train_00926/traj_0010
bridgedata_v2__train_00927__traj_0003,bridgedata_v2/train_00927/traj_0003,bridgedata_v2,train,bridgedata_v2:train_00927,32,32,data/processed/bridgedata_v2/train_00927/traj_0003
bridgedata_v2__train_00928__traj_0027,bridgedata_v2/train_00928/traj_0027,bridgedata_v2,train,bridgedata_v2:train_00928,49,49,data/processed/bridgedata_v2/train_00928/traj_0027
bridgedata_v2__train_00928__traj_0028,bridgedata_v2/train_00928/traj_0028,bridgedata_v2,train,bridgedata_v2:train_00928,49,49,data/processed/bridgedata_v2/train_00928/traj_0028
bridgedata_v2__train_00929__traj_0013,bridgedata_v2/train_00929/traj_0013,bridgedata_v2,train,bridgedata_v2:train_00929,49,49,data/processed/bridgedata_v2/train_00929/traj_0013
bridgedata_v2__train_00929__traj_0021,bridgedata_v2/train_00929/traj_0021,bridgedata_v2,train,bridgedata_v2:train_00929,39,39,data/processed/bridgedata_v2/train_00929/traj_0021
bridgedata_v2__train_00931__traj_0024,bridgedata_v2/train_00931/traj_0024,bridgedata_v2,train,bridgedata_v2:train_00931,39,39,data/processed/bridgedata_v2/train_00931/traj_0024
bridgedata_v2__train_00931__traj_0028,bridgedata_v2/train_00931/traj_0028,bridgedata_v2,train,bridgedata_v2:train_00931,29,29,data/processed/bridgedata_v2/train_00931/traj_0028
bridgedata_v2__train_00931__traj_0032,bridgedata_v2/train_00931/traj_0032,bridgedata_v2,train,bridgedata_v2:train_00931,30,30,data/processed/bridgedata_v2/train_00931/traj_0032
bridgedata_v2__train_00935__traj_0011,bridgedata_v2/train_00935/traj_0011,bridgedata_v2,train,bridgedata_v2:train_00935,32,32,data/processed/bridgedata_v2/train_00935/traj_0011
bridgedata_v2__train_00937__traj_0007,bridgedata_v2/train_00937/traj_0007,bridgedata_v2,train,bridgedata_v2:train_00937,37,37,data/processed/bridgedata_v2/train_00937/traj_0007
bridgedata_v2__train_00937__traj_0008,bridgedata_v2/train_00937/traj_0008,bridgedata_v2,train,bridgedata_v2:train_00937,24,24,data/processed/bridgedata_v2/train_00937/traj_0008
bridgedata_v2__train_00938__traj_0001,bridgedata_v2/train_00938/traj_0001,bridgedata_v2,train,bridgedata_v2:train_00938,35,35,data/processed/bridgedata_v2/train_00938/traj_0001
bridgedata_v2__train_00939__traj_0022,bridgedata_v2/train_00939/traj_0022,bridgedata_v2,train,bridgedata_v2:train_00939,67,64,data/processed/bridgedata_v2/train_00939/traj_0022
bridgedata_v2__train_00941__traj_0009,bridgedata_v2/train_00941/traj_0009,bridgedata_v2,train,bridgedata_v2:train_00941,49,49,data/processed/bridgedata_v2/train_00941/traj_0009
bridgedata_v2__train_00943__traj_0002,bridgedata_v2/train_00943/traj_0002,bridgedata_v2,train,bridgedata_v2:train_00943,22,22,data/processed/bridgedata_v2/train_00943/traj_0002
bridgedata_v2__train_00943__traj_0006,bridgedata_v2/train_00943/traj_0006,bridgedata_v2,train,bridgedata_v2:train_00943,49,49,data/processed/bridgedata_v2/train_00943/traj_0006
bridgedata_v2__train_00943__traj_0008,bridgedata_v2/train_00943/traj_0008,bridgedata_v2,train,bridgedata_v2:train_00943,45,45,data/processed/bridgedata_v2/train_00943/traj_0008
bridgedata_v2__train_00943__traj_0025,bridgedata_v2/train_00943/traj_0025,bridgedata_v2,train,bridgedata_v2:train_00943,37,37,data/processed/bridgedata_v2/train_00943/traj_0025
bridgedata_v2__train_00945__traj_0010,bridgedata_v2/train_00945/traj_0010,bridgedata_v2,train,bridgedata_v2:train_00945,29,29,data/processed/bridgedata_v2/train_00945/traj_0010
bridgedata_v2__train_00951__traj_0017,bridgedata_v2/train_00951/traj_0017,bridgedata_v2,train,bridgedata_v2:train_00951,43,43,data/processed/bridgedata_v2/train_00951/traj_0017
bridgedata_v2__train_00952__traj_0004,bridgedata_v2/train_00952/traj_0004,bridgedata_v2,train,bridgedata_v2:train_00952,46,46,data/processed/bridgedata_v2/train_00952/traj_0004
bridgedata_v2__train_00953__traj_0015,bridgedata_v2/train_00953/traj_0015,bridgedata_v2,train,bridgedata_v2:train_00953,36,36,data/processed/bridgedata_v2/train_00953/traj_0015
bridgedata_v2__train_00954__traj_0018,bridgedata_v2/train_00954/traj_0018,bridgedata_v2,train,bridgedata_v2:train_00954,44,44,data/processed/bridgedata_v2/train_00954/traj_0018
bridgedata_v2__train_00955__traj_0023,bridgedata_v2/train_00955/traj_0023,bridgedata_v2,train,bridgedata_v2:train_00955,36,36,data/processed/bridgedata_v2/train_00955/traj_0023
bridgedata_v2__train_00960__traj_0006,bridgedata_v2/train_00960/traj_0006,bridgedata_v2,train,bridgedata_v2:train_00960,37,37,data/processed/bridgedata_v2/train_00960/traj_0006
bridgedata_v2__train_00962__traj_0010,bridgedata_v2/train_00962/traj_0010,bridgedata_v2,train,bridgedata_v2:train_00962,38,38,data/processed/bridgedata_v2/train_00962/traj_0010
bridgedata_v2__train_00963__traj_0009,bridgedata_v2/train_00963/traj_0009,bridgedata_v2,train,bridgedata_v2:train_00963,37,37,data/processed/bridgedata_v2/train_00963/traj_0009
bridgedata_v2__train_00963__traj_0019,bridgedata_v2/train_00963/traj_0019,bridgedata_v2,train,bridgedata_v2:train_00963,49,49,data/processed/bridgedata_v2/train_00963/traj_0019
bridgedata_v2__train_00964__traj_0004,bridgedata_v2/train_00964/traj_0004,bridgedata_v2,train,bridgedata_v2:train_00964,48,48,data/processed/bridgedata_v2/train_00964/traj_0004
bridgedata_v2__train_00965__traj_0009,bridgedata_v2/train_00965/traj_0009,bridgedata_v2,train,bridgedata_v2:train_00965,29,29,data/processed/bridgedata_v2/train_00965/traj_0009
bridgedata_v2__train_00965__traj_0011,bridgedata_v2/train_00965/traj_0011,bridgedata_v2,train,bridgedata_v2:train_00965,45,45,data/processed/bridgedata_v2/train_00965/traj_0011
bridgedata_v2__train_00967__traj_0005,bridgedata_v2/train_00967/traj_0005,bridgedata_v2,train,bridgedata_v2:train_00967,19,19,data/processed/bridgedata_v2/train_00967/traj_0005
bridgedata_v2__train_00967__traj_0014,bridgedata_v2/train_00967/traj_0014,bridgedata_v2,train,bridgedata_v2:train_00967,27,27,data/processed/bridgedata_v2/train_00967/traj_0014
bridgedata_v2__train_00968__traj_0004,bridgedata_v2/train_00968/traj_0004,bridgedata_v2,train,bridgedata_v2:train_00968,48,48,data/processed/bridgedata_v2/train_00968/traj_0004
bridgedata_v2__train_00968__traj_0025,bridgedata_v2/train_00968/traj_0025,bridgedata_v2,train,bridgedata_v2:train_00968,33,33,data/processed/bridgedata_v2/train_00968/traj_0025
bridgedata_v2__train_00969__traj_0014,bridgedata_v2/train_00969/traj_0014,bridgedata_v2,train,bridgedata_v2:train_00969,32,32,data/processed/bridgedata_v2/train_00969/traj_0014
bridgedata_v2__train_00971__traj_0005,bridgedata_v2/train_00971/traj_0005,bridgedata_v2,train,bridgedata_v2:train_00971,49,49,data/processed/bridgedata_v2/train_00971/traj_0005
bridgedata_v2__train_00971__traj_0018,bridgedata_v2/train_00971/traj_0018,bridgedata_v2,train,bridgedata_v2:train_00971,39,39,data/processed/bridgedata_v2/train_00971/traj_0018
bridgedata_v2__train_00971__traj_0019,bridgedata_v2/train_00971/traj_0019,bridgedata_v2,train,bridgedata_v2:train_00971,49,49,data/processed/bridgedata_v2/train_00971/traj_0019
bridgedata_v2__train_00973__traj_0008,bridgedata_v2/train_00973/traj_0008,bridgedata_v2,train,bridgedata_v2:train_00973,16,16,data/processed/bridgedata_v2/train_00973/traj_0008
bridgedata_v2__train_00973__traj_0018,bridgedata_v2/train_00973/traj_0018,bridgedata_v2,train,bridgedata_v2:train_00973,49,49,data/processed/bridgedata_v2/train_00973/traj_0018
bridgedata_v2__train_00973__traj_0021,bridgedata_v2/train_00973/traj_0021,bridgedata_v2,train,bridgedata_v2:train_00973,28,28,data/processed/bridgedata_v2/train_00973/traj_0021
bridgedata_v2__train_00973__traj_0024,bridgedata_v2/train_00973/traj_0024,bridgedata_v2,train,bridgedata_v2:train_00973,24,24,data/processed/bridgedata_v2/train_00973/traj_0024
bridgedata_v2__train_00979__traj_0007,bridgedata_v2/train_00979/traj_0007,bridgedata_v2,train,bridgedata_v2:train_00979,38,38,data/processed/bridgedata_v2/train_00979/traj_0007
bridgedata_v2__train_00981__traj_0008,bridgedata_v2/train_00981/traj_0008,bridgedata_v2,train,bridgedata_v2:train_00981,24,24,data/processed/bridgedata_v2/train_00981/traj_0008
bridgedata_v2__train_00982__traj_0009,bridgedata_v2/train_00982/traj_0009,bridgedata_v2,train,bridgedata_v2:train_00982,49,49,data/processed/bridgedata_v2/train_00982/traj_0009
bridgedata_v2__train_00983__traj_0011,bridgedata_v2/train_00983/traj_0011,bridgedata_v2,train,bridgedata_v2:train_00983,19,19,data/processed/bridgedata_v2/train_00983/traj_0011
bridgedata_v2__train_00984__traj_0017,bridgedata_v2/train_00984/traj_0017,bridgedata_v2,train,bridgedata_v2:train_00984,49,49,data/processed/bridgedata_v2/train_00984/traj_0017
bridgedata_v2__train_00986__traj_0015,bridgedata_v2/train_00986/traj_0015,bridgedata_v2,train,bridgedata_v2:train_00986,13,13,data/processed/bridgedata_v2/train_00986/traj_0015
bridgedata_v2__train_00987__traj_0002,bridgedata_v2/train_00987/traj_0002,bridgedata_v2,train,bridgedata_v2:train_00987,33,33,data/processed/bridgedata_v2/train_00987/traj_0002
bridgedata_v2__train_00989__traj_0008,bridgedata_v2/train_00989/traj_0008,bridgedata_v2,train,bridgedata_v2:train_00989,41,41,data/processed/bridgedata_v2/train_00989/traj_0008
bridgedata_v2__train_00989__traj_0019,bridgedata_v2/train_00989/traj_0019,bridgedata_v2,train,bridgedata_v2:train_00989,68,64,data/processed/bridgedata_v2/train_00989/traj_0019
bridgedata_v2__train_00990__traj_0011,bridgedata_v2/train_00990/traj_0011,bridgedata_v2,train,bridgedata_v2:train_00990,37,37,data/processed/bridgedata_v2/train_00990/traj_0011
bridgedata_v2__train_00990__traj_0014,bridgedata_v2/train_00990/traj_0014,bridgedata_v2,train,bridgedata_v2:train_00990,32,32,data/processed/bridgedata_v2/train_00990/traj_0014
bridgedata_v2__train_00991__traj_0007,bridgedata_v2/train_00991/traj_0007,bridgedata_v2,train,bridgedata_v2:train_00991,22,22,data/processed/bridgedata_v2/train_00991/traj_0007
bridgedata_v2__train_00995__traj_0001,bridgedata_v2/train_00995/traj_0001,bridgedata_v2,train,bridgedata_v2:train_00995,42,42,data/processed/bridgedata_v2/train_00995/traj_0001
bridgedata_v2__train_00996__traj_0004,bridgedata_v2/train_00996/traj_0004,bridgedata_v2,train,bridgedata_v2:train_00996,22,22,data/processed/bridgedata_v2/train_00996/traj_0004
bridgedata_v2__train_00997__traj_0013,bridgedata_v2/train_00997/traj_0013,bridgedata_v2,train,bridgedata_v2:train_00997,30,30,data/processed/bridgedata_v2/train_00997/traj_0013
bridgedata_v2__train_00997__traj_0024,bridgedata_v2/train_00997/traj_0024,bridgedata_v2,train,bridgedata_v2:train_00997,28,28,data/processed/bridgedata_v2/train_00997/traj_0024
bridgedata_v2__train_00998__traj_0005,bridgedata_v2/train_00998/traj_0005,bridgedata_v2,train,bridgedata_v2:train_00998,37,37,data/processed/bridgedata_v2/train_00998/traj_0005
bridgedata_v2__train_00998__traj_0006,bridgedata_v2/train_00998/traj_0006,bridgedata_v2,train,bridgedata_v2:train_00998,36,36,data/processed/bridgedata_v2/train_00998/traj_0006
bridgedata_v2__train_00998__traj_0009,bridgedata_v2/train_00998/traj_0009,bridgedata_v2,train,bridgedata_v2:train_00998,24,24,data/processed/bridgedata_v2/train_00998/traj_0009
bridgedata_v2__train_01000__traj_0010,bridgedata_v2/train_01000/traj_0010,bridgedata_v2,train,bridgedata_v2:train_01000,79,64,data/processed/bridgedata_v2/train_01000/traj_0010
bridgedata_v2__train_01000__traj_0012,bridgedata_v2/train_01000/traj_0012,bridgedata_v2,train,bridgedata_v2:train_01000,41,41,data/processed/bridgedata_v2/train_01000/traj_0012
bridgedata_v2__train_01001__traj_0008,bridgedata_v2/train_01001/traj_0008,bridgedata_v2,train,bridgedata_v2:train_01001,31,31,data/processed/bridgedata_v2/train_01001/traj_0008
bridgedata_v2__train_01001__traj_0009,bridgedata_v2/train_01001/traj_0009,bridgedata_v2,train,bridgedata_v2:train_01001,14,14,data/processed/bridgedata_v2/train_01001/traj_0009
bridgedata_v2__train_01001__traj_0015,bridgedata_v2/train_01001/traj_0015,bridgedata_v2,train,bridgedata_v2:train_01001,24,24,data/processed/bridgedata_v2/train_01001/traj_0015
bridgedata_v2__train_01003__traj_0019,bridgedata_v2/train_01003/traj_0019,bridgedata_v2,train,bridgedata_v2:train_01003,35,35,data/processed/bridgedata_v2/train_01003/traj_0019
bridgedata_v2__train_01004__traj_0023,bridgedata_v2/train_01004/traj_0023,bridgedata_v2,train,bridgedata_v2:train_01004,79,64,data/processed/bridgedata_v2/train_01004/traj_0023
bridgedata_v2__train_01005__traj_0007,bridgedata_v2/train_01005/traj_0007,bridgedata_v2,train,bridgedata_v2:train_01005,42,42,data/processed/bridgedata_v2/train_01005/traj_0007
bridgedata_v2__train_01006__traj_0000,bridgedata_v2/train_01006/traj_0000,bridgedata_v2,train,bridgedata_v2:train_01006,25,25,data/processed/bridgedata_v2/train_01006/traj_0000
bridgedata_v2__train_01006__traj_0019,bridgedata_v2/train_01006/traj_0019,bridgedata_v2,train,bridgedata_v2:train_01006,37,37,data/processed/bridgedata_v2/train_01006/traj_0019
bridgedata_v2__train_01008__traj_0001,bridgedata_v2/train_01008/traj_0001,bridgedata_v2,train,bridgedata_v2:train_01008,49,49,data/processed/bridgedata_v2/train_01008/traj_0001
bridgedata_v2__train_01010__traj_0008,bridgedata_v2/train_01010/traj_0008,bridgedata_v2,train,bridgedata_v2:train_01010,24,24,data/processed/bridgedata_v2/train_01010/traj_0008
bridgedata_v2__train_01010__traj_0014,bridgedata_v2/train_01010/traj_0014,bridgedata_v2,train,bridgedata_v2:train_01010,24,24,data/processed/bridgedata_v2/train_01010/traj_0014
bridgedata_v2__train_01012__traj_0007,bridgedata_v2/train_01012/traj_0007,bridgedata_v2,train,bridgedata_v2:train_01012,26,26,data/processed/bridgedata_v2/train_01012/traj_0007
bridgedata_v2__train_01012__traj_0022,bridgedata_v2/train_01012/traj_0022,bridgedata_v2,train,bridgedata_v2:train_01012,24,24,data/processed/bridgedata_v2/train_01012/traj_0022
bridgedata_v2__train_01014__traj_0016,bridgedata_v2/train_01014/traj_0016,bridgedata_v2,train,bridgedata_v2:train_01014,34,34,data/processed/bridgedata_v2/train_01014/traj_0016
bridgedata_v2__train_01014__traj_0018,bridgedata_v2/train_01014/traj_0018,bridgedata_v2,train,bridgedata_v2:train_01014,30,30,data/processed/bridgedata_v2/train_01014/traj_0018
bridgedata_v2__train_01016__traj_0011,bridgedata_v2/train_01016/traj_0011,bridgedata_v2,train,bridgedata_v2:train_01016,45,45,data/processed/bridgedata_v2/train_01016/traj_0011
bridgedata_v2__train_01016__traj_0015,bridgedata_v2/train_01016/traj_0015,bridgedata_v2,train,bridgedata_v2:train_01016,46,46,data/processed/bridgedata_v2/train_01016/traj_0015
bridgedata_v2__train_01017__traj_0001,bridgedata_v2/train_01017/traj_0001,bridgedata_v2,train,bridgedata_v2:train_01017,23,23,data/processed/bridgedata_v2/train_01017/traj_0001
bridgedata_v2__train_01017__traj_0014,bridgedata_v2/train_01017/traj_0014,bridgedata_v2,train,bridgedata_v2:train_01017,36,36,data/processed/bridgedata_v2/train_01017/traj_0014
bridgedata_v2__train_01017__traj_0016,bridgedata_v2/train_01017/traj_0016,bridgedata_v2,train,bridgedata_v2:train_01017,27,27,data/processed/bridgedata_v2/train_01017/traj_0016
bridgedata_v2__train_01018__traj_0027,bridgedata_v2/train_01018/traj_0027,bridgedata_v2,train,bridgedata_v2:train_01018,20,20,data/processed/bridgedata_v2/train_01018/traj_0027
bridgedata_v2__train_01019__traj_0006,bridgedata_v2/train_01019/traj_0006,bridgedata_v2,train,bridgedata_v2:train_01019,31,31,data/processed/bridgedata_v2/train_01019/traj_0006
bridgedata_v2__train_01019__traj_0017,bridgedata_v2/train_01019/traj_0017,bridgedata_v2,train,bridgedata_v2:train_01019,43,43,data/processed/bridgedata_v2/train_01019/traj_0017
bridgedata_v2__train_01019__traj_0020,bridgedata_v2/train_01019/traj_0020,bridgedata_v2,train,bridgedata_v2:train_01019,24,24,data/processed/bridgedata_v2/train_01019/traj_0020
bridgedata_v2__train_01020__traj_0006,bridgedata_v2/train_01020/traj_0006,bridgedata_v2,train,bridgedata_v2:train_01020,33,33,data/processed/bridgedata_v2/train_01020/traj_0006
bridgedata_v2__train_01021__traj_0013,bridgedata_v2/train_01021/traj_0013,bridgedata_v2,train,bridgedata_v2:train_01021,35,35,data/processed/bridgedata_v2/train_01021/traj_0013
bridgedata_v2__train_01021__traj_0028,bridgedata_v2/train_01021/traj_0028,bridgedata_v2,train,bridgedata_v2:train_01021,34,34,data/processed/bridgedata_v2/train_01021/traj_0028
bridgedata_v2__train_01021__traj_0030,bridgedata_v2/train_01021/traj_0030,bridgedata_v2,train,bridgedata_v2:train_01021,35,35,data/processed/bridgedata_v2/train_01021/traj_0030
bridgedata_v2__train_01022__traj_0009,bridgedata_v2/train_01022/traj_0009,bridgedata_v2,train,bridgedata_v2:train_01022,23,23,data/processed/bridgedata_v2/train_01022/traj_0009
bridgedata_v2__train_01022__traj_0010,bridgedata_v2/train_01022/traj_0010,bridgedata_v2,train,bridgedata_v2:train_01022,47,47,data/processed/bridgedata_v2/train_01022/traj_0010
bridgedata_v2__train_00009__traj_0013,bridgedata_v2/train_00009/traj_0013,bridgedata_v2,val,bridgedata_v2:train_00009,39,39,data/processed/bridgedata_v2/train_00009/traj_0013
bridgedata_v2__train_00083__traj_0010,bridgedata_v2/train_00083/traj_0010,bridgedata_v2,val,bridgedata_v2:train_00083,39,39,data/processed/bridgedata_v2/train_00083/traj_0010
bridgedata_v2__train_00094__traj_0008,bridgedata_v2/train_00094/traj_0008,bridgedata_v2,val,bridgedata_v2:train_00094,29,29,data/processed/bridgedata_v2/train_00094/traj_0008
bridgedata_v2__train_00199__traj_0009,bridgedata_v2/train_00199/traj_0009,bridgedata_v2,val,bridgedata_v2:train_00199,28,28,data/processed/bridgedata_v2/train_00199/traj_0009
bridgedata_v2__train_00210__traj_0000,bridgedata_v2/train_00210/traj_0000,bridgedata_v2,val,bridgedata_v2:train_00210,44,44,data/processed/bridgedata_v2/train_00210/traj_0000
bridgedata_v2__train_00211__traj_0016,bridgedata_v2/train_00211/traj_0016,bridgedata_v2,val,bridgedata_v2:train_00211,23,23,data/processed/bridgedata_v2/train_00211/traj_0016
bridgedata_v2__train_00254__traj_0021,bridgedata_v2/train_00254/traj_0021,bridgedata_v2,val,bridgedata_v2:train_00254,29,29,data/processed/bridgedata_v2/train_00254/traj_0021
bridgedata_v2__train_00282__traj_0000,bridgedata_v2/train_00282/traj_0000,bridgedata_v2,val,bridgedata_v2:train_00282,24,24,data/processed/bridgedata_v2/train_00282/traj_0000
bridgedata_v2__train_00306__traj_0010,bridgedata_v2/train_00306/traj_0010,bridgedata_v2,val,bridgedata_v2:train_00306,24,24,data/processed/bridgedata_v2/train_00306/traj_0010
bridgedata_v2__train_00306__traj_0016,bridgedata_v2/train_00306/traj_0016,bridgedata_v2,val,bridgedata_v2:train_00306,29,29,data/processed/bridgedata_v2/train_00306/traj_0016
bridgedata_v2__train_00315__traj_0020,bridgedata_v2/train_00315/traj_0020,bridgedata_v2,val,bridgedata_v2:train_00315,31,31,data/processed/bridgedata_v2/train_00315/traj_0020
bridgedata_v2__train_00319__traj_0029,bridgedata_v2/train_00319/traj_0029,bridgedata_v2,val,bridgedata_v2:train_00319,41,41,data/processed/bridgedata_v2/train_00319/traj_0029
bridgedata_v2__train_00359__traj_0014,bridgedata_v2/train_00359/traj_0014,bridgedata_v2,val,bridgedata_v2:train_00359,49,49,data/processed/bridgedata_v2/train_00359/traj_0014
bridgedata_v2__train_00360__traj_0019,bridgedata_v2/train_00360/traj_0019,bridgedata_v2,val,bridgedata_v2:train_00360,49,49,data/processed/bridgedata_v2/train_00360/traj_0019
bridgedata_v2__train_00368__traj_0023,bridgedata_v2/train_00368/traj_0023,bridgedata_v2,val,bridgedata_v2:train_00368,24,24,data/processed/bridgedata_v2/train_00368/traj_0023
bridgedata_v2__train_00472__traj_0001,bridgedata_v2/train_00472/traj_0001,bridgedata_v2,val,bridgedata_v2:train_00472,33,33,data/processed/bridgedata_v2/train_00472/traj_0001
bridgedata_v2__train_00488__traj_0021,bridgedata_v2/train_00488/traj_0021,bridgedata_v2,val,bridgedata_v2:train_00488,15,15,data/processed/bridgedata_v2/train_00488/traj_0021
bridgedata_v2__train_00492__traj_0003,bridgedata_v2/train_00492/traj_0003,bridgedata_v2,val,bridgedata_v2:train_00492,45,45,data/processed/bridgedata_v2/train_00492/traj_0003
bridgedata_v2__train_00507__traj_0009,bridgedata_v2/train_00507/traj_0009,bridgedata_v2,val,bridgedata_v2:train_00507,39,39,data/processed/bridgedata_v2/train_00507/traj_0009
bridgedata_v2__train_00518__traj_0011,bridgedata_v2/train_00518/traj_0011,bridgedata_v2,val,bridgedata_v2:train_00518,49,49,data/processed/bridgedata_v2/train_00518/traj_0011
bridgedata_v2__train_00528__traj_0022,bridgedata_v2/train_00528/traj_0022,bridgedata_v2,val,bridgedata_v2:train_00528,31,31,data/processed/bridgedata_v2/train_00528/traj_0022
bridgedata_v2__train_00539__traj_0020,bridgedata_v2/train_00539/traj_0020,bridgedata_v2,val,bridgedata_v2:train_00539,44,44,data/processed/bridgedata_v2/train_00539/traj_0020
bridgedata_v2__train_00543__traj_0008,bridgedata_v2/train_00543/traj_0008,bridgedata_v2,val,bridgedata_v2:train_00543,24,24,data/processed/bridgedata_v2/train_00543/traj_0008
bridgedata_v2__train_00549__traj_0020,bridgedata_v2/train_00549/traj_0020,bridgedata_v2,val,bridgedata_v2:train_00549,37,37,data/processed/bridgedata_v2/train_00549/traj_0020
bridgedata_v2__train_00566__traj_0005,bridgedata_v2/train_00566/traj_0005,bridgedata_v2,val,bridgedata_v2:train_00566,32,32,data/processed/bridgedata_v2/train_00566/traj_0005
bridgedata_v2__train_00572__traj_0017,bridgedata_v2/train_00572/traj_0017,bridgedata_v2,val,bridgedata_v2:train_00572,39,39,data/processed/bridgedata_v2/train_00572/traj_0017
bridgedata_v2__train_00600__traj_0000,bridgedata_v2/train_00600/traj_0000,bridgedata_v2,val,bridgedata_v2:train_00600,35,35,data/processed/bridgedata_v2/train_00600/traj_0000
bridgedata_v2__train_00613__traj_0003,bridgedata_v2/train_00613/traj_0003,bridgedata_v2,val,bridgedata_v2:train_00613,39,39,data/processed/bridgedata_v2/train_00613/traj_0003
bridgedata_v2__train_00667__traj_0023,bridgedata_v2/train_00667/traj_0023,bridgedata_v2,val,bridgedata_v2:train_00667,34,34,data/processed/bridgedata_v2/train_00667/traj_0023
bridgedata_v2__train_00718__traj_0007,bridgedata_v2/train_00718/traj_0007,bridgedata_v2,val,bridgedata_v2:train_00718,49,49,data/processed/bridgedata_v2/train_00718/traj_0007
bridgedata_v2__train_00727__traj_0008,bridgedata_v2/train_00727/traj_0008,bridgedata_v2,val,bridgedata_v2:train_00727,37,37,data/processed/bridgedata_v2/train_00727/traj_0008
bridgedata_v2__train_00770__traj_0009,bridgedata_v2/train_00770/traj_0009,bridgedata_v2,val,bridgedata_v2:train_00770,34,34,data/processed/bridgedata_v2/train_00770/traj_0009
bridgedata_v2__train_00772__traj_0021,bridgedata_v2/train_00772/traj_0021,bridgedata_v2,val,bridgedata_v2:train_00772,23,23,data/processed/bridgedata_v2/train_00772/traj_0021
bridgedata_v2__train_00790__traj_0013,bridgedata_v2/train_00790/traj_0013,bridgedata_v2,val,bridgedata_v2:train_00790,79,64,data/processed/bridgedata_v2/train_00790/traj_0013
bridgedata_v2__train_00829__traj_0017,bridgedata_v2/train_00829/traj_0017,bridgedata_v2,val,bridgedata_v2:train_00829,35,35,data/processed/bridgedata_v2/train_00829/traj_0017
bridgedata_v2__train_00852__traj_0015,bridgedata_v2/train_00852/traj_0015,bridgedata_v2,val,bridgedata_v2:train_00852,49,49,data/processed/bridgedata_v2/train_00852/traj_0015
bridgedata_v2__train_00863__traj_0012,bridgedata_v2/train_00863/traj_0012,bridgedata_v2,val,bridgedata_v2:train_00863,28,28,data/processed/bridgedata_v2/train_00863/traj_0012
bridgedata_v2__train_00866__traj_0005,bridgedata_v2/train_00866/traj_0005,bridgedata_v2,val,bridgedata_v2:train_00866,27,27,data/processed/bridgedata_v2/train_00866/traj_0005
bridgedata_v2__train_00872__traj_0019,bridgedata_v2/train_00872/traj_0019,bridgedata_v2,val,bridgedata_v2:train_00872,39,39,data/processed/bridgedata_v2/train_00872/traj_0019
bridgedata_v2__train_00875__traj_0011,bridgedata_v2/train_00875/traj_0011,bridgedata_v2,val,bridgedata_v2:train_00875,20,20,data/processed/bridgedata_v2/train_00875/traj_0011
bridgedata_v2__train_00875__traj_0028,bridgedata_v2/train_00875/traj_0028,bridgedata_v2,val,bridgedata_v2:train_00875,39,39,data/processed/bridgedata_v2/train_00875/traj_0028
bridgedata_v2__train_00881__traj_0040,bridgedata_v2/train_00881/traj_0040,bridgedata_v2,val,bridgedata_v2:train_00881,39,39,data/processed/bridgedata_v2/train_00881/traj_0040
bridgedata_v2__train_00934__traj_0020,bridgedata_v2/train_00934/traj_0020,bridgedata_v2,val,bridgedata_v2:train_00934,25,25,data/processed/bridgedata_v2/train_00934/traj_0020
bridgedata_v2__train_00941__traj_0022,bridgedata_v2/train_00941/traj_0022,bridgedata_v2,val,bridgedata_v2:train_00941,31,31,data/processed/bridgedata_v2/train_00941/traj_0022
bridgedata_v2__train_00968__traj_0024,bridgedata_v2/train_00968/traj_0024,bridgedata_v2,val,bridgedata_v2:train_00968,49,49,data/processed/bridgedata_v2/train_00968/traj_0024
bridgedata_v2__train_00974__traj_0013,bridgedata_v2/train_00974/traj_0013,bridgedata_v2,val,bridgedata_v2:train_00974,44,44,data/processed/bridgedata_v2/train_00974/traj_0013
bridgedata_v2__train_00976__traj_0011,bridgedata_v2/train_00976/traj_0011,bridgedata_v2,val,bridgedata_v2:train_00976,26,26,data/processed/bridgedata_v2/train_00976/traj_0011
bridgedata_v2__train_00991__traj_0001,bridgedata_v2/train_00991/traj_0001,bridgedata_v2,val,bridgedata_v2:train_00991,39,39,data/processed/bridgedata_v2/train_00991/traj_0001
bridgedata_v2__train_01002__traj_0014,bridgedata_v2/train_01002/traj_0014,bridgedata_v2,val,bridgedata_v2:train_01002,44,44,data/processed/bridgedata_v2/train_01002/traj_0014
bridgedata_v2__train_01005__traj_0009,bridgedata_v2/train_01005/traj_0009,bridgedata_v2,val,bridgedata_v2:train_01005,47,47,data/processed/bridgedata_v2/train_01005/traj_0009
bridgedata_v2__train_00007__traj_0004,bridgedata_v2/train_00007/traj_0004,bridgedata_v2,test,bridgedata_v2:train_00007,41,41,data/processed/bridgedata_v2/train_00007/traj_0004
bridgedata_v2__train_00007__traj_0022,bridgedata_v2/train_00007/traj_0022,bridgedata_v2,test,bridgedata_v2:train_00007,16,16,data/processed/bridgedata_v2/train_00007/traj_0022
bridgedata_v2__train_00008__traj_0008,bridgedata_v2/train_00008/traj_0008,bridgedata_v2,test,bridgedata_v2:train_00008,28,28,data/processed/bridgedata_v2/train_00008/traj_0008
bridgedata_v2__train_00111__traj_0004,bridgedata_v2/train_00111/traj_0004,bridgedata_v2,test,bridgedata_v2:train_00111,35,35,data/processed/bridgedata_v2/train_00111/traj_0004
bridgedata_v2__train_00177__traj_0002,bridgedata_v2/train_00177/traj_0002,bridgedata_v2,test,bridgedata_v2:train_00177,36,36,data/processed/bridgedata_v2/train_00177/traj_0002
bridgedata_v2__train_00177__traj_0031,bridgedata_v2/train_00177/traj_0031,bridgedata_v2,test,bridgedata_v2:train_00177,33,33,data/processed/bridgedata_v2/train_00177/traj_0031
bridgedata_v2__train_00201__traj_0007,bridgedata_v2/train_00201/traj_0007,bridgedata_v2,test,bridgedata_v2:train_00201,29,29,data/processed/bridgedata_v2/train_00201/traj_0007
bridgedata_v2__train_00202__traj_0027,bridgedata_v2/train_00202/traj_0027,bridgedata_v2,test,bridgedata_v2:train_00202,24,24,data/processed/bridgedata_v2/train_00202/traj_0027
bridgedata_v2__train_00236__traj_0028,bridgedata_v2/train_00236/traj_0028,bridgedata_v2,test,bridgedata_v2:train_00236,31,31,data/processed/bridgedata_v2/train_00236/traj_0028
bridgedata_v2__train_00237__traj_0023,bridgedata_v2/train_00237/traj_0023,bridgedata_v2,test,bridgedata_v2:train_00237,30,30,data/processed/bridgedata_v2/train_00237/traj_0023
bridgedata_v2__train_00239__traj_0021,bridgedata_v2/train_00239/traj_0021,bridgedata_v2,test,bridgedata_v2:train_00239,33,33,data/processed/bridgedata_v2/train_00239/traj_0021
bridgedata_v2__train_00242__traj_0015,bridgedata_v2/train_00242/traj_0015,bridgedata_v2,test,bridgedata_v2:train_00242,24,24,data/processed/bridgedata_v2/train_00242/traj_0015
bridgedata_v2__train_00289__traj_0010,bridgedata_v2/train_00289/traj_0010,bridgedata_v2,test,bridgedata_v2:train_00289,31,31,data/processed/bridgedata_v2/train_00289/traj_0010
bridgedata_v2__train_00359__traj_0003,bridgedata_v2/train_00359/traj_0003,bridgedata_v2,test,bridgedata_v2:train_00359,79,64,data/processed/bridgedata_v2/train_00359/traj_0003
bridgedata_v2__train_00381__traj_0017,bridgedata_v2/train_00381/traj_0017,bridgedata_v2,test,bridgedata_v2:train_00381,34,34,data/processed/bridgedata_v2/train_00381/traj_0017
bridgedata_v2__train_00414__traj_0006,bridgedata_v2/train_00414/traj_0006,bridgedata_v2,test,bridgedata_v2:train_00414,24,24,data/processed/bridgedata_v2/train_00414/traj_0006
bridgedata_v2__train_00422__traj_0001,bridgedata_v2/train_00422/traj_0001,bridgedata_v2,test,bridgedata_v2:train_00422,24,24,data/processed/bridgedata_v2/train_00422/traj_0001
bridgedata_v2__train_00427__traj_0007,bridgedata_v2/train_00427/traj_0007,bridgedata_v2,test,bridgedata_v2:train_00427,46,46,data/processed/bridgedata_v2/train_00427/traj_0007
bridgedata_v2__train_00471__traj_0009,bridgedata_v2/train_00471/traj_0009,bridgedata_v2,test,bridgedata_v2:train_00471,48,48,data/processed/bridgedata_v2/train_00471/traj_0009
bridgedata_v2__train_00477__traj_0011,bridgedata_v2/train_00477/traj_0011,bridgedata_v2,test,bridgedata_v2:train_00477,30,30,data/processed/bridgedata_v2/train_00477/traj_0011
bridgedata_v2__train_00493__traj_0004,bridgedata_v2/train_00493/traj_0004,bridgedata_v2,test,bridgedata_v2:train_00493,29,29,data/processed/bridgedata_v2/train_00493/traj_0004
bridgedata_v2__train_00499__traj_0000,bridgedata_v2/train_00499/traj_0000,bridgedata_v2,test,bridgedata_v2:train_00499,29,29,data/processed/bridgedata_v2/train_00499/traj_0000
bridgedata_v2__train_00521__traj_0020,bridgedata_v2/train_00521/traj_0020,bridgedata_v2,test,bridgedata_v2:train_00521,49,49,data/processed/bridgedata_v2/train_00521/traj_0020
bridgedata_v2__train_00522__traj_0000,bridgedata_v2/train_00522/traj_0000,bridgedata_v2,test,bridgedata_v2:train_00522,33,33,data/processed/bridgedata_v2/train_00522/traj_0000
bridgedata_v2__train_00533__traj_0002,bridgedata_v2/train_00533/traj_0002,bridgedata_v2,test,bridgedata_v2:train_00533,39,39,data/processed/bridgedata_v2/train_00533/traj_0002
bridgedata_v2__train_00567__traj_0016,bridgedata_v2/train_00567/traj_0016,bridgedata_v2,test,bridgedata_v2:train_00567,49,49,data/processed/bridgedata_v2/train_00567/traj_0016
bridgedata_v2__train_00572__traj_0009,bridgedata_v2/train_00572/traj_0009,bridgedata_v2,test,bridgedata_v2:train_00572,29,29,data/processed/bridgedata_v2/train_00572/traj_0009
bridgedata_v2__train_00586__traj_0009,bridgedata_v2/train_00586/traj_0009,bridgedata_v2,test,bridgedata_v2:train_00586,35,35,data/processed/bridgedata_v2/train_00586/traj_0009
bridgedata_v2__train_00595__traj_0004,bridgedata_v2/train_00595/traj_0004,bridgedata_v2,test,bridgedata_v2:train_00595,47,47,data/processed/bridgedata_v2/train_00595/traj_0004
bridgedata_v2__train_00609__traj_0014,bridgedata_v2/train_00609/traj_0014,bridgedata_v2,test,bridgedata_v2:train_00609,37,37,data/processed/bridgedata_v2/train_00609/traj_0014
bridgedata_v2__train_00622__traj_0018,bridgedata_v2/train_00622/traj_0018,bridgedata_v2,test,bridgedata_v2:train_00622,49,49,data/processed/bridgedata_v2/train_00622/traj_0018
bridgedata_v2__train_00624__traj_0016,bridgedata_v2/train_00624/traj_0016,bridgedata_v2,test,bridgedata_v2:train_00624,41,41,data/processed/bridgedata_v2/train_00624/traj_0016
bridgedata_v2__train_00631__traj_0013,bridgedata_v2/train_00631/traj_0013,bridgedata_v2,test,bridgedata_v2:train_00631,41,41,data/processed/bridgedata_v2/train_00631/traj_0013
bridgedata_v2__train_00649__traj_0004,bridgedata_v2/train_00649/traj_0004,bridgedata_v2,test,bridgedata_v2:train_00649,24,24,data/processed/bridgedata_v2/train_00649/traj_0004
bridgedata_v2__train_00682__traj_0014,bridgedata_v2/train_00682/traj_0014,bridgedata_v2,test,bridgedata_v2:train_00682,39,39,data/processed/bridgedata_v2/train_00682/traj_0014
bridgedata_v2__train_00689__traj_0028,bridgedata_v2/train_00689/traj_0028,bridgedata_v2,test,bridgedata_v2:train_00689,46,46,data/processed/bridgedata_v2/train_00689/traj_0028
bridgedata_v2__train_00790__traj_0012,bridgedata_v2/train_00790/traj_0012,bridgedata_v2,test,bridgedata_v2:train_00790,19,19,data/processed/bridgedata_v2/train_00790/traj_0012
bridgedata_v2__train_00821__traj_0008,bridgedata_v2/train_00821/traj_0008,bridgedata_v2,test,bridgedata_v2:train_00821,24,24,data/processed/bridgedata_v2/train_00821/traj_0008
bridgedata_v2__train_00821__traj_0013,bridgedata_v2/train_00821/traj_0013,bridgedata_v2,test,bridgedata_v2:train_00821,36,36,data/processed/bridgedata_v2/train_00821/traj_0013
bridgedata_v2__train_00821__traj_0016,bridgedata_v2/train_00821/traj_0016,bridgedata_v2,test,bridgedata_v2:train_00821,31,31,data/processed/bridgedata_v2/train_00821/traj_0016
bridgedata_v2__train_00824__traj_0010,bridgedata_v2/train_00824/traj_0010,bridgedata_v2,test,bridgedata_v2:train_00824,38,38,data/processed/bridgedata_v2/train_00824/traj_0010
bridgedata_v2__train_00860__traj_0018,bridgedata_v2/train_00860/traj_0018,bridgedata_v2,test,bridgedata_v2:train_00860,24,24,data/processed/bridgedata_v2/train_00860/traj_0018
bridgedata_v2__train_00871__traj_0010,bridgedata_v2/train_00871/traj_0010,bridgedata_v2,test,bridgedata_v2:train_00871,44,44,data/processed/bridgedata_v2/train_00871/traj_0010
bridgedata_v2__train_00872__traj_0004,bridgedata_v2/train_00872/traj_0004,bridgedata_v2,test,bridgedata_v2:train_00872,41,41,data/processed/bridgedata_v2/train_00872/traj_0004
bridgedata_v2__train_00897__traj_0005,bridgedata_v2/train_00897/traj_0005,bridgedata_v2,test,bridgedata_v2:train_00897,46,46,data/processed/bridgedata_v2/train_00897/traj_0005
bridgedata_v2__train_00942__traj_0020,bridgedata_v2/train_00942/traj_0020,bridgedata_v2,test,bridgedata_v2:train_00942,49,49,data/processed/bridgedata_v2/train_00942/traj_0020
bridgedata_v2__train_00965__traj_0015,bridgedata_v2/train_00965/traj_0015,bridgedata_v2,test,bridgedata_v2:train_00965,23,23,data/processed/bridgedata_v2/train_00965/traj_0015
bridgedata_v2__train_00987__traj_0021,bridgedata_v2/train_00987/traj_0021,bridgedata_v2,test,bridgedata_v2:train_00987,29,29,data/processed/bridgedata_v2/train_00987/traj_0021
bridgedata_v2__train_01001__traj_0018,bridgedata_v2/train_01001/traj_0018,bridgedata_v2,test,bridgedata_v2:train_01001,20,20,data/processed/bridgedata_v2/train_01001/traj_0018
bridgedata_v2__train_01008__traj_0019,bridgedata_v2/train_01008/traj_0019,bridgedata_v2,test,bridgedata_v2:train_01008,24,24,data/processed/bridgedata_v2/train_01008/traj_0019
nyuv2__basement__0001b,nyuv2/basement/0001b,nyuv2,train,nyuv2:basement,114,64,data/processed/nyuv2/basement/0001b
nyuv2__basement__0001c,nyuv2/basement/0001c,nyuv2,train,nyuv2:basement,93,64,data/processed/nyuv2/basement/0001c
nyuv2__bathroom__0001,nyuv2/bathroom/0001,nyuv2,train,nyuv2:bathroom,54,54,data/processed/nyuv2/bathroom/0001
nyuv2__bathroom__0002,nyuv2/bathroom/0002,nyuv2,train,nyuv2:bathroom,118,64,data/processed/nyuv2/bathroom/0002
nyuv2__bathroom__0003,nyuv2/bathroom/0003,nyuv2,train,nyuv2:bathroom,191,64,data/processed/nyuv2/bathroom/0003
nyuv2__bathroom__0004,nyuv2/bathroom/0004,nyuv2,train,nyuv2:bathroom,130,64,data/processed/nyuv2/bathroom/0004
nyuv2__bathroom__0005,nyuv2/bathroom/0005,nyuv2,train,nyuv2:bathroom,128,64,data/processed/nyuv2/bathroom/0005
nyuv2__bathroom__0006,nyuv2/bathroom/0006,nyuv2,train,nyuv2:bathroom,149,64,data/processed/nyuv2/bathroom/0006
nyuv2__bathroom__0007,nyuv2/bathroom/0007,nyuv2,train,nyuv2:bathroom,289,64,data/processed/nyuv2/bathroom/0007
nyuv2__bathroom__0008,nyuv2/bathroom/0008,nyuv2,train,nyuv2:bathroom,108,64,data/processed/nyuv2/bathroom/0008
nyuv2__bathroom__0009,nyuv2/bathroom/0009,nyuv2,train,nyuv2:bathroom,107,64,data/processed/nyuv2/bathroom/0009
nyuv2__bathroom__0010,nyuv2/bathroom/0010,nyuv2,train,nyuv2:bathroom,139,64,data/processed/nyuv2/bathroom/0010
nyuv2__bathroom__0011,nyuv2/bathroom/0011,nyuv2,train,nyuv2:bathroom,116,64,data/processed/nyuv2/bathroom/0011
nyuv2__bathroom__0012,nyuv2/bathroom/0012,nyuv2,train,nyuv2:bathroom,160,64,data/processed/nyuv2/bathroom/0012
nyuv2__bathroom__0013,nyuv2/bathroom/0013,nyuv2,train,nyuv2:bathroom,176,64,data/processed/nyuv2/bathroom/0013
nyuv2__bathroom__0014a,nyuv2/bathroom/0014a,nyuv2,train,nyuv2:bathroom,194,64,data/processed/nyuv2/bathroom/0014a
nyuv2__bathroom__0016,nyuv2/bathroom/0016,nyuv2,train,nyuv2:bathroom,90,64,data/processed/nyuv2/bathroom/0016
nyuv2__bathroom__0017,nyuv2/bathroom/0017,nyuv2,train,nyuv2:bathroom,285,64,data/processed/nyuv2/bathroom/0017
nyuv2__bathroom__0019,nyuv2/bathroom/0019,nyuv2,train,nyuv2:bathroom,226,64,data/processed/nyuv2/bathroom/0019
nyuv2__bathroom__0020,nyuv2/bathroom/0020,nyuv2,train,nyuv2:bathroom,101,64,data/processed/nyuv2/bathroom/0020
nyuv2__bathroom__0021,nyuv2/bathroom/0021,nyuv2,train,nyuv2:bathroom,62,62,data/processed/nyuv2/bathroom/0021
nyuv2__bathroom__0022,nyuv2/bathroom/0022,nyuv2,train,nyuv2:bathroom,63,63,data/processed/nyuv2/bathroom/0022
nyuv2__bathroom__0024,nyuv2/bathroom/0024,nyuv2,train,nyuv2:bathroom,141,64,data/processed/nyuv2/bathroom/0024
nyuv2__bathroom__0025,nyuv2/bathroom/0025,nyuv2,train,nyuv2:bathroom,106,64,data/processed/nyuv2/bathroom/0025
nyuv2__bathroom__0026,nyuv2/bathroom/0026,nyuv2,train,nyuv2:bathroom,173,64,data/processed/nyuv2/bathroom/0026
nyuv2__bathroom__0028,nyuv2/bathroom/0028,nyuv2,train,nyuv2:bathroom,414,64,data/processed/nyuv2/bathroom/0028
nyuv2__bathroom__0029,nyuv2/bathroom/0029,nyuv2,train,nyuv2:bathroom,130,64,data/processed/nyuv2/bathroom/0029
nyuv2__bathroom__0030,nyuv2/bathroom/0030,nyuv2,train,nyuv2:bathroom,130,64,data/processed/nyuv2/bathroom/0030
nyuv2__bathroom__0031,nyuv2/bathroom/0031,nyuv2,train,nyuv2:bathroom,159,64,data/processed/nyuv2/bathroom/0031
nyuv2__bathroom__0032,nyuv2/bathroom/0032,nyuv2,train,nyuv2:bathroom,264,64,data/processed/nyuv2/bathroom/0032
nyuv2__bathroom__0033,nyuv2/bathroom/0033,nyuv2,train,nyuv2:bathroom,151,64,data/processed/nyuv2/bathroom/0033
nyuv2__bathroom__0034,nyuv2/bathroom/0034,nyuv2,train,nyuv2:bathroom,210,64,data/processed/nyuv2/bathroom/0034
nyuv2__bathroom__0038,nyuv2/bathroom/0038,nyuv2,train,nyuv2:bathroom,173,64,data/processed/nyuv2/bathroom/0038
nyuv2__bathroom__0040,nyuv2/bathroom/0040,nyuv2,train,nyuv2:bathroom,167,64,data/processed/nyuv2/bathroom/0040
nyuv2__bathroom__0044,nyuv2/bathroom/0044,nyuv2,train,nyuv2:bathroom,113,64,data/processed/nyuv2/bathroom/0044
nyuv2__bathroom__0045a,nyuv2/bathroom/0045a,nyuv2,train,nyuv2:bathroom,150,64,data/processed/nyuv2/bathroom/0045a
nyuv2__bathroom__0045b,nyuv2/bathroom/0045b,nyuv2,train,nyuv2:bathroom,96,64,data/processed/nyuv2/bathroom/0045b
nyuv2__bathroom__0046,nyuv2/bathroom/0046,nyuv2,train,nyuv2:bathroom,127,64,data/processed/nyuv2/bathroom/0046
nyuv2__bathroom__0048,nyuv2/bathroom/0048,nyuv2,train,nyuv2:bathroom,246,64,data/processed/nyuv2/bathroom/0048
nyuv2__bathroom__0050,nyuv2/bathroom/0050,nyuv2,train,nyuv2:bathroom,34,34,data/processed/nyuv2/bathroom/0050
nyuv2__bathroom__0051,nyuv2/bathroom/0051,nyuv2,train,nyuv2:bathroom,137,64,data/processed/nyuv2/bathroom/0051
nyuv2__bathroom__0052,nyuv2/bathroom/0052,nyuv2,train,nyuv2:bathroom,160,64,data/processed/nyuv2/bathroom/0052
nyuv2__bathroom__0053,nyuv2/bathroom/0053,nyuv2,train,nyuv2:bathroom,136,64,data/processed/nyuv2/bathroom/0053
nyuv2__bathroom__0054,nyuv2/bathroom/0054,nyuv2,train,nyuv2:bathroom,63,63,data/processed/nyuv2/bathroom/0054
nyuv2__bathroom__0056,nyuv2/bathroom/0056,nyuv2,train,nyuv2:bathroom,129,64,data/processed/nyuv2/bathroom/0056
nyuv2__bathroom__0057,nyuv2/bathroom/0057,nyuv2,train,nyuv2:bathroom,82,64,data/processed/nyuv2/bathroom/0057
nyuv2__bathroom__0058,nyuv2/bathroom/0058,nyuv2,train,nyuv2:bathroom,222,64,data/processed/nyuv2/bathroom/0058
nyuv2__bathroom__0060,nyuv2/bathroom/0060,nyuv2,train,nyuv2:bathroom,179,64,data/processed/nyuv2/bathroom/0060
nyuv2__bedroom__0001,nyuv2/bedroom/0001,nyuv2,train,nyuv2:bedroom,39,39,data/processed/nyuv2/bedroom/0001
nyuv2__bedroom__0002,nyuv2/bedroom/0002,nyuv2,train,nyuv2:bedroom,136,64,data/processed/nyuv2/bedroom/0002
nyuv2__bedroom__0003,nyuv2/bedroom/0003,nyuv2,train,nyuv2:bedroom,755,64,data/processed/nyuv2/bedroom/0003
nyuv2__bedroom__0004,nyuv2/bedroom/0004,nyuv2,train,nyuv2:bedroom,456,64,data/processed/nyuv2/bedroom/0004
nyuv2__bedroom__0005,nyuv2/bedroom/0005,nyuv2,train,nyuv2:bedroom,286,64,data/processed/nyuv2/bedroom/0005
nyuv2__bedroom__0006,nyuv2/bedroom/0006,nyuv2,train,nyuv2:bedroom,473,64,data/processed/nyuv2/bedroom/0006
nyuv2__bedroom__0007,nyuv2/bedroom/0007,nyuv2,train,nyuv2:bedroom,474,64,data/processed/nyuv2/bedroom/0007
nyuv2__bedroom__0008,nyuv2/bedroom/0008,nyuv2,train,nyuv2:bedroom,39,39,data/processed/nyuv2/bedroom/0008
nyuv2__bedroom__0009,nyuv2/bedroom/0009,nyuv2,train,nyuv2:bedroom,44,44,data/processed/nyuv2/bedroom/0009
nyuv2__bedroom__0011,nyuv2/bedroom/0011,nyuv2,train,nyuv2:bedroom,141,64,data/processed/nyuv2/bedroom/0011
nyuv2__bedroom__0012,nyuv2/bedroom/0012,nyuv2,train,nyuv2:bedroom,188,64,data/processed/nyuv2/bedroom/0012
nyuv2__bedroom__0013,nyuv2/bedroom/0013,nyuv2,train,nyuv2:bedroom,460,64,data/processed/nyuv2/bedroom/0013
nyuv2__bedroom__0014,nyuv2/bedroom/0014,nyuv2,train,nyuv2:bedroom,171,64,data/processed/nyuv2/bedroom/0014
nyuv2__bedroom__0015,nyuv2/bedroom/0015,nyuv2,train,nyuv2:bedroom,249,64,data/processed/nyuv2/bedroom/0015
nyuv2__bedroom__0017,nyuv2/bedroom/0017,nyuv2,train,nyuv2:bedroom,366,64,data/processed/nyuv2/bedroom/0017
nyuv2__bedroom__0018a,nyuv2/bedroom/0018a,nyuv2,train,nyuv2:bedroom,394,64,data/processed/nyuv2/bedroom/0018a
nyuv2__bedroom__0018b,nyuv2/bedroom/0018b,nyuv2,train,nyuv2:bedroom,171,64,data/processed/nyuv2/bedroom/0018b
nyuv2__bedroom__0019,nyuv2/bedroom/0019,nyuv2,train,nyuv2:bedroom,403,64,data/processed/nyuv2/bedroom/0019
nyuv2__bedroom__0020,nyuv2/bedroom/0020,nyuv2,train,nyuv2:bedroom,282,64,data/processed/nyuv2/bedroom/0020
nyuv2__bedroom__0021,nyuv2/bedroom/0021,nyuv2,train,nyuv2:bedroom,278,64,data/processed/nyuv2/bedroom/0021
nyuv2__bedroom__0022,nyuv2/bedroom/0022,nyuv2,train,nyuv2:bedroom,168,64,data/processed/nyuv2/bedroom/0022
nyuv2__bedroom__0024,nyuv2/bedroom/0024,nyuv2,train,nyuv2:bedroom,493,64,data/processed/nyuv2/bedroom/0024
nyuv2__bedroom__0025,nyuv2/bedroom/0025,nyuv2,train,nyuv2:bedroom,370,64,data/processed/nyuv2/bedroom/0025
nyuv2__bedroom__0026,nyuv2/bedroom/0026,nyuv2,train,nyuv2:bedroom,361,64,data/processed/nyuv2/bedroom/0026
nyuv2__bedroom__0027,nyuv2/bedroom/0027,nyuv2,train,nyuv2:bedroom,371,64,data/processed/nyuv2/bedroom/0027
nyuv2__bedroom__0028,nyuv2/bedroom/0028,nyuv2,train,nyuv2:bedroom,184,64,data/processed/nyuv2/bedroom/0028
nyuv2__bedroom__0032,nyuv2/bedroom/0032,nyuv2,train,nyuv2:bedroom,355,64,data/processed/nyuv2/bedroom/0032
nyuv2__bedroom__0033,nyuv2/bedroom/0033,nyuv2,train,nyuv2:bedroom,402,64,data/processed/nyuv2/bedroom/0033
nyuv2__bedroom__0034,nyuv2/bedroom/0034,nyuv2,train,nyuv2:bedroom,303,64,data/processed/nyuv2/bedroom/0034
nyuv2__bedroom__0035,nyuv2/bedroom/0035,nyuv2,train,nyuv2:bedroom,88,64,data/processed/nyuv2/bedroom/0035
nyuv2__bedroom__0036,nyuv2/bedroom/0036,nyuv2,train,nyuv2:bedroom,16,16,data/processed/nyuv2/bedroom/0036
nyuv2__bedroom__0037,nyuv2/bedroom/0037,nyuv2,train,nyuv2:bedroom,296,64,data/processed/nyuv2/bedroom/0037
nyuv2__bedroom__0038,nyuv2/bedroom/0038,nyuv2,train,nyuv2:bedroom,60,60,data/processed/nyuv2/bedroom/0038
nyuv2__bedroom__0039,nyuv2/bedroom/0039,nyuv2,train,nyuv2:bedroom,89,64,data/processed/nyuv2/bedroom/0039
nyuv2__bedroom__0040,nyuv2/bedroom/0040,nyuv2,train,nyuv2:bedroom,212,64,data/processed/nyuv2/bedroom/0040
nyuv2__bedroom__0041,nyuv2/bedroom/0041,nyuv2,train,nyuv2:bedroom,182,64,data/processed/nyuv2/bedroom/0041
nyuv2__bedroom__0042,nyuv2/bedroom/0042,nyuv2,train,nyuv2:bedroom,143,64,data/processed/nyuv2/bedroom/0042
nyuv2__bedroom__0043,nyuv2/bedroom/0043,nyuv2,train,nyuv2:bedroom,198,64,data/processed/nyuv2/bedroom/0043
nyuv2__bedroom__0044,nyuv2/bedroom/0044,nyuv2,train,nyuv2:bedroom,61,61,data/processed/nyuv2/bedroom/0044
nyuv2__bedroom__0045,nyuv2/bedroom/0045,nyuv2,train,nyuv2:bedroom,48,48,data/processed/nyuv2/bedroom/0045
nyuv2__bedroom__0046,nyuv2/bedroom/0046,nyuv2,train,nyuv2:bedroom,26,26,data/processed/nyuv2/bedroom/0046
nyuv2__bedroom__0047,nyuv2/bedroom/0047,nyuv2,train,nyuv2:bedroom,158,64,data/processed/nyuv2/bedroom/0047
nyuv2__bedroom__0048,nyuv2/bedroom/0048,nyuv2,train,nyuv2:bedroom,493,64,data/processed/nyuv2/bedroom/0048
nyuv2__bedroom__0049,nyuv2/bedroom/0049,nyuv2,train,nyuv2:bedroom,208,64,data/processed/nyuv2/bedroom/0049
nyuv2__bedroom__0050,nyuv2/bedroom/0050,nyuv2,train,nyuv2:bedroom,457,64,data/processed/nyuv2/bedroom/0050
nyuv2__bedroom__0052,nyuv2/bedroom/0052,nyuv2,train,nyuv2:bedroom,514,64,data/processed/nyuv2/bedroom/0052
nyuv2__bedroom__0053,nyuv2/bedroom/0053,nyuv2,train,nyuv2:bedroom,258,64,data/processed/nyuv2/bedroom/0053
nyuv2__bedroom__0054,nyuv2/bedroom/0054,nyuv2,train,nyuv2:bedroom,276,64,data/processed/nyuv2/bedroom/0054
nyuv2__bedroom__0055,nyuv2/bedroom/0055,nyuv2,train,nyuv2:bedroom,95,64,data/processed/nyuv2/bedroom/0055
nyuv2__bedroom__0057,nyuv2/bedroom/0057,nyuv2,train,nyuv2:bedroom,101,64,data/processed/nyuv2/bedroom/0057
nyuv2__bedroom__0058,nyuv2/bedroom/0058,nyuv2,train,nyuv2:bedroom,365,64,data/processed/nyuv2/bedroom/0058
nyuv2__bedroom__0060,nyuv2/bedroom/0060,nyuv2,train,nyuv2:bedroom,246,64,data/processed/nyuv2/bedroom/0060
nyuv2__bedroom__0061,nyuv2/bedroom/0061,nyuv2,train,nyuv2:bedroom,175,64,data/processed/nyuv2/bedroom/0061
nyuv2__bedroom__0062,nyuv2/bedroom/0062,nyuv2,train,nyuv2:bedroom,378,64,data/processed/nyuv2/bedroom/0062
nyuv2__bedroom__0063,nyuv2/bedroom/0063,nyuv2,train,nyuv2:bedroom,346,64,data/processed/nyuv2/bedroom/0063
nyuv2__bedroom__0064,nyuv2/bedroom/0064,nyuv2,train,nyuv2:bedroom,88,64,data/processed/nyuv2/bedroom/0064
nyuv2__bedroom__0065,nyuv2/bedroom/0065,nyuv2,train,nyuv2:bedroom,108,64,data/processed/nyuv2/bedroom/0065
nyuv2__bedroom__0067b,nyuv2/bedroom/0067b,nyuv2,train,nyuv2:bedroom,80,64,data/processed/nyuv2/bedroom/0067b
nyuv2__bedroom__0068,nyuv2/bedroom/0068,nyuv2,train,nyuv2:bedroom,265,64,data/processed/nyuv2/bedroom/0068
nyuv2__bedroom__0069,nyuv2/bedroom/0069,nyuv2,train,nyuv2:bedroom,296,64,data/processed/nyuv2/bedroom/0069
nyuv2__bedroom__0070,nyuv2/bedroom/0070,nyuv2,train,nyuv2:bedroom,113,64,data/processed/nyuv2/bedroom/0070
nyuv2__bedroom__0071,nyuv2/bedroom/0071,nyuv2,train,nyuv2:bedroom,446,64,data/processed/nyuv2/bedroom/0071
nyuv2__bedroom__0072,nyuv2/bedroom/0072,nyuv2,train,nyuv2:bedroom,433,64,data/processed/nyuv2/bedroom/0072
nyuv2__bedroom__0073,nyuv2/bedroom/0073,nyuv2,train,nyuv2:bedroom,178,64,data/processed/nyuv2/bedroom/0073
nyuv2__bedroom__0074,nyuv2/bedroom/0074,nyuv2,train,nyuv2:bedroom,311,64,data/processed/nyuv2/bedroom/0074
nyuv2__bedroom__0075,nyuv2/bedroom/0075,nyuv2,train,nyuv2:bedroom,252,64,data/processed/nyuv2/bedroom/0075
nyuv2__bedroom__0077,nyuv2/bedroom/0077,nyuv2,train,nyuv2:bedroom,370,64,data/processed/nyuv2/bedroom/0077
nyuv2__bedroom__0078,nyuv2/bedroom/0078,nyuv2,train,nyuv2:bedroom,399,64,data/processed/nyuv2/bedroom/0078
nyuv2__bedroom__0079,nyuv2/bedroom/0079,nyuv2,train,nyuv2:bedroom,141,64,data/processed/nyuv2/bedroom/0079
nyuv2__bedroom__0080,nyuv2/bedroom/0080,nyuv2,train,nyuv2:bedroom,157,64,data/processed/nyuv2/bedroom/0080
nyuv2__bedroom__0081,nyuv2/bedroom/0081,nyuv2,train,nyuv2:bedroom,110,64,data/processed/nyuv2/bedroom/0081
nyuv2__bedroom__0082,nyuv2/bedroom/0082,nyuv2,train,nyuv2:bedroom,147,64,data/processed/nyuv2/bedroom/0082
nyuv2__bedroom__0083,nyuv2/bedroom/0083,nyuv2,train,nyuv2:bedroom,223,64,data/processed/nyuv2/bedroom/0083
nyuv2__bedroom__0084,nyuv2/bedroom/0084,nyuv2,train,nyuv2:bedroom,405,64,data/processed/nyuv2/bedroom/0084
nyuv2__bedroom__0085,nyuv2/bedroom/0085,nyuv2,train,nyuv2:bedroom,368,64,data/processed/nyuv2/bedroom/0085
nyuv2__bedroom__0086,nyuv2/bedroom/0086,nyuv2,train,nyuv2:bedroom,308,64,data/processed/nyuv2/bedroom/0086
nyuv2__bedroom__0088,nyuv2/bedroom/0088,nyuv2,train,nyuv2:bedroom,343,64,data/processed/nyuv2/bedroom/0088
nyuv2__bedroom__0089,nyuv2/bedroom/0089,nyuv2,train,nyuv2:bedroom,261,64,data/processed/nyuv2/bedroom/0089
nyuv2__bedroom__0090,nyuv2/bedroom/0090,nyuv2,train,nyuv2:bedroom,91,64,data/processed/nyuv2/bedroom/0090
nyuv2__bedroom__0091,nyuv2/bedroom/0091,nyuv2,train,nyuv2:bedroom,93,64,data/processed/nyuv2/bedroom/0091
nyuv2__bedroom__0092,nyuv2/bedroom/0092,nyuv2,train,nyuv2:bedroom,137,64,data/processed/nyuv2/bedroom/0092
nyuv2__bedroom__0093,nyuv2/bedroom/0093,nyuv2,train,nyuv2:bedroom,259,64,data/processed/nyuv2/bedroom/0093
nyuv2__bedroom__0094,nyuv2/bedroom/0094,nyuv2,train,nyuv2:bedroom,106,64,data/processed/nyuv2/bedroom/0094
nyuv2__bedroom__0095,nyuv2/bedroom/0095,nyuv2,train,nyuv2:bedroom,313,64,data/processed/nyuv2/bedroom/0095
nyuv2__bedroom__0096,nyuv2/bedroom/0096,nyuv2,train,nyuv2:bedroom,224,64,data/processed/nyuv2/bedroom/0096
nyuv2__bedroom__0098,nyuv2/bedroom/0098,nyuv2,train,nyuv2:bedroom,187,64,data/processed/nyuv2/bedroom/0098
nyuv2__bedroom__0099,nyuv2/bedroom/0099,nyuv2,train,nyuv2:bedroom,192,64,data/processed/nyuv2/bedroom/0099
nyuv2__bedroom__0100,nyuv2/bedroom/0100,nyuv2,train,nyuv2:bedroom,175,64,data/processed/nyuv2/bedroom/0100
nyuv2__bedroom__0101,nyuv2/bedroom/0101,nyuv2,train,nyuv2:bedroom,318,64,data/processed/nyuv2/bedroom/0101
nyuv2__bedroom__0104,nyuv2/bedroom/0104,nyuv2,train,nyuv2:bedroom,287,64,data/processed/nyuv2/bedroom/0104
nyuv2__bedroom__0105,nyuv2/bedroom/0105,nyuv2,train,nyuv2:bedroom,86,64,data/processed/nyuv2/bedroom/0105
nyuv2__bedroom__0106,nyuv2/bedroom/0106,nyuv2,train,nyuv2:bedroom,350,64,data/processed/nyuv2/bedroom/0106
nyuv2__bedroom__0107,nyuv2/bedroom/0107,nyuv2,train,nyuv2:bedroom,125,64,data/processed/nyuv2/bedroom/0107
nyuv2__bedroom__0108,nyuv2/bedroom/0108,nyuv2,train,nyuv2:bedroom,119,64,data/processed/nyuv2/bedroom/0108
nyuv2__bedroom__0111,nyuv2/bedroom/0111,nyuv2,train,nyuv2:bedroom,144,64,data/processed/nyuv2/bedroom/0111
nyuv2__bedroom__0112,nyuv2/bedroom/0112,nyuv2,train,nyuv2:bedroom,145,64,data/processed/nyuv2/bedroom/0112
nyuv2__bedroom__0114,nyuv2/bedroom/0114,nyuv2,train,nyuv2:bedroom,460,64,data/processed/nyuv2/bedroom/0114
nyuv2__bedroom__0115,nyuv2/bedroom/0115,nyuv2,train,nyuv2:bedroom,347,64,data/processed/nyuv2/bedroom/0115
nyuv2__bedroom__0116,nyuv2/bedroom/0116,nyuv2,train,nyuv2:bedroom,33,33,data/processed/nyuv2/bedroom/0116
nyuv2__bedroom__0117,nyuv2/bedroom/0117,nyuv2,train,nyuv2:bedroom,213,64,data/processed/nyuv2/bedroom/0117
nyuv2__bedroom__0118,nyuv2/bedroom/0118,nyuv2,train,nyuv2:bedroom,71,64,data/processed/nyuv2/bedroom/0118
nyuv2__bedroom__0120,nyuv2/bedroom/0120,nyuv2,train,nyuv2:bedroom,215,64,data/processed/nyuv2/bedroom/0120
nyuv2__bedroom__0121,nyuv2/bedroom/0121,nyuv2,train,nyuv2:bedroom,80,64,data/processed/nyuv2/bedroom/0121
nyuv2__bedroom__0122,nyuv2/bedroom/0122,nyuv2,train,nyuv2:bedroom,40,40,data/processed/nyuv2/bedroom/0122
nyuv2__bedroom__0124,nyuv2/bedroom/0124,nyuv2,train,nyuv2:bedroom,319,64,data/processed/nyuv2/bedroom/0124
nyuv2__bedroom__0125a,nyuv2/bedroom/0125a,nyuv2,train,nyuv2:bedroom,78,64,data/processed/nyuv2/bedroom/0125a
nyuv2__bedroom__0125b,nyuv2/bedroom/0125b,nyuv2,train,nyuv2:bedroom,232,64,data/processed/nyuv2/bedroom/0125b
nyuv2__bedroom__0126,nyuv2/bedroom/0126,nyuv2,train,nyuv2:bedroom,164,64,data/processed/nyuv2/bedroom/0126
nyuv2__bedroom__0127,nyuv2/bedroom/0127,nyuv2,train,nyuv2:bedroom,276,64,data/processed/nyuv2/bedroom/0127
nyuv2__bedroom__0128,nyuv2/bedroom/0128,nyuv2,train,nyuv2:bedroom,261,64,data/processed/nyuv2/bedroom/0128
nyuv2__bedroom__0129,nyuv2/bedroom/0129,nyuv2,train,nyuv2:bedroom,228,64,data/processed/nyuv2/bedroom/0129
nyuv2__bedroom__0130,nyuv2/bedroom/0130,nyuv2,train,nyuv2:bedroom,231,64,data/processed/nyuv2/bedroom/0130
nyuv2__bedroom__0132,nyuv2/bedroom/0132,nyuv2,train,nyuv2:bedroom,114,64,data/processed/nyuv2/bedroom/0132
nyuv2__bedroom__0133a,nyuv2/bedroom/0133a,nyuv2,train,nyuv2:bedroom,183,64,data/processed/nyuv2/bedroom/0133a
nyuv2__bedroom__0133b,nyuv2/bedroom/0133b,nyuv2,train,nyuv2:bedroom,112,64,data/processed/nyuv2/bedroom/0133b
nyuv2__bedroom__0134a,nyuv2/bedroom/0134a,nyuv2,train,nyuv2:bedroom,56,56,data/processed/nyuv2/bedroom/0134a
nyuv2__bedroom__0134b,nyuv2/bedroom/0134b,nyuv2,train,nyuv2:bedroom,97,64,data/processed/nyuv2/bedroom/0134b
nyuv2__bedroom__0135,nyuv2/bedroom/0135,nyuv2,train,nyuv2:bedroom,207,64,data/processed/nyuv2/bedroom/0135
nyuv2__bedroom__0136,nyuv2/bedroom/0136,nyuv2,train,nyuv2:bedroom,383,64,data/processed/nyuv2/bedroom/0136
nyuv2__bedroom__0137,nyuv2/bedroom/0137,nyuv2,train,nyuv2:bedroom,216,64,data/processed/nyuv2/bedroom/0137
nyuv2__bedroom__0138,nyuv2/bedroom/0138,nyuv2,train,nyuv2:bedroom,249,64,data/processed/nyuv2/bedroom/0138
nyuv2__bedroom__0139,nyuv2/bedroom/0139,nyuv2,train,nyuv2:bedroom,168,64,data/processed/nyuv2/bedroom/0139
nyuv2__bedroom__0140,nyuv2/bedroom/0140,nyuv2,train,nyuv2:bedroom,423,64,data/processed/nyuv2/bedroom/0140
nyuv2__bookstore__0001a,nyuv2/bookstore/0001a,nyuv2,train,nyuv2:bookstore,950,64,data/processed/nyuv2/bookstore/0001a
nyuv2__bookstore__0001c,nyuv2/bookstore/0001c,nyuv2,train,nyuv2:bookstore,505,64,data/processed/nyuv2/bookstore/0001c
nyuv2__bookstore__0001e,nyuv2/bookstore/0001e,nyuv2,train,nyuv2:bookstore,551,64,data/processed/nyuv2/bookstore/0001e
nyuv2__bookstore__0001f,nyuv2/bookstore/0001f,nyuv2,train,nyuv2:bookstore,1220,64,data/processed/nyuv2/bookstore/0001f
nyuv2__bookstore__0001i,nyuv2/bookstore/0001i,nyuv2,train,nyuv2:bookstore,402,64,data/processed/nyuv2/bookstore/0001i
nyuv2__bookstore__0001j,nyuv2/bookstore/0001j,nyuv2,train,nyuv2:bookstore,743,64,data/processed/nyuv2/bookstore/0001j
nyuv2__bookstore__0001k,nyuv2/bookstore/0001k,nyuv2,train,nyuv2:bookstore,480,64,data/processed/nyuv2/bookstore/0001k
nyuv2__bookstore__0001l,nyuv2/bookstore/0001l,nyuv2,train,nyuv2:bookstore,311,64,data/processed/nyuv2/bookstore/0001l
nyuv2__bookstore__0001m,nyuv2/bookstore/0001m,nyuv2,train,nyuv2:bookstore,853,64,data/processed/nyuv2/bookstore/0001m
nyuv2__cafe__0001a,nyuv2/cafe/0001a,nyuv2,train,nyuv2:cafe,209,64,data/processed/nyuv2/cafe/0001a
nyuv2__cafe__0001c,nyuv2/cafe/0001c,nyuv2,train,nyuv2:cafe,261,64,data/processed/nyuv2/cafe/0001c
nyuv2__computer_lab__0001,nyuv2/computer_lab/0001,nyuv2,train,nyuv2:computer_lab,513,64,data/processed/nyuv2/computer_lab/0001
nyuv2__computer_lab__0002,nyuv2/computer_lab/0002,nyuv2,train,nyuv2:computer_lab,122,64,data/processed/nyuv2/computer_lab/0002
nyuv2__conference_room__0001,nyuv2/conference_room/0001,nyuv2,train,nyuv2:conference_room,354,64,data/processed/nyuv2/conference_room/0001
nyuv2__dentist_office__0001,nyuv2/dentist_office/0001,nyuv2,train,nyuv2:dentist_office,642,64,data/processed/nyuv2/dentist_office/0001
nyuv2__dining_room__0001a,nyuv2/dining_room/0001a,nyuv2,train,nyuv2:dining_room,118,64,data/processed/nyuv2/dining_room/0001a
nyuv2__dining_room__0003,nyuv2/dining_room/0003,nyuv2,train,nyuv2:dining_room,433,64,data/processed/nyuv2/dining_room/0003
nyuv2__dining_room__0004,nyuv2/dining_room/0004,nyuv2,train,nyuv2:dining_room,288,64,data/processed/nyuv2/dining_room/0004
nyuv2__dining_room__0005,nyuv2/dining_room/0005,nyuv2,train,nyuv2:dining_room,358,64,data/processed/nyuv2/dining_room/0005
nyuv2__dining_room__0006,nyuv2/dining_room/0006,nyuv2,train,nyuv2:dining_room,85,64,data/processed/nyuv2/dining_room/0006
nyuv2__dining_room__0007,nyuv2/dining_room/0007,nyuv2,train,nyuv2:dining_room,554,64,data/processed/nyuv2/dining_room/0007
nyuv2__dining_room__0008,nyuv2/dining_room/0008,nyuv2,train,nyuv2:dining_room,473,64,data/processed/nyuv2/dining_room/0008
nyuv2__dining_room__0009,nyuv2/dining_room/0009,nyuv2,train,nyuv2:dining_room,106,64,data/processed/nyuv2/dining_room/0009
nyuv2__dining_room__0010,nyuv2/dining_room/0010,nyuv2,train,nyuv2:dining_room,260,64,data/processed/nyuv2/dining_room/0010
nyuv2__dining_room__0012,nyuv2/dining_room/0012,nyuv2,train,nyuv2:dining_room,545,64,data/processed/nyuv2/dining_room/0012
nyuv2__dining_room__0013,nyuv2/dining_room/0013,nyuv2,train,nyuv2:dining_room,476,64,data/processed/nyuv2/dining_room/0013
nyuv2__dining_room__0014,nyuv2/dining_room/0014,nyuv2,train,nyuv2:dining_room,290,64,data/processed/nyuv2/dining_room/0014
nyuv2__dining_room__0015,nyuv2/dining_room/0015,nyuv2,train,nyuv2:dining_room,672,64,data/processed/nyuv2/dining_room/0015
nyuv2__dining_room__0016,nyuv2/dining_room/0016,nyuv2,train,nyuv2:dining_room,509,64,data/processed/nyuv2/dining_room/0016
nyuv2__dining_room__0017,nyuv2/dining_room/0017,nyuv2,train,nyuv2:dining_room,209,64,data/processed/nyuv2/dining_room/0017
nyuv2__dining_room__0018,nyuv2/dining_room/0018,nyuv2,train,nyuv2:dining_room,521,64,data/processed/nyuv2/dining_room/0018
nyuv2__dining_room__0019,nyuv2/dining_room/0019,nyuv2,train,nyuv2:dining_room,402,64,data/processed/nyuv2/dining_room/0019
nyuv2__dining_room__0020,nyuv2/dining_room/0020,nyuv2,train,nyuv2:dining_room,528,64,data/processed/nyuv2/dining_room/0020
nyuv2__dining_room__0021,nyuv2/dining_room/0021,nyuv2,train,nyuv2:dining_room,376,64,data/processed/nyuv2/dining_room/0021
nyuv2__dining_room__0022,nyuv2/dining_room/0022,nyuv2,train,nyuv2:dining_room,329,64,data/processed/nyuv2/dining_room/0022
nyuv2__dining_room__0023,nyuv2/dining_room/0023,nyuv2,train,nyuv2:dining_room,432,64,data/processed/nyuv2/dining_room/0023
nyuv2__dining_room__0024,nyuv2/dining_room/0024,nyuv2,train,nyuv2:dining_room,434,64,data/processed/nyuv2/dining_room/0024
nyuv2__dining_room__0025,nyuv2/dining_room/0025,nyuv2,train,nyuv2:dining_room,501,64,data/processed/nyuv2/dining_room/0025
nyuv2__dining_room__0026a,nyuv2/dining_room/0026a,nyuv2,train,nyuv2:dining_room,427,64,data/processed/nyuv2/dining_room/0026a
nyuv2__dining_room__0026b,nyuv2/dining_room/0026b,nyuv2,train,nyuv2:dining_room,390,64,data/processed/nyuv2/dining_room/0026b
nyuv2__dining_room__0029,nyuv2/dining_room/0029,nyuv2,train,nyuv2:dining_room,329,64,data/processed/nyuv2/dining_room/0029
nyuv2__dining_room__0030,nyuv2/dining_room/0030,nyuv2,train,nyuv2:dining_room,391,64,data/processed/nyuv2/dining_room/0030
nyuv2__dining_room__0031,nyuv2/dining_room/0031,nyuv2,train,nyuv2:dining_room,960,64,data/processed/nyuv2/dining_room/0031
nyuv2__dining_room__0032,nyuv2/dining_room/0032,nyuv2,train,nyuv2:dining_room,619,64,data/processed/nyuv2/dining_room/0032
nyuv2__dining_room__0033,nyuv2/dining_room/0033,nyuv2,train,nyuv2:dining_room,462,64,data/processed/nyuv2/dining_room/0033
nyuv2__dining_room__0034,nyuv2/dining_room/0034,nyuv2,train,nyuv2:dining_room,541,64,data/processed/nyuv2/dining_room/0034
nyuv2__dining_room__0035,nyuv2/dining_room/0035,nyuv2,train,nyuv2:dining_room,505,64,data/processed/nyuv2/dining_room/0035
nyuv2__dining_room__0036,nyuv2/dining_room/0036,nyuv2,train,nyuv2:dining_room,854,64,data/processed/nyuv2/dining_room/0036
nyuv2__dining_room__0037,nyuv2/dining_room/0037,nyuv2,train,nyuv2:dining_room,417,64,data/processed/nyuv2/dining_room/0037
nyuv2__dining_room__0038,nyuv2/dining_room/0038,nyuv2,train,nyuv2:dining_room,421,64,data/processed/nyuv2/dining_room/0038
nyuv2__foyer__0001,nyuv2/foyer/0001,nyuv2,train,nyuv2:foyer,120,64,data/processed/nyuv2/foyer/0001
nyuv2__foyer__0002,nyuv2/foyer/0002,nyuv2,train,nyuv2:foyer,122,64,data/processed/nyuv2/foyer/0002
nyuv2__furniture_store__0001a,nyuv2/furniture_store/0001a,nyuv2,train,nyuv2:furniture_store,131,64,data/processed/nyuv2/furniture_store/0001a
nyuv2__furniture_store__0001b,nyuv2/furniture_store/0001b,nyuv2,train,nyuv2:furniture_store,241,64,data/processed/nyuv2/furniture_store/0001b
nyuv2__furniture_store__0001c,nyuv2/furniture_store/0001c,nyuv2,train,nyuv2:furniture_store,77,64,data/processed/nyuv2/furniture_store/0001c
nyuv2__furniture_store__0001g,nyuv2/furniture_store/0001g,nyuv2,train,nyuv2:furniture_store,398,64,data/processed/nyuv2/furniture_store/0001g
nyuv2__furniture_store__0002a,nyuv2/furniture_store/0002a,nyuv2,train,nyuv2:furniture_store,985,64,data/processed/nyuv2/furniture_store/0002a
nyuv2__furniture_store__0002c,nyuv2/furniture_store/0002c,nyuv2,train,nyuv2:furniture_store,185,64,data/processed/nyuv2/furniture_store/0002c
nyuv2__furniture_store__0002d,nyuv2/furniture_store/0002d,nyuv2,train,nyuv2:furniture_store,158,64,data/processed/nyuv2/furniture_store/0002d
nyuv2__home_office__0001,nyuv2/home_office/0001,nyuv2,train,nyuv2:home_office,574,64,data/processed/nyuv2/home_office/0001
nyuv2__home_office__0002,nyuv2/home_office/0002,nyuv2,train,nyuv2:home_office,343,64,data/processed/nyuv2/home_office/0002
nyuv2__home_office__0003,nyuv2/home_office/0003,nyuv2,train,nyuv2:home_office,165,64,data/processed/nyuv2/home_office/0003
nyuv2__home_office__0004,nyuv2/home_office/0004,nyuv2,train,nyuv2:home_office,446,64,data/processed/nyuv2/home_office/0004
nyuv2__home_office__0006,nyuv2/home_office/0006,nyuv2,train,nyuv2:home_office,441,64,data/processed/nyuv2/home_office/0006
nyuv2__home_office__0008,nyuv2/home_office/0008,nyuv2,train,nyuv2:home_office,406,64,data/processed/nyuv2/home_office/0008
nyuv2__home_office__0009,nyuv2/home_office/0009,nyuv2,train,nyuv2:home_office,314,64,data/processed/nyuv2/home_office/0009
nyuv2__home_office__0010,nyuv2/home_office/0010,nyuv2,train,nyuv2:home_office,246,64,data/processed/nyuv2/home_office/0010
nyuv2__home_office__0011,nyuv2/home_office/0011,nyuv2,train,nyuv2:home_office,236,64,data/processed/nyuv2/home_office/0011
nyuv2__home_office__0014,nyuv2/home_office/0014,nyuv2,train,nyuv2:home_office,503,64,data/processed/nyuv2/home_office/0014
nyuv2__home_storage__0001,nyuv2/home_storage/0001,nyuv2,train,nyuv2:home_storage,373,64,data/processed/nyuv2/home_storage/0001
nyuv2__indoor_balcony__0001,nyuv2/indoor_balcony/0001,nyuv2,train,nyuv2:indoor_balcony,110,64,data/processed/nyuv2/indoor_balcony/0001
nyuv2__kitchen__0001a,nyuv2/kitchen/0001a,nyuv2,train,nyuv2:kitchen,38,38,data/processed/nyuv2/kitchen/0001a
nyuv2__kitchen__0001b,nyuv2/kitchen/0001b,nyuv2,train,nyuv2:kitchen,95,64,data/processed/nyuv2/kitchen/0001b
nyuv2__kitchen__0001c,nyuv2/kitchen/0001c,nyuv2,train,nyuv2:kitchen,38,38,data/processed/nyuv2/kitchen/0001c
nyuv2__kitchen__0002,nyuv2/kitchen/0002,nyuv2,train,nyuv2:kitchen,1059,64,data/processed/nyuv2/kitchen/0002
nyuv2__kitchen__0003,nyuv2/kitchen/0003,nyuv2,train,nyuv2:kitchen,420,64,data/processed/nyuv2/kitchen/0003
nyuv2__kitchen__0004,nyuv2/kitchen/0004,nyuv2,train,nyuv2:kitchen,162,64,data/processed/nyuv2/kitchen/0004
nyuv2__kitchen__0005,nyuv2/kitchen/0005,nyuv2,train,nyuv2:kitchen,372,64,data/processed/nyuv2/kitchen/0005
nyuv2__kitchen__0006,nyuv2/kitchen/0006,nyuv2,train,nyuv2:kitchen,189,64,data/processed/nyuv2/kitchen/0006
nyuv2__kitchen__0007,nyuv2/kitchen/0007,nyuv2,train,nyuv2:kitchen,268,64,data/processed/nyuv2/kitchen/0007
nyuv2__kitchen__0008,nyuv2/kitchen/0008,nyuv2,train,nyuv2:kitchen,123,64,data/processed/nyuv2/kitchen/0008
nyuv2__kitchen__0009,nyuv2/kitchen/0009,nyuv2,train,nyuv2:kitchen,250,64,data/processed/nyuv2/kitchen/0009
nyuv2__kitchen__0011a,nyuv2/kitchen/0011a,nyuv2,train,nyuv2:kitchen,336,64,data/processed/nyuv2/kitchen/0011a
nyuv2__kitchen__0011b,nyuv2/kitchen/0011b,nyuv2,train,nyuv2:kitchen,205,64,data/processed/nyuv2/kitchen/0011b
nyuv2__kitchen__0013,nyuv2/kitchen/0013,nyuv2,train,nyuv2:kitchen,158,64,data/processed/nyuv2/kitchen/0013
nyuv2__kitchen__0014,nyuv2/kitchen/0014,nyuv2,train,nyuv2:kitchen,166,64,data/processed/nyuv2/kitchen/0014
nyuv2__kitchen__0015,nyuv2/kitchen/0015,nyuv2,train,nyuv2:kitchen,91,64,data/processed/nyuv2/kitchen/0015
nyuv2__kitchen__0016,nyuv2/kitchen/0016,nyuv2,train,nyuv2:kitchen,286,64,data/processed/nyuv2/kitchen/0016
nyuv2__kitchen__0017,nyuv2/kitchen/0017,nyuv2,train,nyuv2:kitchen,270,64,data/processed/nyuv2/kitchen/0017
nyuv2__kitchen__0019a,nyuv2/kitchen/0019a,nyuv2,train,nyuv2:kitchen,713,64,data/processed/nyuv2/kitchen/0019a
nyuv2__kitchen__0019b,nyuv2/kitchen/0019b,nyuv2,train,nyuv2:kitchen,106,64,data/processed/nyuv2/kitchen/0019b
nyuv2__kitchen__0022,nyuv2/kitchen/0022,nyuv2,train,nyuv2:kitchen,61,61,data/processed/nyuv2/kitchen/0022
nyuv2__kitchen__0023,nyuv2/kitchen/0023,nyuv2,train,nyuv2:kitchen,769,64,data/processed/nyuv2/kitchen/0023
nyuv2__kitchen__0024,nyuv2/kitchen/0024,nyuv2,train,nyuv2:kitchen,507,64,data/processed/nyuv2/kitchen/0024
nyuv2__kitchen__0025,nyuv2/kitchen/0025,nyuv2,train,nyuv2:kitchen,169,64,data/processed/nyuv2/kitchen/0025
nyuv2__kitchen__0026a,nyuv2/kitchen/0026a,nyuv2,train,nyuv2:kitchen,129,64,data/processed/nyuv2/kitchen/0026a
nyuv2__kitchen__0026b,nyuv2/kitchen/0026b,nyuv2,train,nyuv2:kitchen,144,64,data/processed/nyuv2/kitchen/0026b
nyuv2__kitchen__0027,nyuv2/kitchen/0027,nyuv2,train,nyuv2:kitchen,639,64,data/processed/nyuv2/kitchen/0027
nyuv2__kitchen__0028a,nyuv2/kitchen/0028a,nyuv2,train,nyuv2:kitchen,475,64,data/processed/nyuv2/kitchen/0028a
nyuv2__kitchen__0028b,nyuv2/kitchen/0028b,nyuv2,train,nyuv2:kitchen,190,64,data/processed/nyuv2/kitchen/0028b
nyuv2__kitchen__0029a,nyuv2/kitchen/0029a,nyuv2,train,nyuv2:kitchen,88,64,data/processed/nyuv2/kitchen/0029a
nyuv2__kitchen__0029b,nyuv2/kitchen/0029b,nyuv2,train,nyuv2:kitchen,144,64,data/processed/nyuv2/kitchen/0029b
nyuv2__kitchen__0029c,nyuv2/kitchen/0029c,nyuv2,train,nyuv2:kitchen,425,64,data/processed/nyuv2/kitchen/0029c
nyuv2__kitchen__0030a,nyuv2/kitchen/0030a,nyuv2,train,nyuv2:kitchen,92,64,data/processed/nyuv2/kitchen/0030a
nyuv2__kitchen__0032,nyuv2/kitchen/0032,nyuv2,train,nyuv2:kitchen,412,64,data/processed/nyuv2/kitchen/0032
nyuv2__kitchen__0033,nyuv2/kitchen/0033,nyuv2,train,nyuv2:kitchen,458,64,data/processed/nyuv2/kitchen/0033
nyuv2__kitchen__0034a,nyuv2/kitchen/0034a,nyuv2,train,nyuv2:kitchen,123,64,data/processed/nyuv2/kitchen/0034a
nyuv2__kitchen__0034b,nyuv2/kitchen/0034b,nyuv2,train,nyuv2:kitchen,262,64,data/processed/nyuv2/kitchen/0034b
nyuv2__kitchen__0035a,nyuv2/kitchen/0035a,nyuv2,train,nyuv2:kitchen,137,64,data/processed/nyuv2/kitchen/0035a
nyuv2__kitchen__0035b,nyuv2/kitchen/0035b,nyuv2,train,nyuv2:kitchen,764,64,data/processed/nyuv2/kitchen/0035b
nyuv2__kitchen__0036a,nyuv2/kitchen/0036a,nyuv2,train,nyuv2:kitchen,392,64,data/processed/nyuv2/kitchen/0036a
nyuv2__kitchen__0036b,nyuv2/kitchen/0036b,nyuv2,train,nyuv2:kitchen,322,64,data/processed/nyuv2/kitchen/0036b
nyuv2__kitchen__0037,nyuv2/kitchen/0037,nyuv2,train,nyuv2:kitchen,269,64,data/processed/nyuv2/kitchen/0037
nyuv2__kitchen__0038,nyuv2/kitchen/0038,nyuv2,train,nyuv2:kitchen,260,64,data/processed/nyuv2/kitchen/0038
nyuv2__kitchen__0039,nyuv2/kitchen/0039,nyuv2,train,nyuv2:kitchen,689,64,data/processed/nyuv2/kitchen/0039
nyuv2__kitchen__0041,nyuv2/kitchen/0041,nyuv2,train,nyuv2:kitchen,114,64,data/processed/nyuv2/kitchen/0041
nyuv2__kitchen__0042,nyuv2/kitchen/0042,nyuv2,train,nyuv2:kitchen,63,63,data/processed/nyuv2/kitchen/0042
nyuv2__kitchen__0043,nyuv2/kitchen/0043,nyuv2,train,nyuv2:kitchen,622,64,data/processed/nyuv2/kitchen/0043
nyuv2__kitchen__0045b,nyuv2/kitchen/0045b,nyuv2,train,nyuv2:kitchen,377,64,data/processed/nyuv2/kitchen/0045b
nyuv2__kitchen__0046,nyuv2/kitchen/0046,nyuv2,train,nyuv2:kitchen,403,64,data/processed/nyuv2/kitchen/0046
nyuv2__kitchen__0047,nyuv2/kitchen/0047,nyuv2,train,nyuv2:kitchen,363,64,data/processed/nyuv2/kitchen/0047
nyuv2__kitchen__0048,nyuv2/kitchen/0048,nyuv2,train,nyuv2:kitchen,635,64,data/processed/nyuv2/kitchen/0048
nyuv2__kitchen__0049,nyuv2/kitchen/0049,nyuv2,train,nyuv2:kitchen,554,64,data/processed/nyuv2/kitchen/0049
nyuv2__kitchen__0051,nyuv2/kitchen/0051,nyuv2,train,nyuv2:kitchen,840,64,data/processed/nyuv2/kitchen/0051
nyuv2__kitchen__0052,nyuv2/kitchen/0052,nyuv2,train,nyuv2:kitchen,425,64,data/processed/nyuv2/kitchen/0052
nyuv2__kitchen__0056a,nyuv2/kitchen/0056a,nyuv2,train,nyuv2:kitchen,84,64,data/processed/nyuv2/kitchen/0056a
nyuv2__kitchen__0056b,nyuv2/kitchen/0056b,nyuv2,train,nyuv2:kitchen,106,64,data/processed/nyuv2/kitchen/0056b
nyuv2__kitchen__0057,nyuv2/kitchen/0057,nyuv2,train,nyuv2:kitchen,199,64,data/processed/nyuv2/kitchen/0057
nyuv2__kitchen__0058,nyuv2/kitchen/0058,nyuv2,train,nyuv2:kitchen,228,64,data/processed/nyuv2/kitchen/0058
nyuv2__kitchen__0060,nyuv2/kitchen/0060,nyuv2,train,nyuv2:kitchen,426,64,data/processed/nyuv2/kitchen/0060
nyuv2__library__0001a,nyuv2/library/0001a,nyuv2,train,nyuv2:library,99,64,data/processed/nyuv2/library/0001a
nyuv2__library__0001b,nyuv2/library/0001b,nyuv2,train,nyuv2:library,299,64,data/processed/nyuv2/library/0001b
nyuv2__library__0002a,nyuv2/library/0002a,nyuv2,train,nyuv2:library,551,64,data/processed/nyuv2/library/0002a
nyuv2__library__0002b,nyuv2/library/0002b,nyuv2,train,nyuv2:library,443,64,data/processed/nyuv2/library/0002b
nyuv2__library__0003,nyuv2/library/0003,nyuv2,train,nyuv2:library,469,64,data/processed/nyuv2/library/0003
nyuv2__library__0004,nyuv2/library/0004,nyuv2,train,nyuv2:library,48,48,data/processed/nyuv2/library/0004
nyuv2__library__0005,nyuv2/library/0005,nyuv2,train,nyuv2:library,407,64,data/processed/nyuv2/library/0005
nyuv2__library__0006,nyuv2/library/0006,nyuv2,train,nyuv2:library,1137,64,data/processed/nyuv2/library/0006
nyuv2__library__0007,nyuv2/library/0007,nyuv2,train,nyuv2:library,847,64,data/processed/nyuv2/library/0007
nyuv2__library__0008,nyuv2/library/0008,nyuv2,train,nyuv2:library,193,64,data/processed/nyuv2/library/0008
nyuv2__living_room__0001a,nyuv2/living_room/0001a,nyuv2,train,nyuv2:living_room,62,62,data/processed/nyuv2/living_room/0001a
nyuv2__living_room__0001c,nyuv2/living_room/0001c,nyuv2,train,nyuv2:living_room,157,64,data/processed/nyuv2/living_room/0001c
nyuv2__living_room__0002,nyuv2/living_room/0002,nyuv2,train,nyuv2:living_room,181,64,data/processed/nyuv2/living_room/0002
nyuv2__living_room__0003,nyuv2/living_room/0003,nyuv2,train,nyuv2:living_room,758,64,data/processed/nyuv2/living_room/0003
nyuv2__living_room__0004,nyuv2/living_room/0004,nyuv2,train,nyuv2:living_room,424,64,data/processed/nyuv2/living_room/0004
nyuv2__living_room__0005,nyuv2/living_room/0005,nyuv2,train,nyuv2:living_room,380,64,data/processed/nyuv2/living_room/0005
nyuv2__living_room__0007,nyuv2/living_room/0007,nyuv2,train,nyuv2:living_room,75,64,data/processed/nyuv2/living_room/0007
nyuv2__living_room__0008,nyuv2/living_room/0008,nyuv2,train,nyuv2:living_room,430,64,data/processed/nyuv2/living_room/0008
nyuv2__living_room__0009,nyuv2/living_room/0009,nyuv2,train,nyuv2:living_room,296,64,data/processed/nyuv2/living_room/0009
nyuv2__living_room__0010,nyuv2/living_room/0010,nyuv2,train,nyuv2:living_room,577,64,data/processed/nyuv2/living_room/0010
nyuv2__living_room__0011,nyuv2/living_room/0011,nyuv2,train,nyuv2:living_room,327,64,data/processed/nyuv2/living_room/0011
nyuv2__living_room__0012,nyuv2/living_room/0012,nyuv2,train,nyuv2:living_room,531,64,data/processed/nyuv2/living_room/0012
nyuv2__living_room__0013,nyuv2/living_room/0013,nyuv2,train,nyuv2:living_room,398,64,data/processed/nyuv2/living_room/0013
nyuv2__living_room__0014,nyuv2/living_room/0014,nyuv2,train,nyuv2:living_room,90,64,data/processed/nyuv2/living_room/0014
nyuv2__living_room__0015a,nyuv2/living_room/0015a,nyuv2,train,nyuv2:living_room,611,64,data/processed/nyuv2/living_room/0015a
nyuv2__living_room__0015b,nyuv2/living_room/0015b,nyuv2,train,nyuv2:living_room,162,64,data/processed/nyuv2/living_room/0015b
nyuv2__living_room__0016,nyuv2/living_room/0016,nyuv2,train,nyuv2:living_room,369,64,data/processed/nyuv2/living_room/0016
nyuv2__living_room__0021,nyuv2/living_room/0021,nyuv2,train,nyuv2:living_room,278,64,data/processed/nyuv2/living_room/0021
nyuv2__living_room__0022,nyuv2/living_room/0022,nyuv2,train,nyuv2:living_room,1031,64,data/processed/nyuv2/living_room/0022
nyuv2__living_room__0025,nyuv2/living_room/0025,nyuv2,train,nyuv2:living_room,469,64,data/processed/nyuv2/living_room/0025
nyuv2__living_room__0026,nyuv2/living_room/0026,nyuv2,train,nyuv2:living_room,417,64,data/processed/nyuv2/living_room/0026
nyuv2__living_room__0027,nyuv2/living_room/0027,nyuv2,train,nyuv2:living_room,873,64,data/processed/nyuv2/living_room/0027
nyuv2__living_room__0028,nyuv2/living_room/0028,nyuv2,train,nyuv2:living_room,114,64,data/processed/nyuv2/living_room/0028
nyuv2__living_room__0029,nyuv2/living_room/0029,nyuv2,train,nyuv2:living_room,286,64,data/processed/nyuv2/living_room/0029
nyuv2__living_room__0030a,nyuv2/living_room/0030a,nyuv2,train,nyuv2:living_room,207,64,data/processed/nyuv2/living_room/0030a
nyuv2__living_room__0030b,nyuv2/living_room/0030b,nyuv2,train,nyuv2:living_room,420,64,data/processed/nyuv2/living_room/0030b
nyuv2__living_room__0031,nyuv2/living_room/0031,nyuv2,train,nyuv2:living_room,188,64,data/processed/nyuv2/living_room/0031
nyuv2__living_room__0033,nyuv2/living_room/0033,nyuv2,train,nyuv2:living_room,169,64,data/processed/nyuv2/living_room/0033
nyuv2__living_room__0035,nyuv2/living_room/0035,nyuv2,train,nyuv2:living_room,264,64,data/processed/nyuv2/living_room/0035
nyuv2__living_room__0036,nyuv2/living_room/0036,nyuv2,train,nyuv2:living_room,220,64,data/processed/nyuv2/living_room/0036
nyuv2__living_room__0037,nyuv2/living_room/0037,nyuv2,train,nyuv2:living_room,155,64,data/processed/nyuv2/living_room/0037
nyuv2__living_room__0038,nyuv2/living_room/0038,nyuv2,train,nyuv2:living_room,283,64,data/processed/nyuv2/living_room/0038
nyuv2__living_room__0040,nyuv2/living_room/0040,nyuv2,train,nyuv2:living_room,788,64,data/processed/nyuv2/living_room/0040
nyuv2__living_room__0041,nyuv2/living_room/0041,nyuv2,train,nyuv2:living_room,797,64,data/processed/nyuv2/living_room/0041
nyuv2__living_room__0042a,nyuv2/living_room/0042a,nyuv2,train,nyuv2:living_room,90,64,data/processed/nyuv2/living_room/0042a
nyuv2__living_room__0042b,nyuv2/living_room/0042b,nyuv2,train,nyuv2:living_room,229,64,data/processed/nyuv2/living_room/0042b
nyuv2__living_room__0043a,nyuv2/living_room/0043a,nyuv2,train,nyuv2:living_room,78,64,data/processed/nyuv2/living_room/0043a
nyuv2__living_room__0043b,nyuv2/living_room/0043b,nyuv2,train,nyuv2:living_room,352,64,data/processed/nyuv2/living_room/0043b
nyuv2__living_room__0043c,nyuv2/living_room/0043c,nyuv2,train,nyuv2:living_room,450,64,data/processed/nyuv2/living_room/0043c
nyuv2__living_room__0044,nyuv2/living_room/0044,nyuv2,train,nyuv2:living_room,149,64,data/processed/nyuv2/living_room/0044
nyuv2__living_room__0045,nyuv2/living_room/0045,nyuv2,train,nyuv2:living_room,556,64,data/processed/nyuv2/living_room/0045
nyuv2__living_room__0046b,nyuv2/living_room/0046b,nyuv2,train,nyuv2:living_room,296,64,data/processed/nyuv2/living_room/0046b
nyuv2__living_room__0047a,nyuv2/living_room/0047a,nyuv2,train,nyuv2:living_room,162,64,data/processed/nyuv2/living_room/0047a
nyuv2__living_room__0047b,nyuv2/living_room/0047b,nyuv2,train,nyuv2:living_room,474,64,data/processed/nyuv2/living_room/0047b
nyuv2__living_room__0048,nyuv2/living_room/0048,nyuv2,train,nyuv2:living_room,140,64,data/processed/nyuv2/living_room/0048
nyuv2__living_room__0049a,nyuv2/living_room/0049a,nyuv2,train,nyuv2:living_room,286,64,data/processed/nyuv2/living_room/0049a
nyuv2__living_room__0049b,nyuv2/living_room/0049b,nyuv2,train,nyuv2:living_room,157,64,data/processed/nyuv2/living_room/0049b
nyuv2__living_room__0050,nyuv2/living_room/0050,nyuv2,train,nyuv2:living_room,674,64,data/processed/nyuv2/living_room/0050
nyuv2__living_room__0052,nyuv2/living_room/0052,nyuv2,train,nyuv2:living_room,297,64,data/processed/nyuv2/living_room/0052
nyuv2__living_room__0053,nyuv2/living_room/0053,nyuv2,train,nyuv2:living_room,384,64,data/processed/nyuv2/living_room/0053
nyuv2__living_room__0056,nyuv2/living_room/0056,nyuv2,train,nyuv2:living_room,353,64,data/processed/nyuv2/living_room/0056
nyuv2__living_room__0057,nyuv2/living_room/0057,nyuv2,train,nyuv2:living_room,529,64,data/processed/nyuv2/living_room/0057
nyuv2__living_room__0058,nyuv2/living_room/0058,nyuv2,train,nyuv2:living_room,666,64,data/processed/nyuv2/living_room/0058
nyuv2__living_room__0060,nyuv2/living_room/0060,nyuv2,train,nyuv2:living_room,167,64,data/processed/nyuv2/living_room/0060
nyuv2__living_room__0061,nyuv2/living_room/0061,nyuv2,train,nyuv2:living_room,242,64,data/processed/nyuv2/living_room/0061
nyuv2__living_room__0062,nyuv2/living_room/0062,nyuv2,train,nyuv2:living_room,522,64,data/processed/nyuv2/living_room/0062
nyuv2__living_room__0064a,nyuv2/living_room/0064a,nyuv2,train,nyuv2:living_room,428,64,data/processed/nyuv2/living_room/0064a
nyuv2__living_room__0064b,nyuv2/living_room/0064b,nyuv2,train,nyuv2:living_room,584,64,data/processed/nyuv2/living_room/0064b
nyuv2__living_room__0065,nyuv2/living_room/0065,nyuv2,train,nyuv2:living_room,523,64,data/processed/nyuv2/living_room/0065
nyuv2__living_room__0066,nyuv2/living_room/0066,nyuv2,train,nyuv2:living_room,366,64,data/processed/nyuv2/living_room/0066
nyuv2__living_room__0067,nyuv2/living_room/0067,nyuv2,train,nyuv2:living_room,238,64,data/processed/nyuv2/living_room/0067
nyuv2__living_room__0069a,nyuv2/living_room/0069a,nyuv2,train,nyuv2:living_room,288,64,data/processed/nyuv2/living_room/0069a
nyuv2__living_room__0069b,nyuv2/living_room/0069b,nyuv2,train,nyuv2:living_room,182,64,data/processed/nyuv2/living_room/0069b
nyuv2__living_room__0070,nyuv2/living_room/0070,nyuv2,train,nyuv2:living_room,262,64,data/processed/nyuv2/living_room/0070
nyuv2__living_room__0071,nyuv2/living_room/0071,nyuv2,train,nyuv2:living_room,118,64,data/processed/nyuv2/living_room/0071
nyuv2__living_room__0072,nyuv2/living_room/0072,nyuv2,train,nyuv2:living_room,1024,64,data/processed/nyuv2/living_room/0072
nyuv2__living_room__0074,nyuv2/living_room/0074,nyuv2,train,nyuv2:living_room,578,64,data/processed/nyuv2/living_room/0074
nyuv2__living_room__0075,nyuv2/living_room/0075,nyuv2,train,nyuv2:living_room,277,64,data/processed/nyuv2/living_room/0075
nyuv2__living_room__0076,nyuv2/living_room/0076,nyuv2,train,nyuv2:living_room,243,64,data/processed/nyuv2/living_room/0076
nyuv2__living_room__0079,nyuv2/living_room/0079,nyuv2,train,nyuv2:living_room,512,64,data/processed/nyuv2/living_room/0079
nyuv2__living_room__0080,nyuv2/living_room/0080,nyuv2,train,nyuv2:living_room,662,64,data/processed/nyuv2/living_room/0080
nyuv2__living_room__0081a,nyuv2/living_room/0081a,nyuv2,train,nyuv2:living_room,121,64,data/processed/nyuv2/living_room/0081a
nyuv2__living_room__0081b,nyuv2/living_room/0081b,nyuv2,train,nyuv2:living_room,298,64,data/processed/nyuv2/living_room/0081b
nyuv2__living_room__0081c,nyuv2/living_room/0081c,nyuv2,train,nyuv2:living_room,115,64,data/processed/nyuv2/living_room/0081c
nyuv2__living_room__0082,nyuv2/living_room/0082,nyuv2,train,nyuv2:living_room,159,64,data/processed/nyuv2/living_room/0082
nyuv2__living_room__0084,nyuv2/living_room/0084,nyuv2,train,nyuv2:living_room,296,64,data/processed/nyuv2/living_room/0084
nyuv2__living_room__0085,nyuv2/living_room/0085,nyuv2,train,nyuv2:living_room,149,64,data/processed/nyuv2/living_room/0085
nyuv2__living_room__0086a,nyuv2/living_room/0086a,nyuv2,train,nyuv2:living_room,196,64,data/processed/nyuv2/living_room/0086a
nyuv2__living_room__0086b,nyuv2/living_room/0086b,nyuv2,train,nyuv2:living_room,112,64,data/processed/nyuv2/living_room/0086b
nyuv2__living_room__0087,nyuv2/living_room/0087,nyuv2,train,nyuv2:living_room,492,64,data/processed/nyuv2/living_room/0087
nyuv2__nyu_office__0,nyuv2/nyu_office/0,nyuv2,train,nyuv2:nyu_office,1023,64,data/processed/nyuv2/nyu_office/0
nyuv2__office__0001a,nyuv2/office/0001a,nyuv2,train,nyuv2:office,77,64,data/processed/nyuv2/office/0001a
nyuv2__office__0001b,nyuv2/office/0001b,nyuv2,train,nyuv2:office,301,64,data/processed/nyuv2/office/0001b
nyuv2__office__0001c,nyuv2/office/0001c,nyuv2,train,nyuv2:office,379,64,data/processed/nyuv2/office/0001c
nyuv2__office__0002a,nyuv2/office/0002a,nyuv2,train,nyuv2:office,144,64,data/processed/nyuv2/office/0002a
nyuv2__office__0002b,nyuv2/office/0002b,nyuv2,train,nyuv2:office,150,64,data/processed/nyuv2/office/0002b
nyuv2__office__0002c,nyuv2/office/0002c,nyuv2,train,nyuv2:office,91,64,data/processed/nyuv2/office/0002c
nyuv2__office__0004,nyuv2/office/0004,nyuv2,train,nyuv2:office,257,64,data/processed/nyuv2/office/0004
nyuv2__office__0005,nyuv2/office/0005,nyuv2,train,nyuv2:office,85,64,data/processed/nyuv2/office/0005
nyuv2__office__0008,nyuv2/office/0008,nyuv2,train,nyuv2:office,320,64,data/processed/nyuv2/office/0008
nyuv2__office__0009,nyuv2/office/0009,nyuv2,train,nyuv2:office,210,64,data/processed/nyuv2/office/0009
nyuv2__office__0012,nyuv2/office/0012,nyuv2,train,nyuv2:office,254,64,data/processed/nyuv2/office/0012
nyuv2__office__0014,nyuv2/office/0014,nyuv2,train,nyuv2:office,370,64,data/processed/nyuv2/office/0014
nyuv2__office__0016,nyuv2/office/0016,nyuv2,train,nyuv2:office,420,64,data/processed/nyuv2/office/0016
nyuv2__office__0017,nyuv2/office/0017,nyuv2,train,nyuv2:office,338,64,data/processed/nyuv2/office/0017
nyuv2__office__0018,nyuv2/office/0018,nyuv2,train,nyuv2:office,125,64,data/processed/nyuv2/office/0018
nyuv2__office__0019,nyuv2/office/0019,nyuv2,train,nyuv2:office,140,64,data/processed/nyuv2/office/0019
nyuv2__office__0020,nyuv2/office/0020,nyuv2,train,nyuv2:office,119,64,data/processed/nyuv2/office/0020
nyuv2__office__0021,nyuv2/office/0021,nyuv2,train,nyuv2:office,171,64,data/processed/nyuv2/office/0021
nyuv2__office__0022a,nyuv2/office/0022a,nyuv2,train,nyuv2:office,158,64,data/processed/nyuv2/office/0022a
nyuv2__office__0022b,nyuv2/office/0022b,nyuv2,train,nyuv2:office,110,64,data/processed/nyuv2/office/0022b
nyuv2__office__0023,nyuv2/office/0023,nyuv2,train,nyuv2:office,115,64,data/processed/nyuv2/office/0023
nyuv2__office__0024,nyuv2/office/0024,nyuv2,train,nyuv2:office,302,64,data/processed/nyuv2/office/0024
nyuv2__office__0025,nyuv2/office/0025,nyuv2,train,nyuv2:office,109,64,data/processed/nyuv2/office/0025
nyuv2__office__0026,nyuv2/office/0026,nyuv2,train,nyuv2:office,457,64,data/processed/nyuv2/office/0026
nyuv2__office__0027a,nyuv2/office/0027a,nyuv2,train,nyuv2:office,254,64,data/processed/nyuv2/office/0027a
nyuv2__office_kitchen__0001b,nyuv2/office_kitchen/0001b,nyuv2,train,nyuv2:office_kitchen,162,64,data/processed/nyuv2/office_kitchen/0001b
nyuv2__office_kitchen__0002,nyuv2/office_kitchen/0002,nyuv2,train,nyuv2:office_kitchen,356,64,data/processed/nyuv2/office_kitchen/0002
nyuv2__office_kitchen__0003,nyuv2/office_kitchen/0003,nyuv2,train,nyuv2:office_kitchen,309,64,data/processed/nyuv2/office_kitchen/0003
nyuv2__patio__0001,nyuv2/patio/0001,nyuv2,train,nyuv2:patio,116,64,data/processed/nyuv2/patio/0001
nyuv2__playroom__0003,nyuv2/playroom/0003,nyuv2,train,nyuv2:playroom,505,64,data/processed/nyuv2/playroom/0003
nyuv2__playroom__0004,nyuv2/playroom/0004,nyuv2,train,nyuv2:playroom,306,64,data/processed/nyuv2/playroom/0004
nyuv2__playroom__0005,nyuv2/playroom/0005,nyuv2,train,nyuv2:playroom,210,64,data/processed/nyuv2/playroom/0005
nyuv2__playroom__0006,nyuv2/playroom/0006,nyuv2,train,nyuv2:playroom,353,64,data/processed/nyuv2/playroom/0006
nyuv2__playroom__0007,nyuv2/playroom/0007,nyuv2,train,nyuv2:playroom,144,64,data/processed/nyuv2/playroom/0007
nyuv2__playroom__0008,nyuv2/playroom/0008,nyuv2,train,nyuv2:playroom,332,64,data/processed/nyuv2/playroom/0008
nyuv2__reception_room__0001a,nyuv2/reception_room/0001a,nyuv2,train,nyuv2:reception_room,167,64,data/processed/nyuv2/reception_room/0001a
nyuv2__reception_room__0001b,nyuv2/reception_room/0001b,nyuv2,train,nyuv2:reception_room,297,64,data/processed/nyuv2/reception_room/0001b
nyuv2__reception_room__0003,nyuv2/reception_room/0003,nyuv2,train,nyuv2:reception_room,308,64,data/processed/nyuv2/reception_room/0003
nyuv2__reception_room__0004,nyuv2/reception_room/0004,nyuv2,train,nyuv2:reception_room,218,64,data/processed/nyuv2/reception_room/0004
nyuv2__student_lounge__0001,nyuv2/student_lounge/0001,nyuv2,train,nyuv2:student_lounge,627,64,data/processed/nyuv2/student_lounge/0001
nyuv2__study__0001a,nyuv2/study/0001a,nyuv2,train,nyuv2:study,72,64,data/processed/nyuv2/study/0001a
nyuv2__study__0001b,nyuv2/study/0001b,nyuv2,train,nyuv2:study,67,64,data/processed/nyuv2/study/0001b
nyuv2__study__0002,nyuv2/study/0002,nyuv2,train,nyuv2:study,243,64,data/processed/nyuv2/study/0002
nyuv2__study__0003,nyuv2/study/0003,nyuv2,train,nyuv2:study,284,64,data/processed/nyuv2/study/0003
nyuv2__study__0004,nyuv2/study/0004,nyuv2,train,nyuv2:study,200,64,data/processed/nyuv2/study/0004
nyuv2__study__0005,nyuv2/study/0005,nyuv2,train,nyuv2:study,43,43,data/processed/nyuv2/study/0005
nyuv2__study__0006,nyuv2/study/0006,nyuv2,train,nyuv2:study,95,64,data/processed/nyuv2/study/0006
nyuv2__study__0007,nyuv2/study/0007,nyuv2,train,nyuv2:study,161,64,data/processed/nyuv2/study/0007
nyuv2__study__0008,nyuv2/study/0008,nyuv2,train,nyuv2:study,138,64,data/processed/nyuv2/study/0008
nyuv2__study_room__0001,nyuv2/study_room/0001,nyuv2,train,nyuv2:study_room,101,64,data/processed/nyuv2/study_room/0001
nyuv2__study_room__0002,nyuv2/study_room/0002,nyuv2,train,nyuv2:study_room,145,64,data/processed/nyuv2/study_room/0002
nyuv2__study_room__0003,nyuv2/study_room/0003,nyuv2,train,nyuv2:study_room,417,64,data/processed/nyuv2/study_room/0003
nyuv2__study_room__0004,nyuv2/study_room/0004,nyuv2,train,nyuv2:study_room,511,64,data/processed/nyuv2/study_room/0004
nyuv2__study_room__0005a,nyuv2/study_room/0005a,nyuv2,train,nyuv2:study_room,143,64,data/processed/nyuv2/study_room/0005a
nyuv2__study_room__0005b,nyuv2/study_room/0005b,nyuv2,train,nyuv2:study_room,220,64,data/processed/nyuv2/study_room/0005b
nyuv2__study_room__0006,nyuv2/study_room/0006,nyuv2,train,nyuv2:study_room,170,64,data/processed/nyuv2/study_room/0006
nyuv2__study_room__0007,nyuv2/study_room/0007,nyuv2,train,nyuv2:study_room,111,64,data/processed/nyuv2/study_room/0007
nyuv2__bathroom__0023,nyuv2/bathroom/0023,nyuv2,val,nyuv2:bathroom,48,48,data/processed/nyuv2/bathroom/0023
nyuv2__bathroom__0036,nyuv2/bathroom/0036,nyuv2,val,nyuv2:bathroom,196,64,data/processed/nyuv2/bathroom/0036
nyuv2__bathroom__0041,nyuv2/bathroom/0041,nyuv2,val,nyuv2:bathroom,205,64,data/processed/nyuv2/bathroom/0041
nyuv2__bathroom__0055,nyuv2/bathroom/0055,nyuv2,val,nyuv2:bathroom,145,64,data/processed/nyuv2/bathroom/0055
nyuv2__bedroom__0010,nyuv2/bedroom/0010,nyuv2,val,nyuv2:bedroom,297,64,data/processed/nyuv2/bedroom/0010
nyuv2__bedroom__0016,nyuv2/bedroom/0016,nyuv2,val,nyuv2:bedroom,521,64,data/processed/nyuv2/bedroom/0016
nyuv2__bedroom__0023,nyuv2/bedroom/0023,nyuv2,val,nyuv2:bedroom,269,64,data/processed/nyuv2/bedroom/0023
nyuv2__bedroom__0030,nyuv2/bedroom/0030,nyuv2,val,nyuv2:bedroom,91,64,data/processed/nyuv2/bedroom/0030
nyuv2__bedroom__0031,nyuv2/bedroom/0031,nyuv2,val,nyuv2:bedroom,108,64,data/processed/nyuv2/bedroom/0031
nyuv2__bedroom__0051,nyuv2/bedroom/0051,nyuv2,val,nyuv2:bedroom,520,64,data/processed/nyuv2/bedroom/0051
nyuv2__bedroom__0056a,nyuv2/bedroom/0056a,nyuv2,val,nyuv2:bedroom,266,64,data/processed/nyuv2/bedroom/0056a
nyuv2__bedroom__0056b,nyuv2/bedroom/0056b,nyuv2,val,nyuv2:bedroom,116,64,data/processed/nyuv2/bedroom/0056b
nyuv2__bedroom__0059,nyuv2/bedroom/0059,nyuv2,val,nyuv2:bedroom,226,64,data/processed/nyuv2/bedroom/0059
nyuv2__bedroom__0067a,nyuv2/bedroom/0067a,nyuv2,val,nyuv2:bedroom,109,64,data/processed/nyuv2/bedroom/0067a
nyuv2__bedroom__0087,nyuv2/bedroom/0087,nyuv2,val,nyuv2:bedroom,191,64,data/processed/nyuv2/bedroom/0087
nyuv2__bedroom__0102,nyuv2/bedroom/0102,nyuv2,val,nyuv2:bedroom,212,64,data/processed/nyuv2/bedroom/0102
nyuv2__bedroom__0110,nyuv2/bedroom/0110,nyuv2,val,nyuv2:bedroom,466,64,data/processed/nyuv2/bedroom/0110
nyuv2__bedroom__0113,nyuv2/bedroom/0113,nyuv2,val,nyuv2:bedroom,274,64,data/processed/nyuv2/bedroom/0113
nyuv2__bedroom__0119,nyuv2/bedroom/0119,nyuv2,val,nyuv2:bedroom,87,64,data/processed/nyuv2/bedroom/0119
nyuv2__bedroom__0123,nyuv2/bedroom/0123,nyuv2,val,nyuv2:bedroom,27,27,data/processed/nyuv2/bedroom/0123
nyuv2__bookstore__0001b,nyuv2/bookstore/0001b,nyuv2,val,nyuv2:bookstore,1118,64,data/processed/nyuv2/bookstore/0001b
nyuv2__bookstore__0001d,nyuv2/bookstore/0001d,nyuv2,val,nyuv2:bookstore,848,64,data/processed/nyuv2/bookstore/0001d
nyuv2__bookstore__0001g,nyuv2/bookstore/0001g,nyuv2,val,nyuv2:bookstore,658,64,data/processed/nyuv2/bookstore/0001g
nyuv2__dining_room__0001b,nyuv2/dining_room/0001b,nyuv2,val,nyuv2:dining_room,569,64,data/processed/nyuv2/dining_room/0001b
nyuv2__dining_room__0011,nyuv2/dining_room/0011,nyuv2,val,nyuv2:dining_room,212,64,data/processed/nyuv2/dining_room/0011
nyuv2__excercise_room__0001,nyuv2/excercise_room/0001,nyuv2,val,nyuv2:excercise_room,301,64,data/processed/nyuv2/excercise_room/0001
nyuv2__furniture_store__0002b,nyuv2/furniture_store/0002b,nyuv2,val,nyuv2:furniture_store,650,64,data/processed/nyuv2/furniture_store/0002b
nyuv2__home_office__0007,nyuv2/home_office/0007,nyuv2,val,nyuv2:home_office,153,64,data/processed/nyuv2/home_office/0007
nyuv2__home_office__0012,nyuv2/home_office/0012,nyuv2,val,nyuv2:home_office,48,48,data/processed/nyuv2/home_office/0012
nyuv2__kitchen__0010,nyuv2/kitchen/0010,nyuv2,val,nyuv2:kitchen,313,64,data/processed/nyuv2/kitchen/0010
nyuv2__kitchen__0031,nyuv2/kitchen/0031,nyuv2,val,nyuv2:kitchen,500,64,data/processed/nyuv2/kitchen/0031
nyuv2__kitchen__0044,nyuv2/kitchen/0044,nyuv2,val,nyuv2:kitchen,602,64,data/processed/nyuv2/kitchen/0044
nyuv2__kitchen__0045a,nyuv2/kitchen/0045a,nyuv2,val,nyuv2:kitchen,485,64,data/processed/nyuv2/kitchen/0045a
nyuv2__kitchen__0050,nyuv2/kitchen/0050,nyuv2,val,nyuv2:kitchen,509,64,data/processed/nyuv2/kitchen/0050
nyuv2__kitchen__0059,nyuv2/kitchen/0059,nyuv2,val,nyuv2:kitchen,220,64,data/processed/nyuv2/kitchen/0059
nyuv2__living_room__0006,nyuv2/living_room/0006,nyuv2,val,nyuv2:living_room,65,64,data/processed/nyuv2/living_room/0006
nyuv2__living_room__0034b,nyuv2/living_room/0034b,nyuv2,val,nyuv2:living_room,317,64,data/processed/nyuv2/living_room/0034b
nyuv2__living_room__0051,nyuv2/living_room/0051,nyuv2,val,nyuv2:living_room,532,64,data/processed/nyuv2/living_room/0051
nyuv2__living_room__0055,nyuv2/living_room/0055,nyuv2,val,nyuv2:living_room,340,64,data/processed/nyuv2/living_room/0055
nyuv2__living_room__0059,nyuv2/living_room/0059,nyuv2,val,nyuv2:living_room,782,64,data/processed/nyuv2/living_room/0059
nyuv2__living_room__0063,nyuv2/living_room/0063,nyuv2,val,nyuv2:living_room,408,64,data/processed/nyuv2/living_room/0063
nyuv2__living_room__0068,nyuv2/living_room/0068,nyuv2,val,nyuv2:living_room,282,64,data/processed/nyuv2/living_room/0068
nyuv2__living_room__0077,nyuv2/living_room/0077,nyuv2,val,nyuv2:living_room,170,64,data/processed/nyuv2/living_room/0077
nyuv2__living_room__0078,nyuv2/living_room/0078,nyuv2,val,nyuv2:living_room,351,64,data/processed/nyuv2/living_room/0078
nyuv2__living_room__0083,nyuv2/living_room/0083,nyuv2,val,nyuv2:living_room,253,64,data/processed/nyuv2/living_room/0083
nyuv2__office__0006,nyuv2/office/0006,nyuv2,val,nyuv2:office,397,64,data/processed/nyuv2/office/0006
nyuv2__office__0007,nyuv2/office/0007,nyuv2,val,nyuv2:office,119,64,data/processed/nyuv2/office/0007
nyuv2__office__0011,nyuv2/office/0011,nyuv2,val,nyuv2:office,404,64,data/processed/nyuv2/office/0011
nyuv2__office__0013,nyuv2/office/0013,nyuv2,val,nyuv2:office,716,64,data/processed/nyuv2/office/0013
nyuv2__printer_room__0001,nyuv2/printer_room/0001,nyuv2,val,nyuv2:printer_room,194,64,data/processed/nyuv2/printer_room/0001
nyuv2__basement__0001a,nyuv2/basement/0001a,nyuv2,test,nyuv2:basement,469,64,data/processed/nyuv2/basement/0001a
nyuv2__bathroom__0014b,nyuv2/bathroom/0014b,nyuv2,test,nyuv2:bathroom,194,64,data/processed/nyuv2/bathroom/0014b
nyuv2__bathroom__0015,nyuv2/bathroom/0015,nyuv2,test,nyuv2:bathroom,220,64,data/processed/nyuv2/bathroom/0015
nyuv2__bathroom__0018,nyuv2/bathroom/0018,nyuv2,test,nyuv2:bathroom,35,35,data/processed/nyuv2/bathroom/0018
nyuv2__bathroom__0035,nyuv2/bathroom/0035,nyuv2,test,nyuv2:bathroom,87,64,data/processed/nyuv2/bathroom/0035
nyuv2__bathroom__0037,nyuv2/bathroom/0037,nyuv2,test,nyuv2:bathroom,168,64,data/processed/nyuv2/bathroom/0037
nyuv2__bathroom__0042,nyuv2/bathroom/0042,nyuv2,test,nyuv2:bathroom,118,64,data/processed/nyuv2/bathroom/0042
nyuv2__bathroom__0043,nyuv2/bathroom/0043,nyuv2,test,nyuv2:bathroom,157,64,data/processed/nyuv2/bathroom/0043
nyuv2__bathroom__0047,nyuv2/bathroom/0047,nyuv2,test,nyuv2:bathroom,140,64,data/processed/nyuv2/bathroom/0047
nyuv2__bathroom__0049,nyuv2/bathroom/0049,nyuv2,test,nyuv2:bathroom,150,64,data/processed/nyuv2/bathroom/0049
nyuv2__bedroom__0029,nyuv2/bedroom/0029,nyuv2,test,nyuv2:bedroom,173,64,data/processed/nyuv2/bedroom/0029
nyuv2__bedroom__0066,nyuv2/bedroom/0066,nyuv2,test,nyuv2:bedroom,147,64,data/processed/nyuv2/bedroom/0066
nyuv2__bedroom__0097,nyuv2/bedroom/0097,nyuv2,test,nyuv2:bedroom,156,64,data/processed/nyuv2/bedroom/0097
nyuv2__bedroom__0103,nyuv2/bedroom/0103,nyuv2,test,nyuv2:bedroom,313,64,data/processed/nyuv2/bedroom/0103
nyuv2__bedroom__0109,nyuv2/bedroom/0109,nyuv2,test,nyuv2:bedroom,366,64,data/processed/nyuv2/bedroom/0109
nyuv2__bedroom__0131,nyuv2/bedroom/0131,nyuv2,test,nyuv2:bedroom,296,64,data/processed/nyuv2/bedroom/0131
nyuv2__bookstore__0001h,nyuv2/bookstore/0001h,nyuv2,test,nyuv2:bookstore,413,64,data/processed/nyuv2/bookstore/0001h
nyuv2__cafe__0001b,nyuv2/cafe/0001b,nyuv2,test,nyuv2:cafe,172,64,data/processed/nyuv2/cafe/0001b
nyuv2__conference_room__0002,nyuv2/conference_room/0002,nyuv2,test,nyuv2:conference_room,122,64,data/processed/nyuv2/conference_room/0002
nyuv2__dentist_office__0002,nyuv2/dentist_office/0002,nyuv2,test,nyuv2:dentist_office,368,64,data/processed/nyuv2/dentist_office/0002
nyuv2__dinette__0001,nyuv2/dinette/0001,nyuv2,test,nyuv2:dinette,245,64,data/processed/nyuv2/dinette/0001
nyuv2__dining_room__0002,nyuv2/dining_room/0002,nyuv2,test,nyuv2:dining_room,37,37,data/processed/nyuv2/dining_room/0002
nyuv2__dining_room__0028,nyuv2/dining_room/0028,nyuv2,test,nyuv2:dining_room,360,64,data/processed/nyuv2/dining_room/0028
nyuv2__furniture_store__0001d,nyuv2/furniture_store/0001d,nyuv2,test,nyuv2:furniture_store,675,64,data/processed/nyuv2/furniture_store/0001d
nyuv2__furniture_store__0001e,nyuv2/furniture_store/0001e,nyuv2,test,nyuv2:furniture_store,226,64,data/processed/nyuv2/furniture_store/0001e
nyuv2__furniture_store__0001f,nyuv2/furniture_store/0001f,nyuv2,test,nyuv2:furniture_store,54,54,data/processed/nyuv2/furniture_store/0001f
nyuv2__home_office__0005,nyuv2/home_office/0005,nyuv2,test,nyuv2:home_office,336,64,data/processed/nyuv2/home_office/0005
nyuv2__home_office__0013,nyuv2/home_office/0013,nyuv2,test,nyuv2:home_office,209,64,data/processed/nyuv2/home_office/0013
nyuv2__kitchen__0021,nyuv2/kitchen/0021,nyuv2,test,nyuv2:kitchen,77,64,data/processed/nyuv2/kitchen/0021
nyuv2__kitchen__0030b,nyuv2/kitchen/0030b,nyuv2,test,nyuv2:kitchen,367,64,data/processed/nyuv2/kitchen/0030b
nyuv2__kitchen__0040,nyuv2/kitchen/0040,nyuv2,test,nyuv2:kitchen,449,64,data/processed/nyuv2/kitchen/0040
nyuv2__kitchen__0053,nyuv2/kitchen/0053,nyuv2,test,nyuv2:kitchen,596,64,data/processed/nyuv2/kitchen/0053
nyuv2__kitchen__0054,nyuv2/kitchen/0054,nyuv2,test,nyuv2:kitchen,372,64,data/processed/nyuv2/kitchen/0054
nyuv2__kitchen__0055,nyuv2/kitchen/0055,nyuv2,test,nyuv2:kitchen,121,64,data/processed/nyuv2/kitchen/0055
nyuv2__laundry_room__0001,nyuv2/laundry_room/0001,nyuv2,test,nyuv2:laundry_room,157,64,data/processed/nyuv2/laundry_room/0001
nyuv2__living_room__0001b,nyuv2/living_room/0001b,nyuv2,test,nyuv2:living_room,34,34,data/processed/nyuv2/living_room/0001b
nyuv2__living_room__0032,nyuv2/living_room/0032,nyuv2,test,nyuv2:living_room,101,64,data/processed/nyuv2/living_room/0032
nyuv2__living_room__0034a,nyuv2/living_room/0034a,nyuv2,test,nyuv2:living_room,167,64,data/processed/nyuv2/living_room/0034a
nyuv2__living_room__0039,nyuv2/living_room/0039,nyuv2,test,nyuv2:living_room,454,64,data/processed/nyuv2/living_room/0039
nyuv2__living_room__0046a,nyuv2/living_room/0046a,nyuv2,test,nyuv2:living_room,244,64,data/processed/nyuv2/living_room/0046a
nyuv2__living_room__0054,nyuv2/living_room/0054,nyuv2,test,nyuv2:living_room,164,64,data/processed/nyuv2/living_room/0054
nyuv2__living_room__0073,nyuv2/living_room/0073,nyuv2,test,nyuv2:living_room,582,64,data/processed/nyuv2/living_room/0073
nyuv2__nyu_office__1,nyuv2/nyu_office/1,nyuv2,test,nyuv2:nyu_office,250,64,data/processed/nyuv2/nyu_office/1
nyuv2__office__0003,nyuv2/office/0003,nyuv2,test,nyuv2:office,166,64,data/processed/nyuv2/office/0003
nyuv2__office__0010,nyuv2/office/0010,nyuv2,test,nyuv2:office,139,64,data/processed/nyuv2/office/0010
nyuv2__office__0015,nyuv2/office/0015,nyuv2,test,nyuv2:office,566,64,data/processed/nyuv2/office/0015
nyuv2__office__0027b,nyuv2/office/0027b,nyuv2,test,nyuv2:office,195,64,data/processed/nyuv2/office/0027b
nyuv2__office_kitchen__0001a,nyuv2/office_kitchen/0001a,nyuv2,test,nyuv2:office_kitchen,211,64,data/processed/nyuv2/office_kitchen/0001a
nyuv2__playroom__0002,nyuv2/playroom/0002,nyuv2,test,nyuv2:playroom,377,64,data/processed/nyuv2/playroom/0002
nyuv2__reception_room__0002,nyuv2/reception_room/0002,nyuv2,test,nyuv2:reception_room,409,64,data/processed/nyuv2/reception_room/0002
tartanair__abandonedfactory_Hard__P000,tartanair/abandonedfactory_Hard/P000,tartanair,train,tartanair:abandonedfactory_Hard,1197,64,data/processed/tartanair/abandonedfactory_Hard/P000
tartanair__abandonedfactory_Hard__P002,tartanair/abandonedfactory_Hard/P002,tartanair,train,tartanair:abandonedfactory_Hard,399,64,data/processed/tartanair/abandonedfactory_Hard/P002
tartanair__abandonedfactory_Hard__P003,tartanair/abandonedfactory_Hard/P003,tartanair,train,tartanair:abandonedfactory_Hard,769,64,data/processed/tartanair/abandonedfactory_Hard/P003
tartanair__abandonedfactory_Hard__P005,tartanair/abandonedfactory_Hard/P005,tartanair,train,tartanair:abandonedfactory_Hard,1007,64,data/processed/tartanair/abandonedfactory_Hard/P005
tartanair__abandonedfactory_Hard__P007,tartanair/abandonedfactory_Hard/P007,tartanair,train,tartanair:abandonedfactory_Hard,995,64,data/processed/tartanair/abandonedfactory_Hard/P007
tartanair__abandonedfactory_Hard__P011,tartanair/abandonedfactory_Hard/P011,tartanair,train,tartanair:abandonedfactory_Hard,634,64,data/processed/tartanair/abandonedfactory_Hard/P011
tartanair__abandonedfactory_night_Hard__P001,tartanair/abandonedfactory_night_Hard/P001,tartanair,train,tartanair:abandonedfactory_night_Hard,464,64,data/processed/tartanair/abandonedfactory_night_Hard/P001
tartanair__abandonedfactory_night_Hard__P008,tartanair/abandonedfactory_night_Hard/P008,tartanair,train,tartanair:abandonedfactory_night_Hard,820,64,data/processed/tartanair/abandonedfactory_night_Hard/P008
tartanair__abandonedfactory_night_Hard__P010,tartanair/abandonedfactory_night_Hard/P010,tartanair,train,tartanair:abandonedfactory_night_Hard,525,64,data/processed/tartanair/abandonedfactory_night_Hard/P010
tartanair__abandonedfactory_night_Hard__P011,tartanair/abandonedfactory_night_Hard/P011,tartanair,train,tartanair:abandonedfactory_night_Hard,334,64,data/processed/tartanair/abandonedfactory_night_Hard/P011
tartanair__abandonedfactory_night_Hard__P012,tartanair/abandonedfactory_night_Hard/P012,tartanair,train,tartanair:abandonedfactory_night_Hard,1380,64,data/processed/tartanair/abandonedfactory_night_Hard/P012
tartanair__abandonedfactory_night_Hard__P013,tartanair/abandonedfactory_night_Hard/P013,tartanair,train,tartanair:abandonedfactory_night_Hard,1300,64,data/processed/tartanair/abandonedfactory_night_Hard/P013
tartanair__amusement_Hard__P000,tartanair/amusement_Hard/P000,tartanair,train,tartanair:amusement_Hard,512,64,data/processed/tartanair/amusement_Hard/P000
tartanair__amusement_Hard__P003,tartanair/amusement_Hard/P003,tartanair,train,tartanair:amusement_Hard,702,64,data/processed/tartanair/amusement_Hard/P003
tartanair__carwelding_Hard__P000,tartanair/carwelding_Hard/P000,tartanair,train,tartanair:carwelding_Hard,452,64,data/processed/tartanair/carwelding_Hard/P000
tartanair__carwelding_Hard__P002,tartanair/carwelding_Hard/P002,tartanair,train,tartanair:carwelding_Hard,507,64,data/processed/tartanair/carwelding_Hard/P002
tartanair__carwelding_Hard__P003,tartanair/carwelding_Hard/P003,tartanair,train,tartanair:carwelding_Hard,352,64,data/processed/tartanair/carwelding_Hard/P003
tartanair__endofworld_Hard__P001,tartanair/endofworld_Hard/P001,tartanair,train,tartanair:endofworld_Hard,632,64,data/processed/tartanair/endofworld_Hard/P001
tartanair__endofworld_Hard__P005,tartanair/endofworld_Hard/P005,tartanair,train,tartanair:endofworld_Hard,483,64,data/processed/tartanair/endofworld_Hard/P005
tartanair__endofworld_Hard__P006,tartanair/endofworld_Hard/P006,tartanair,train,tartanair:endofworld_Hard,346,64,data/processed/tartanair/endofworld_Hard/P006
tartanair__gascola_Hard__P000,tartanair/gascola_Hard/P000,tartanair,train,tartanair:gascola_Hard,345,64,data/processed/tartanair/gascola_Hard/P000
tartanair__gascola_Hard__P002,tartanair/gascola_Hard/P002,tartanair,train,tartanair:gascola_Hard,1413,64,data/processed/tartanair/gascola_Hard/P002
tartanair__gascola_Hard__P004,tartanair/gascola_Hard/P004,tartanair,train,tartanair:gascola_Hard,1848,64,data/processed/tartanair/gascola_Hard/P004
tartanair__gascola_Hard__P006,tartanair/gascola_Hard/P006,tartanair,train,tartanair:gascola_Hard,1532,64,data/processed/tartanair/gascola_Hard/P006
tartanair__gascola_Hard__P007,tartanair/gascola_Hard/P007,tartanair,train,tartanair:gascola_Hard,711,64,data/processed/tartanair/gascola_Hard/P007
tartanair__gascola_Hard__P008,tartanair/gascola_Hard/P008,tartanair,train,tartanair:gascola_Hard,1467,64,data/processed/tartanair/gascola_Hard/P008
tartanair__hospital_Hard__P041,tartanair/hospital_Hard/P041,tartanair,train,tartanair:hospital_Hard,589,64,data/processed/tartanair/hospital_Hard/P041
tartanair__hospital_Hard__P045,tartanair/hospital_Hard/P045,tartanair,train,tartanair:hospital_Hard,342,64,data/processed/tartanair/hospital_Hard/P045
tartanair__hospital_Hard__P046,tartanair/hospital_Hard/P046,tartanair,train,tartanair:hospital_Hard,473,64,data/processed/tartanair/hospital_Hard/P046
tartanair__hospital_Hard__P048,tartanair/hospital_Hard/P048,tartanair,train,tartanair:hospital_Hard,493,64,data/processed/tartanair/hospital_Hard/P048
tartanair__japanesealley_Hard__P000,tartanair/japanesealley_Hard/P000,tartanair,train,tartanair:japanesealley_Hard,397,64,data/processed/tartanair/japanesealley_Hard/P000
tartanair__japanesealley_Hard__P003,tartanair/japanesealley_Hard/P003,tartanair,train,tartanair:japanesealley_Hard,309,64,data/processed/tartanair/japanesealley_Hard/P003
tartanair__neighborhood_Hard__P001,tartanair/neighborhood_Hard/P001,tartanair,train,tartanair:neighborhood_Hard,1992,64,data/processed/tartanair/neighborhood_Hard/P001
tartanair__neighborhood_Hard__P006,tartanair/neighborhood_Hard/P006,tartanair,train,tartanair:neighborhood_Hard,578,64,data/processed/tartanair/neighborhood_Hard/P006
tartanair__neighborhood_Hard__P008,tartanair/neighborhood_Hard/P008,tartanair,train,tartanair:neighborhood_Hard,1134,64,data/processed/tartanair/neighborhood_Hard/P008
tartanair__neighborhood_Hard__P016,tartanair/neighborhood_Hard/P016,tartanair,train,tartanair:neighborhood_Hard,1029,64,data/processed/tartanair/neighborhood_Hard/P016
tartanair__neighborhood_Hard__P017,tartanair/neighborhood_Hard/P017,tartanair,train,tartanair:neighborhood_Hard,880,64,data/processed/tartanair/neighborhood_Hard/P017
tartanair__ocean_Hard__P001,tartanair/ocean_Hard/P001,tartanair,train,tartanair:ocean_Hard,521,64,data/processed/tartanair/ocean_Hard/P001
tartanair__ocean_Hard__P003,tartanair/ocean_Hard/P003,tartanair,train,tartanair:ocean_Hard,314,64,data/processed/tartanair/ocean_Hard/P003
tartanair__ocean_Hard__P005,tartanair/ocean_Hard/P005,tartanair,train,tartanair:ocean_Hard,387,64,data/processed/tartanair/ocean_Hard/P005
tartanair__ocean_Hard__P007,tartanair/ocean_Hard/P007,tartanair,train,tartanair:ocean_Hard,675,64,data/processed/tartanair/ocean_Hard/P007
tartanair__ocean_Hard__P009,tartanair/ocean_Hard/P009,tartanair,train,tartanair:ocean_Hard,513,64,data/processed/tartanair/ocean_Hard/P009
tartanair__office2_Hard__P003,tartanair/office2_Hard/P003,tartanair,train,tartanair:office2_Hard,1510,64,data/processed/tartanair/office2_Hard/P003
tartanair__office2_Hard__P004,tartanair/office2_Hard/P004,tartanair,train,tartanair:office2_Hard,345,64,data/processed/tartanair/office2_Hard/P004
tartanair__office2_Hard__P009,tartanair/office2_Hard/P009,tartanair,train,tartanair:office2_Hard,1039,64,data/processed/tartanair/office2_Hard/P009
tartanair__office2_Hard__P010,tartanair/office2_Hard/P010,tartanair,train,tartanair:office2_Hard,558,64,data/processed/tartanair/office2_Hard/P010
tartanair__office_Hard__P001,tartanair/office_Hard/P001,tartanair,train,tartanair:office_Hard,652,64,data/processed/tartanair/office_Hard/P001
tartanair__office_Hard__P004,tartanair/office_Hard/P004,tartanair,train,tartanair:office_Hard,682,64,data/processed/tartanair/office_Hard/P004
tartanair__office_Hard__P006,tartanair/office_Hard/P006,tartanair,train,tartanair:office_Hard,496,64,data/processed/tartanair/office_Hard/P006
tartanair__oldtown_Hard__P000,tartanair/oldtown_Hard/P000,tartanair,train,tartanair:oldtown_Hard,790,64,data/processed/tartanair/oldtown_Hard/P000
tartanair__oldtown_Hard__P001,tartanair/oldtown_Hard/P001,tartanair,train,tartanair:oldtown_Hard,883,64,data/processed/tartanair/oldtown_Hard/P001
tartanair__oldtown_Hard__P006,tartanair/oldtown_Hard/P006,tartanair,train,tartanair:oldtown_Hard,504,64,data/processed/tartanair/oldtown_Hard/P006
tartanair__seasidetown_Hard__P000,tartanair/seasidetown_Hard/P000,tartanair,train,tartanair:seasidetown_Hard,314,64,data/processed/tartanair/seasidetown_Hard/P000
tartanair__seasonsforest_Hard__P001,tartanair/seasonsforest_Hard/P001,tartanair,train,tartanair:seasonsforest_Hard,550,64,data/processed/tartanair/seasonsforest_Hard/P001
tartanair__seasonsforest_winter_Hard__P014,tartanair/seasonsforest_winter_Hard/P014,tartanair,train,tartanair:seasonsforest_winter_Hard,480,64,data/processed/tartanair/seasonsforest_winter_Hard/P014
tartanair__soulcity_Hard__P000,tartanair/soulcity_Hard/P000,tartanair,train,tartanair:soulcity_Hard,647,64,data/processed/tartanair/soulcity_Hard/P000
tartanair__soulcity_Hard__P001,tartanair/soulcity_Hard/P001,tartanair,train,tartanair:soulcity_Hard,483,64,data/processed/tartanair/soulcity_Hard/P001
tartanair__soulcity_Hard__P002,tartanair/soulcity_Hard/P002,tartanair,train,tartanair:soulcity_Hard,561,64,data/processed/tartanair/soulcity_Hard/P002
tartanair__soulcity_Hard__P003,tartanair/soulcity_Hard/P003,tartanair,train,tartanair:soulcity_Hard,787,64,data/processed/tartanair/soulcity_Hard/P003
tartanair__soulcity_Hard__P009,tartanair/soulcity_Hard/P009,tartanair,train,tartanair:soulcity_Hard,359,64,data/processed/tartanair/soulcity_Hard/P009
tartanair__westerndesert_Hard__P001,tartanair/westerndesert_Hard/P001,tartanair,train,tartanair:westerndesert_Hard,307,64,data/processed/tartanair/westerndesert_Hard/P001
tartanair__westerndesert_Hard__P003,tartanair/westerndesert_Hard/P003,tartanair,train,tartanair:westerndesert_Hard,510,64,data/processed/tartanair/westerndesert_Hard/P003
tartanair__westerndesert_Hard__P004,tartanair/westerndesert_Hard/P004,tartanair,train,tartanair:westerndesert_Hard,462,64,data/processed/tartanair/westerndesert_Hard/P004
tartanair__abandonedfactory_Hard__P004,tartanair/abandonedfactory_Hard/P004,tartanair,val,tartanair:abandonedfactory_Hard,890,64,data/processed/tartanair/abandonedfactory_Hard/P004
tartanair__abandonedfactory_Hard__P006,tartanair/abandonedfactory_Hard/P006,tartanair,val,tartanair:abandonedfactory_Hard,343,64,data/processed/tartanair/abandonedfactory_Hard/P006
tartanair__abandonedfactory_Hard__P009,tartanair/abandonedfactory_Hard/P009,tartanair,val,tartanair:abandonedfactory_Hard,2040,64,data/processed/tartanair/abandonedfactory_Hard/P009
tartanair__abandonedfactory_night_Hard__P000,tartanair/abandonedfactory_night_Hard/P000,tartanair,val,tartanair:abandonedfactory_night_Hard,1357,64,data/processed/tartanair/abandonedfactory_night_Hard/P000
tartanair__abandonedfactory_night_Hard__P002,tartanair/abandonedfactory_night_Hard/P002,tartanair,val,tartanair:abandonedfactory_night_Hard,320,64,data/processed/tartanair/abandonedfactory_night_Hard/P002
tartanair__abandonedfactory_night_Hard__P003,tartanair/abandonedfactory_night_Hard/P003,tartanair,val,tartanair:abandonedfactory_night_Hard,853,64,data/processed/tartanair/abandonedfactory_night_Hard/P003
tartanair__amusement_Hard__P001,tartanair/amusement_Hard/P001,tartanair,val,tartanair:amusement_Hard,537,64,data/processed/tartanair/amusement_Hard/P001
tartanair__amusement_Hard__P006,tartanair/amusement_Hard/P006,tartanair,val,tartanair:amusement_Hard,810,64,data/processed/tartanair/amusement_Hard/P006
tartanair__endofworld_Hard__P002,tartanair/endofworld_Hard/P002,tartanair,val,tartanair:endofworld_Hard,502,64,data/processed/tartanair/endofworld_Hard/P002
tartanair__gascola_Hard__P003,tartanair/gascola_Hard/P003,tartanair,val,tartanair:gascola_Hard,671,64,data/processed/tartanair/gascola_Hard/P003
tartanair__gascola_Hard__P009,tartanair/gascola_Hard/P009,tartanair,val,tartanair:gascola_Hard,764,64,data/processed/tartanair/gascola_Hard/P009
tartanair__hospital_Hard__P037,tartanair/hospital_Hard/P037,tartanair,val,tartanair:hospital_Hard,403,64,data/processed/tartanair/hospital_Hard/P037
tartanair__hospital_Hard__P040,tartanair/hospital_Hard/P040,tartanair,val,tartanair:hospital_Hard,437,64,data/processed/tartanair/hospital_Hard/P040
tartanair__hospital_Hard__P042,tartanair/hospital_Hard/P042,tartanair,val,tartanair:hospital_Hard,551,64,data/processed/tartanair/hospital_Hard/P042
tartanair__hospital_Hard__P043,tartanair/hospital_Hard/P043,tartanair,val,tartanair:hospital_Hard,1112,64,data/processed/tartanair/hospital_Hard/P043
tartanair__hospital_Hard__P044,tartanair/hospital_Hard/P044,tartanair,val,tartanair:hospital_Hard,577,64,data/processed/tartanair/hospital_Hard/P044
tartanair__hospital_Hard__P049,tartanair/hospital_Hard/P049,tartanair,val,tartanair:hospital_Hard,311,64,data/processed/tartanair/hospital_Hard/P049
tartanair__japanesealley_Hard__P005,tartanair/japanesealley_Hard/P005,tartanair,val,tartanair:japanesealley_Hard,593,64,data/processed/tartanair/japanesealley_Hard/P005
tartanair__neighborhood_Hard__P000,tartanair/neighborhood_Hard/P000,tartanair,val,tartanair:neighborhood_Hard,2316,64,data/processed/tartanair/neighborhood_Hard/P000
tartanair__neighborhood_Hard__P002,tartanair/neighborhood_Hard/P002,tartanair,val,tartanair:neighborhood_Hard,1065,64,data/processed/tartanair/neighborhood_Hard/P002
tartanair__neighborhood_Hard__P007,tartanair/neighborhood_Hard/P007,tartanair,val,tartanair:neighborhood_Hard,533,64,data/processed/tartanair/neighborhood_Hard/P007
tartanair__neighborhood_Hard__P010,tartanair/neighborhood_Hard/P010,tartanair,val,tartanair:neighborhood_Hard,1548,64,data/processed/tartanair/neighborhood_Hard/P010
tartanair__neighborhood_Hard__P011,tartanair/neighborhood_Hard/P011,tartanair,val,tartanair:neighborhood_Hard,984,64,data/processed/tartanair/neighborhood_Hard/P011
tartanair__neighborhood_Hard__P012,tartanair/neighborhood_Hard/P012,tartanair,val,tartanair:neighborhood_Hard,1216,64,data/processed/tartanair/neighborhood_Hard/P012
tartanair__neighborhood_Hard__P014,tartanair/neighborhood_Hard/P014,tartanair,val,tartanair:neighborhood_Hard,554,64,data/processed/tartanair/neighborhood_Hard/P014
tartanair__neighborhood_Hard__P015,tartanair/neighborhood_Hard/P015,tartanair,val,tartanair:neighborhood_Hard,615,64,data/processed/tartanair/neighborhood_Hard/P015
tartanair__ocean_Hard__P002,tartanair/ocean_Hard/P002,tartanair,val,tartanair:ocean_Hard,628,64,data/processed/tartanair/ocean_Hard/P002
tartanair__ocean_Hard__P006,tartanair/ocean_Hard/P006,tartanair,val,tartanair:ocean_Hard,737,64,data/processed/tartanair/ocean_Hard/P006
tartanair__office2_Hard__P000,tartanair/office2_Hard/P000,tartanair,val,tartanair:office2_Hard,308,64,data/processed/tartanair/office2_Hard/P000
tartanair__office2_Hard__P008,tartanair/office2_Hard/P008,tartanair,val,tartanair:office2_Hard,830,64,data/processed/tartanair/office2_Hard/P008
tartanair__office_Hard__P003,tartanair/office_Hard/P003,tartanair,val,tartanair:office_Hard,300,64,data/processed/tartanair/office_Hard/P003
tartanair__oldtown_Hard__P002,tartanair/oldtown_Hard/P002,tartanair,val,tartanair:oldtown_Hard,928,64,data/processed/tartanair/oldtown_Hard/P002
tartanair__oldtown_Hard__P003,tartanair/oldtown_Hard/P003,tartanair,val,tartanair:oldtown_Hard,929,64,data/processed/tartanair/oldtown_Hard/P003
tartanair__oldtown_Hard__P008,tartanair/oldtown_Hard/P008,tartanair,val,tartanair:oldtown_Hard,1215,64,data/processed/tartanair/oldtown_Hard/P008
tartanair__seasidetown_Hard__P001,tartanair/seasidetown_Hard/P001,tartanair,val,tartanair:seasidetown_Hard,312,64,data/processed/tartanair/seasidetown_Hard/P001
tartanair__seasidetown_Hard__P002,tartanair/seasidetown_Hard/P002,tartanair,val,tartanair:seasidetown_Hard,893,64,data/processed/tartanair/seasidetown_Hard/P002
tartanair__seasonsforest_Hard__P002,tartanair/seasonsforest_Hard/P002,tartanair,val,tartanair:seasonsforest_Hard,320,64,data/processed/tartanair/seasonsforest_Hard/P002
tartanair__seasonsforest_Hard__P004,tartanair/seasonsforest_Hard/P004,tartanair,val,tartanair:seasonsforest_Hard,324,64,data/processed/tartanair/seasonsforest_Hard/P004
tartanair__seasonsforest_Hard__P005,tartanair/seasonsforest_Hard/P005,tartanair,val,tartanair:seasonsforest_Hard,484,64,data/processed/tartanair/seasonsforest_Hard/P005
tartanair__seasonsforest_winter_Hard__P010,tartanair/seasonsforest_winter_Hard/P010,tartanair,val,tartanair:seasonsforest_winter_Hard,1577,64,data/processed/tartanair/seasonsforest_winter_Hard/P010
tartanair__seasonsforest_winter_Hard__P011,tartanair/seasonsforest_winter_Hard/P011,tartanair,val,tartanair:seasonsforest_winter_Hard,1420,64,data/processed/tartanair/seasonsforest_winter_Hard/P011
tartanair__seasonsforest_winter_Hard__P012,tartanair/seasonsforest_winter_Hard/P012,tartanair,val,tartanair:seasonsforest_winter_Hard,687,64,data/processed/tartanair/seasonsforest_winter_Hard/P012
tartanair__seasonsforest_winter_Hard__P015,tartanair/seasonsforest_winter_Hard/P015,tartanair,val,tartanair:seasonsforest_winter_Hard,400,64,data/processed/tartanair/seasonsforest_winter_Hard/P015
tartanair__seasonsforest_winter_Hard__P017,tartanair/seasonsforest_winter_Hard/P017,tartanair,val,tartanair:seasonsforest_winter_Hard,1221,64,data/processed/tartanair/seasonsforest_winter_Hard/P017
tartanair__seasonsforest_winter_Hard__P018,tartanair/seasonsforest_winter_Hard/P018,tartanair,val,tartanair:seasonsforest_winter_Hard,734,64,data/processed/tartanair/seasonsforest_winter_Hard/P018
tartanair__soulcity_Hard__P005,tartanair/soulcity_Hard/P005,tartanair,val,tartanair:soulcity_Hard,793,64,data/processed/tartanair/soulcity_Hard/P005
tartanair__soulcity_Hard__P008,tartanair/soulcity_Hard/P008,tartanair,val,tartanair:soulcity_Hard,561,64,data/processed/tartanair/soulcity_Hard/P008
tartanair__westerndesert_Hard__P005,tartanair/westerndesert_Hard/P005,tartanair,val,tartanair:westerndesert_Hard,590,64,data/processed/tartanair/westerndesert_Hard/P005
tartanair__westerndesert_Hard__P006,tartanair/westerndesert_Hard/P006,tartanair,val,tartanair:westerndesert_Hard,319,64,data/processed/tartanair/westerndesert_Hard/P006
tartanair__westerndesert_Hard__P007,tartanair/westerndesert_Hard/P007,tartanair,val,tartanair:westerndesert_Hard,303,64,data/processed/tartanair/westerndesert_Hard/P007
tartanair__abandonedfactory_Hard__P001,tartanair/abandonedfactory_Hard/P001,tartanair,test,tartanair:abandonedfactory_Hard,559,64,data/processed/tartanair/abandonedfactory_Hard/P001
tartanair__abandonedfactory_Hard__P008,tartanair/abandonedfactory_Hard/P008,tartanair,test,tartanair:abandonedfactory_Hard,920,64,data/processed/tartanair/abandonedfactory_Hard/P008
tartanair__abandonedfactory_Hard__P010,tartanair/abandonedfactory_Hard/P010,tartanair,test,tartanair:abandonedfactory_Hard,1107,64,data/processed/tartanair/abandonedfactory_Hard/P010
tartanair__abandonedfactory_night_Hard__P005,tartanair/abandonedfactory_night_Hard/P005,tartanair,test,tartanair:abandonedfactory_night_Hard,599,64,data/processed/tartanair/abandonedfactory_night_Hard/P005
tartanair__abandonedfactory_night_Hard__P006,tartanair/abandonedfactory_night_Hard/P006,tartanair,test,tartanair:abandonedfactory_night_Hard,392,64,data/processed/tartanair/abandonedfactory_night_Hard/P006
tartanair__abandonedfactory_night_Hard__P007,tartanair/abandonedfactory_night_Hard/P007,tartanair,test,tartanair:abandonedfactory_night_Hard,1041,64,data/processed/tartanair/abandonedfactory_night_Hard/P007
tartanair__abandonedfactory_night_Hard__P009,tartanair/abandonedfactory_night_Hard/P009,tartanair,test,tartanair:abandonedfactory_night_Hard,313,64,data/processed/tartanair/abandonedfactory_night_Hard/P009
tartanair__abandonedfactory_night_Hard__P014,tartanair/abandonedfactory_night_Hard/P014,tartanair,test,tartanair:abandonedfactory_night_Hard,460,64,data/processed/tartanair/abandonedfactory_night_Hard/P014
tartanair__amusement_Hard__P002,tartanair/amusement_Hard/P002,tartanair,test,tartanair:amusement_Hard,895,64,data/processed/tartanair/amusement_Hard/P002
tartanair__amusement_Hard__P004,tartanair/amusement_Hard/P004,tartanair,test,tartanair:amusement_Hard,1043,64,data/processed/tartanair/amusement_Hard/P004
tartanair__amusement_Hard__P005,tartanair/amusement_Hard/P005,tartanair,test,tartanair:amusement_Hard,796,64,data/processed/tartanair/amusement_Hard/P005
tartanair__amusement_Hard__P007,tartanair/amusement_Hard/P007,tartanair,test,tartanair:amusement_Hard,550,64,data/processed/tartanair/amusement_Hard/P007
tartanair__carwelding_Hard__P001,tartanair/carwelding_Hard/P001,tartanair,test,tartanair:carwelding_Hard,832,64,data/processed/tartanair/carwelding_Hard/P001
tartanair__endofworld_Hard__P000,tartanair/endofworld_Hard/P000,tartanair,test,tartanair:endofworld_Hard,919,64,data/processed/tartanair/endofworld_Hard/P000
tartanair__gascola_Hard__P001,tartanair/gascola_Hard/P001,tartanair,test,tartanair:gascola_Hard,375,64,data/processed/tartanair/gascola_Hard/P001
tartanair__gascola_Hard__P005,tartanair/gascola_Hard/P005,tartanair,test,tartanair:gascola_Hard,1406,64,data/processed/tartanair/gascola_Hard/P005
tartanair__hospital_Hard__P038,tartanair/hospital_Hard/P038,tartanair,test,tartanair:hospital_Hard,308,64,data/processed/tartanair/hospital_Hard/P038
tartanair__hospital_Hard__P039,tartanair/hospital_Hard/P039,tartanair,test,tartanair:hospital_Hard,439,64,data/processed/tartanair/hospital_Hard/P039
tartanair__hospital_Hard__P047,tartanair/hospital_Hard/P047,tartanair,test,tartanair:hospital_Hard,533,64,data/processed/tartanair/hospital_Hard/P047
tartanair__japanesealley_Hard__P001,tartanair/japanesealley_Hard/P001,tartanair,test,tartanair:japanesealley_Hard,653,64,data/processed/tartanair/japanesealley_Hard/P001
tartanair__japanesealley_Hard__P002,tartanair/japanesealley_Hard/P002,tartanair,test,tartanair:japanesealley_Hard,391,64,data/processed/tartanair/japanesealley_Hard/P002
tartanair__japanesealley_Hard__P004,tartanair/japanesealley_Hard/P004,tartanair,test,tartanair:japanesealley_Hard,362,64,data/processed/tartanair/japanesealley_Hard/P004
tartanair__neighborhood_Hard__P003,tartanair/neighborhood_Hard/P003,tartanair,test,tartanair:neighborhood_Hard,587,64,data/processed/tartanair/neighborhood_Hard/P003
tartanair__neighborhood_Hard__P004,tartanair/neighborhood_Hard/P004,tartanair,test,tartanair:neighborhood_Hard,1277,64,data/processed/tartanair/neighborhood_Hard/P004
tartanair__neighborhood_Hard__P005,tartanair/neighborhood_Hard/P005,tartanair,test,tartanair:neighborhood_Hard,858,64,data/processed/tartanair/neighborhood_Hard/P005
tartanair__neighborhood_Hard__P009,tartanair/neighborhood_Hard/P009,tartanair,test,tartanair:neighborhood_Hard,301,64,data/processed/tartanair/neighborhood_Hard/P009
tartanair__neighborhood_Hard__P013,tartanair/neighborhood_Hard/P013,tartanair,test,tartanair:neighborhood_Hard,497,64,data/processed/tartanair/neighborhood_Hard/P013
tartanair__ocean_Hard__P000,tartanair/ocean_Hard/P000,tartanair,test,tartanair:ocean_Hard,997,64,data/processed/tartanair/ocean_Hard/P000
tartanair__ocean_Hard__P004,tartanair/ocean_Hard/P004,tartanair,test,tartanair:ocean_Hard,490,64,data/processed/tartanair/ocean_Hard/P004
tartanair__ocean_Hard__P008,tartanair/ocean_Hard/P008,tartanair,test,tartanair:ocean_Hard,564,64,data/processed/tartanair/ocean_Hard/P008
tartanair__office2_Hard__P001,tartanair/office2_Hard/P001,tartanair,test,tartanair:office2_Hard,350,64,data/processed/tartanair/office2_Hard/P001
tartanair__office2_Hard__P002,tartanair/office2_Hard/P002,tartanair,test,tartanair:office2_Hard,704,64,data/processed/tartanair/office2_Hard/P002
tartanair__office2_Hard__P005,tartanair/office2_Hard/P005,tartanair,test,tartanair:office2_Hard,1167,64,data/processed/tartanair/office2_Hard/P005
tartanair__office2_Hard__P006,tartanair/office2_Hard/P006,tartanair,test,tartanair:office2_Hard,355,64,data/processed/tartanair/office2_Hard/P006
tartanair__office2_Hard__P007,tartanair/office2_Hard/P007,tartanair,test,tartanair:office2_Hard,473,64,data/processed/tartanair/office2_Hard/P007
tartanair__office_Hard__P000,tartanair/office_Hard/P000,tartanair,test,tartanair:office_Hard,767,64,data/processed/tartanair/office_Hard/P000
tartanair__office_Hard__P002,tartanair/office_Hard/P002,tartanair,test,tartanair:office_Hard,993,64,data/processed/tartanair/office_Hard/P002
tartanair__office_Hard__P005,tartanair/office_Hard/P005,tartanair,test,tartanair:office_Hard,896,64,data/processed/tartanair/office_Hard/P005
tartanair__office_Hard__P007,tartanair/office_Hard/P007,tartanair,test,tartanair:office_Hard,884,64,data/processed/tartanair/office_Hard/P007
tartanair__oldtown_Hard__P004,tartanair/oldtown_Hard/P004,tartanair,test,tartanair:oldtown_Hard,452,64,data/processed/tartanair/oldtown_Hard/P004
tartanair__oldtown_Hard__P005,tartanair/oldtown_Hard/P005,tartanair,test,tartanair:oldtown_Hard,570,64,data/processed/tartanair/oldtown_Hard/P005
tartanair__oldtown_Hard__P007,tartanair/oldtown_Hard/P007,tartanair,test,tartanair:oldtown_Hard,730,64,data/processed/tartanair/oldtown_Hard/P007
tartanair__seasidetown_Hard__P003,tartanair/seasidetown_Hard/P003,tartanair,test,tartanair:seasidetown_Hard,367,64,data/processed/tartanair/seasidetown_Hard/P003
tartanair__seasidetown_Hard__P004,tartanair/seasidetown_Hard/P004,tartanair,test,tartanair:seasidetown_Hard,937,64,data/processed/tartanair/seasidetown_Hard/P004
tartanair__seasonsforest_Hard__P006,tartanair/seasonsforest_Hard/P006,tartanair,test,tartanair:seasonsforest_Hard,300,64,data/processed/tartanair/seasonsforest_Hard/P006
tartanair__seasonsforest_winter_Hard__P013,tartanair/seasonsforest_winter_Hard/P013,tartanair,test,tartanair:seasonsforest_winter_Hard,529,64,data/processed/tartanair/seasonsforest_winter_Hard/P013
tartanair__seasonsforest_winter_Hard__P016,tartanair/seasonsforest_winter_Hard/P016,tartanair,test,tartanair:seasonsforest_winter_Hard,324,64,data/processed/tartanair/seasonsforest_winter_Hard/P016
tartanair__soulcity_Hard__P004,tartanair/soulcity_Hard/P004,tartanair,test,tartanair:soulcity_Hard,575,64,data/processed/tartanair/soulcity_Hard/P004
tartanair__westerndesert_Hard__P000,tartanair/westerndesert_Hard/P000,tartanair,test,tartanair:westerndesert_Hard,926,64,data/processed/tartanair/westerndesert_Hard/P000
tartanair__westerndesert_Hard__P002,tartanair/westerndesert_Hard/P002,tartanair,test,tartanair:westerndesert_Hard,835,64,data/processed/tartanair/westerndesert_Hard/P002
bonn__balloon__01,bonn/balloon/01,bonn,train,bonn:balloon,439,64,data/processed/bonn/balloon/01
bonn__balloon_tracking__01,bonn/balloon_tracking/01,bonn,train,bonn:balloon_tracking,590,64,data/processed/bonn/balloon_tracking/01
bonn__crowd__01,bonn/crowd/01,bonn,train,bonn:crowd,928,64,data/processed/bonn/crowd/01
bonn__crowd__03,bonn/crowd/03,bonn,train,bonn:crowd,854,64,data/processed/bonn/crowd/03
bonn__kidnapping_box__01,bonn/kidnapping_box/01,bonn,train,bonn:kidnapping_box,1091,64,data/processed/bonn/kidnapping_box/01
bonn__moving_nonobstructing_box__01,bonn/moving_nonobstructing_box/01,bonn,train,bonn:moving_nonobstructing_box,778,64,data/processed/bonn/moving_nonobstructing_box/01
bonn__moving_obstructing_box__02,bonn/moving_obstructing_box/02,bonn,train,bonn:moving_obstructing_box,783,64,data/processed/bonn/moving_obstructing_box/02
bonn__person_tracking__01,bonn/person_tracking/01,bonn,train,bonn:person_tracking,580,64,data/processed/bonn/person_tracking/01
bonn__person_tracking__02,bonn/person_tracking/02,bonn,train,bonn:person_tracking,567,64,data/processed/bonn/person_tracking/02
bonn__placing_nonobstructing_box__01,bonn/placing_nonobstructing_box/01,bonn,train,bonn:placing_nonobstructing_box,721,64,data/processed/bonn/placing_nonobstructing_box/01
bonn__placing_nonobstructing_box__02,bonn/placing_nonobstructing_box/02,bonn,train,bonn:placing_nonobstructing_box,677,64,data/processed/bonn/placing_nonobstructing_box/02
bonn__placing_nonobstructing_box__03,bonn/placing_nonobstructing_box/03,bonn,train,bonn:placing_nonobstructing_box,662,64,data/processed/bonn/placing_nonobstructing_box/03
bonn__removing_nonobstructing_box__02,bonn/removing_nonobstructing_box/02,bonn,train,bonn:removing_nonobstructing_box,903,64,data/processed/bonn/removing_nonobstructing_box/02
bonn__static__01,bonn/static/01,bonn,train,bonn:static,10916,64,data/processed/bonn/static/01
bonn__static_close_far__01,bonn/static_close_far/01,bonn,train,bonn:static_close_far,1752,64,data/processed/bonn/static_close_far/01
bonn__synchronous__02,bonn/synchronous/02,bonn,train,bonn:synchronous,358,64,data/processed/bonn/synchronous/02
bonn__balloon__02,bonn/balloon/02,bonn,val,bonn:balloon,469,64,data/processed/bonn/balloon/02
bonn__crowd__02,bonn/crowd/02,bonn,val,bonn:crowd,895,64,data/processed/bonn/crowd/02
bonn__moving_nonobstructing_box__02,bonn/moving_nonobstructing_box/02,bonn,val,bonn:moving_nonobstructing_box,937,64,data/processed/bonn/moving_nonobstructing_box/02
bonn__removing_obstructing_box__01,bonn/removing_obstructing_box/01,bonn,val,bonn:removing_obstructing_box,963,64,data/processed/bonn/removing_obstructing_box/01
bonn__synchronous__01,bonn/synchronous/01,bonn,val,bonn:synchronous,332,64,data/processed/bonn/synchronous/01
bonn__balloon_tracking__02,bonn/balloon_tracking/02,bonn,test,bonn:balloon_tracking,451,64,data/processed/bonn/balloon_tracking/02
bonn__kidnapping_box__02,bonn/kidnapping_box/02,bonn,test,bonn:kidnapping_box,1294,64,data/processed/bonn/kidnapping_box/02
bonn__moving_obstructing_box__01,bonn/moving_obstructing_box/01,bonn,test,bonn:moving_obstructing_box,590,64,data/processed/bonn/moving_obstructing_box/01
bonn__placing_obstructing_box__01,bonn/placing_obstructing_box/01,bonn,test,bonn:placing_obstructing_box,998,64,data/processed/bonn/placing_obstructing_box/01
bonn__removing_nonobstructing_box__01,bonn/removing_nonobstructing_box/01,bonn,test,bonn:removing_nonobstructing_box,494,64,data/processed/bonn/removing_nonobstructing_box/01
yifei_scannetv2_hf__scannetv2__scans__scene0002_00,yifei_scannetv2_hf/scannetv2/scans/scene0002_00,yifei_scannetv2_hf,train,yifei_scannetv2_hf:scannetv2,347,64,data/raw/ltm_datasets/yifei_scannetv2_hf/scannetv2/scans/scene0002_00
yifei_scannetv2_hf__scannetv2__scans__scene0004_00,yifei_scannetv2_hf/scannetv2/scans/scene0004_00,yifei_scannetv2_hf,train,yifei_scannetv2_hf:scannetv2,62,62,data/raw/ltm_datasets/yifei_scannetv2_hf/scannetv2/scans/scene0004_00
yifei_scannetv2_hf__scannetv2__scans__scene0009_01,yifei_scannetv2_hf/scannetv2/scans/scene0009_01,yifei_scannetv2_hf,train,yifei_scannetv2_hf:scannetv2,62,62,data/raw/ltm_datasets/yifei_scannetv2_hf/scannetv2/scans/scene0009_01
yifei_scannetv2_hf__scannetv2__scans__scene0011_01,yifei_scannetv2_hf/scannetv2/scans/scene0011_01,yifei_scannetv2_hf,train,yifei_scannetv2_hf:scannetv2,2759,64,data/raw/ltm_datasets/yifei_scannetv2_hf/scannetv2/scans/scene0011_01
yifei_scannetv2_hf__scannetv2__scans__scene0012_00,yifei_scannetv2_hf/scannetv2/scans/scene0012_00,yifei_scannetv2_hf,train,yifei_scannetv2_hf:scannetv2,357,64,data/raw/ltm_datasets/yifei_scannetv2_hf/scannetv2/scans/scene0012_00
yifei_scannetv2_hf__scannetv2__scans__scene0014_00,yifei_scannetv2_hf/scannetv2/scans/scene0014_00,yifei_scannetv2_hf,train,yifei_scannetv2_hf:scannetv2,160,64,data/raw/ltm_datasets/yifei_scannetv2_hf/scannetv2/scans/scene0014_00
yifei_scannetv2_hf__scannetv2__scans__scene0017_00,yifei_scannetv2_hf/scannetv2/scans/scene0017_00,yifei_scannetv2_hf,train,yifei_scannetv2_hf:scannetv2,86,64,data/raw/ltm_datasets/yifei_scannetv2_hf/scannetv2/scans/scene0017_00
yifei_scannetv2_hf__scannetv2__scans__scene0019_00,yifei_scannetv2_hf/scannetv2/scans/scene0019_00,yifei_scannetv2_hf,train,yifei_scannetv2_hf:scannetv2,579,64,data/raw/ltm_datasets/yifei_scannetv2_hf/scannetv2/scans/scene0019_00
yifei_scannetv2_hf__scannetv2__scans__scene0020_01,yifei_scannetv2_hf/scannetv2/scans/scene0020_01,yifei_scannetv2_hf,train,yifei_scannetv2_hf:scannetv2,63,63,data/raw/ltm_datasets/yifei_scannetv2_hf/scannetv2/scans/scene0020_01
yifei_scannetv2_hf__scannetv2__scans__scene0028_00,yifei_scannetv2_hf/scannetv2/scans/scene0028_00,yifei_scannetv2_hf,train,yifei_scannetv2_hf:scannetv2,72,64,data/raw/ltm_datasets/yifei_scannetv2_hf/scannetv2/scans/scene0028_00
yifei_scannetv2_hf__scannetv2__scans__scene0030_02,yifei_scannetv2_hf/scannetv2/scans/scene0030_02,yifei_scannetv2_hf,train,yifei_scannetv2_hf:scannetv2,129,64,data/raw/ltm_datasets/yifei_scannetv2_hf/scannetv2/scans/scene0030_02
yifei_scannetv2_hf__scannetv2__scans__scene0032_00,yifei_scannetv2_hf/scannetv2/scans/scene0032_00,yifei_scannetv2_hf,train,yifei_scannetv2_hf:scannetv2,38,38,data/raw/ltm_datasets/yifei_scannetv2_hf/scannetv2/scans/scene0032_00
yifei_scannetv2_hf__scannetv2__scans__scene0032_01,yifei_scannetv2_hf/scannetv2/scans/scene0032_01,yifei_scannetv2_hf,train,yifei_scannetv2_hf:scannetv2,48,48,data/raw/ltm_datasets/yifei_scannetv2_hf/scannetv2/scans/scene0032_01
yifei_scannetv2_hf__scannetv2__scans__scene0033_00,yifei_scannetv2_hf/scannetv2/scans/scene0033_00,yifei_scannetv2_hf,train,yifei_scannetv2_hf:scannetv2,95,64,data/raw/ltm_datasets/yifei_scannetv2_hf/scannetv2/scans/scene0033_00
yifei_scannetv2_hf__scannetv2__scans__scene0034_02,yifei_scannetv2_hf/scannetv2/scans/scene0034_02,yifei_scannetv2_hf,train,yifei_scannetv2_hf:scannetv2,81,64,data/raw/ltm_datasets/yifei_scannetv2_hf/scannetv2/scans/scene0034_02
yifei_scannetv2_hf__scannetv2__scans__scene0035_01,yifei_scannetv2_hf/scannetv2/scans/scene0035_01,yifei_scannetv2_hf,train,yifei_scannetv2_hf:scannetv2,67,64,data/raw/ltm_datasets/yifei_scannetv2_hf/scannetv2/scans/scene0035_01
yifei_scannetv2_hf__scannetv2__scans__scene0038_01,yifei_scannetv2_hf/scannetv2/scans/scene0038_01,yifei_scannetv2_hf,train,yifei_scannetv2_hf:scannetv2,71,64,data/raw/ltm_datasets/yifei_scannetv2_hf/scannetv2/scans/scene0038_01
yifei_scannetv2_hf__scannetv2__scans__scene0038_02,yifei_scannetv2_hf/scannetv2/scans/scene0038_02,yifei_scannetv2_hf,train,yifei_scannetv2_hf:scannetv2,68,64,data/raw/ltm_datasets/yifei_scannetv2_hf/scannetv2/scans/scene0038_02
yifei_scannetv2_hf__scannetv2__scans__scene0043_00,yifei_scannetv2_hf/scannetv2/scans/scene0043_00,yifei_scannetv2_hf,train,yifei_scannetv2_hf:scannetv2,73,64,data/raw/ltm_datasets/yifei_scannetv2_hf/scannetv2/scans/scene0043_00
yifei_scannetv2_hf__scannetv2__scans__scene0044_00,yifei_scannetv2_hf/scannetv2/scans/scene0044_00,yifei_scannetv2_hf,train,yifei_scannetv2_hf:scannetv2,87,64,data/raw/ltm_datasets/yifei_scannetv2_hf/scannetv2/scans/scene0044_00
yifei_scannetv2_hf__scannetv2__scans__scene0046_02,yifei_scannetv2_hf/scannetv2/scans/scene0046_02,yifei_scannetv2_hf,train,yifei_scannetv2_hf:scannetv2,167,64,data/raw/ltm_datasets/yifei_scannetv2_hf/scannetv2/scans/scene0046_02
yifei_scannetv2_hf__scannetv2__scans__scene0047_00,yifei_scannetv2_hf/scannetv2/scans/scene0047_00,yifei_scannetv2_hf,train,yifei_scannetv2_hf:scannetv2,1366,64,data/raw/ltm_datasets/yifei_scannetv2_hf/scannetv2/scans/scene0047_00
yifei_scannetv2_hf__scannetv2__scans__scene0048_00,yifei_scannetv2_hf/scannetv2/scans/scene0048_00,yifei_scannetv2_hf,train,yifei_scannetv2_hf:scannetv2,76,64,data/raw/ltm_datasets/yifei_scannetv2_hf/scannetv2/scans/scene0048_00
yifei_scannetv2_hf__scannetv2__scans__scene0051_00,yifei_scannetv2_hf/scannetv2/scans/scene0051_00,yifei_scannetv2_hf,train,yifei_scannetv2_hf:scannetv2,1547,64,data/raw/ltm_datasets/yifei_scannetv2_hf/scannetv2/scans/scene0051_00
yifei_scannetv2_hf__scannetv2__scans__scene0051_01,yifei_scannetv2_hf/scannetv2/scans/scene0051_01,yifei_scannetv2_hf,train,yifei_scannetv2_hf:scannetv2,129,64,data/raw/ltm_datasets/yifei_scannetv2_hf/scannetv2/scans/scene0051_01
yifei_scannetv2_hf__scannetv2__scans__scene0052_02,yifei_scannetv2_hf/scannetv2/scans/scene0052_02,yifei_scannetv2_hf,train,yifei_scannetv2_hf:scannetv2,677,64,data/raw/ltm_datasets/yifei_scannetv2_hf/scannetv2/scans/scene0052_02
yifei_scannetv2_hf__scannetv2__scans__scene0053_00,yifei_scannetv2_hf/scannetv2/scans/scene0053_00,yifei_scannetv2_hf,train,yifei_scannetv2_hf:scannetv2,37,37,data/raw/ltm_datasets/yifei_scannetv2_hf/scannetv2/scans/scene0053_00
yifei_scannetv2_hf__scannetv2__scans__scene0055_01,yifei_scannetv2_hf/scannetv2/scans/scene0055_01,yifei_scannetv2_hf,train,yifei_scannetv2_hf:scannetv2,118,64,data/raw/ltm_datasets/yifei_scannetv2_hf/scannetv2/scans/scene0055_01
yifei_scannetv2_hf__scannetv2__scans__scene0057_00,yifei_scannetv2_hf/scannetv2/scans/scene0057_00,yifei_scannetv2_hf,train,yifei_scannetv2_hf:scannetv2,114,64,data/raw/ltm_datasets/yifei_scannetv2_hf/scannetv2/scans/scene0057_00
yifei_scannetv2_hf__scannetv2__scans__scene0059_00,yifei_scannetv2_hf/scannetv2/scans/scene0059_00,yifei_scannetv2_hf,train,yifei_scannetv2_hf:scannetv2,120,64,data/raw/ltm_datasets/yifei_scannetv2_hf/scannetv2/scans/scene0059_00
yifei_scannetv2_hf__scannetv2__scans__scene0059_01,yifei_scannetv2_hf/scannetv2/scans/scene0059_01,yifei_scannetv2_hf,train,yifei_scannetv2_hf:scannetv2,96,64,data/raw/ltm_datasets/yifei_scannetv2_hf/scannetv2/scans/scene0059_01
yifei_scannetv2_hf__scannetv2__scans__scene0060_01,yifei_scannetv2_hf/scannetv2/scans/scene0060_01,yifei_scannetv2_hf,train,yifei_scannetv2_hf:scannetv2,1036,64,data/raw/ltm_datasets/yifei_scannetv2_hf/scannetv2/scans/scene0060_01
yifei_scannetv2_hf__scannetv2__scans__scene0061_01,yifei_scannetv2_hf/scannetv2/scans/scene0061_01,yifei_scannetv2_hf,train,yifei_scannetv2_hf:scannetv2,125,64,data/raw/ltm_datasets/yifei_scannetv2_hf/scannetv2/scans/scene0061_01
yifei_scannetv2_hf__scannetv2__scans__scene0065_01,yifei_scannetv2_hf/scannetv2/scans/scene0065_01,yifei_scannetv2_hf,train,yifei_scannetv2_hf:scannetv2,59,59,data/raw/ltm_datasets/yifei_scannetv2_hf/scannetv2/scans/scene0065_01
yifei_scannetv2_hf__scannetv2__scans__scene0065_02,yifei_scannetv2_hf/scannetv2/scans/scene0065_02,yifei_scannetv2_hf,train,yifei_scannetv2_hf:scannetv2,58,58,data/raw/ltm_datasets/yifei_scannetv2_hf/scannetv2/scans/scene0065_02
yifei_scannetv2_hf__scannetv2__scans__scene0068_00,yifei_scannetv2_hf/scannetv2/scans/scene0068_00,yifei_scannetv2_hf,train,yifei_scannetv2_hf:scannetv2,74,64,data/raw/ltm_datasets/yifei_scannetv2_hf/scannetv2/scans/scene0068_00
yifei_scannetv2_hf__scannetv2__scans__scene0068_01,yifei_scannetv2_hf/scannetv2/scans/scene0068_01,yifei_scannetv2_hf,train,yifei_scannetv2_hf:scannetv2,58,58,data/raw/ltm_datasets/yifei_scannetv2_hf/scannetv2/scans/scene0068_01
yifei_scannetv2_hf__scannetv2__scans__scene0071_00,yifei_scannetv2_hf/scannetv2/scans/scene0071_00,yifei_scannetv2_hf,train,yifei_scannetv2_hf:scannetv2,1114,64,data/raw/ltm_datasets/yifei_scannetv2_hf/scannetv2/scans/scene0071_00
yifei_scannetv2_hf__scannetv2__scans__scene0073_02,yifei_scannetv2_hf/scannetv2/scans/scene0073_02,yifei_scannetv2_hf,train,yifei_scannetv2_hf:scannetv2,86,64,data/raw/ltm_datasets/yifei_scannetv2_hf/scannetv2/scans/scene0073_02
yifei_scannetv2_hf__scannetv2__scans__scene0076_00,yifei_scannetv2_hf/scannetv2/scans/scene0076_00,yifei_scannetv2_hf,train,yifei_scannetv2_hf:scannetv2,66,64,data/raw/ltm_datasets/yifei_scannetv2_hf/scannetv2/scans/scene0076_00
yifei_scannetv2_hf__scannetv2__scans__scene0078_02,yifei_scannetv2_hf/scannetv2/scans/scene0078_02,yifei_scannetv2_hf,train,yifei_scannetv2_hf:scannetv2,66,64,data/raw/ltm_datasets/yifei_scannetv2_hf/scannetv2/scans/scene0078_02
yifei_scannetv2_hf__scannetv2__scans__scene0080_01,yifei_scannetv2_hf/scannetv2/scans/scene0080_01,yifei_scannetv2_hf,train,yifei_scannetv2_hf:scannetv2,55,55,data/raw/ltm_datasets/yifei_scannetv2_hf/scannetv2/scans/scene0080_01
yifei_scannetv2_hf__scannetv2__scans__scene0081_01,yifei_scannetv2_hf/scannetv2/scans/scene0081_01,yifei_scannetv2_hf,train,yifei_scannetv2_hf:scannetv2,95,64,data/raw/ltm_datasets/yifei_scannetv2_hf/scannetv2/scans/scene0081_01
yifei_scannetv2_hf__scannetv2__scans__scene0083_00,yifei_scannetv2_hf/scannetv2/scans/scene0083_00,yifei_scannetv2_hf,train,yifei_scannetv2_hf:scannetv2,44,44,data/raw/ltm_datasets/yifei_scannetv2_hf/scannetv2/scans/scene0083_00
yifei_scannetv2_hf__scannetv2__scans__scene0083_01,yifei_scannetv2_hf/scannetv2/scans/scene0083_01,yifei_scannetv2_hf,train,yifei_scannetv2_hf:scannetv2,37,37,data/raw/ltm_datasets/yifei_scannetv2_hf/scannetv2/scans/scene0083_01
yifei_scannetv2_hf__scannetv2__scans__scene0089_00,yifei_scannetv2_hf/scannetv2/scans/scene0089_00,yifei_scannetv2_hf,train,yifei_scannetv2_hf:scannetv2,70,64,data/raw/ltm_datasets/yifei_scannetv2_hf/scannetv2/scans/scene0089_00
yifei_scannetv2_hf__scannetv2__scans__scene0091_00,yifei_scannetv2_hf/scannetv2/scans/scene0091_00,yifei_scannetv2_hf,train,yifei_scannetv2_hf:scannetv2,104,64,data/raw/ltm_datasets/yifei_scannetv2_hf/scannetv2/scans/scene0091_00
yifei_scannetv2_hf__scannetv2__scans__scene0092_03,yifei_scannetv2_hf/scannetv2/scans/scene0092_03,yifei_scannetv2_hf,train,yifei_scannetv2_hf:scannetv2,180,64,data/raw/ltm_datasets/yifei_scannetv2_hf/scannetv2/scans/scene0092_03
yifei_scannetv2_hf__scannetv2__scans__scene0093_00,yifei_scannetv2_hf/scannetv2/scans/scene0093_00,yifei_scannetv2_hf,train,yifei_scannetv2_hf:scannetv2,72,64,data/raw/ltm_datasets/yifei_scannetv2_hf/scannetv2/scans/scene0093_00
yifei_scannetv2_hf__scannetv2__scans__scene0093_02,yifei_scannetv2_hf/scannetv2/scans/scene0093_02,yifei_scannetv2_hf,train,yifei_scannetv2_hf:scannetv2,1075,64,data/raw/ltm_datasets/yifei_scannetv2_hf/scannetv2/scans/scene0093_02
yifei_scannetv2_hf__scannetv2__scans__scene0099_00,yifei_scannetv2_hf/scannetv2/scans/scene0099_00,yifei_scannetv2_hf,train,yifei_scannetv2_hf:scannetv2,78,64,data/raw/ltm_datasets/yifei_scannetv2_hf/scannetv2/scans/scene0099_00
yifei_scannetv2_hf__scannetv2__scans__scene0099_01,yifei_scannetv2_hf/scannetv2/scans/scene0099_01,yifei_scannetv2_hf,train,yifei_scannetv2_hf:scannetv2,63,63,data/raw/ltm_datasets/yifei_scannetv2_hf/scannetv2/scans/scene0099_01
yifei_scannetv2_hf__scannetv2__scans__scene0101_05,yifei_scannetv2_hf/scannetv2/scans/scene0101_05,yifei_scannetv2_hf,train,yifei_scannetv2_hf:scannetv2,70,64,data/raw/ltm_datasets/yifei_scannetv2_hf/scannetv2/scans/scene0101_05
yifei_scannetv2_hf__scannetv2__scans__scene0102_00,yifei_scannetv2_hf/scannetv2/scans/scene0102_00,yifei_scannetv2_hf,train,yifei_scannetv2_hf:scannetv2,132,64,data/raw/ltm_datasets/yifei_scannetv2_hf/scannetv2/scans/scene0102_00
yifei_scannetv2_hf__scannetv2__scans__scene0110_01,yifei_scannetv2_hf/scannetv2/scans/scene0110_01,yifei_scannetv2_hf,train,yifei_scannetv2_hf:scannetv2,56,56,data/raw/ltm_datasets/yifei_scannetv2_hf/scannetv2/scans/scene0110_01
yifei_scannetv2_hf__scannetv2__scans__scene0111_01,yifei_scannetv2_hf/scannetv2/scans/scene0111_01,yifei_scannetv2_hf,train,yifei_scannetv2_hf:scannetv2,142,64,data/raw/ltm_datasets/yifei_scannetv2_hf/scannetv2/scans/scene0111_01
yifei_scannetv2_hf__scannetv2__scans__scene0112_01,yifei_scannetv2_hf/scannetv2/scans/scene0112_01,yifei_scannetv2_hf,train,yifei_scannetv2_hf:scannetv2,76,64,data/raw/ltm_datasets/yifei_scannetv2_hf/scannetv2/scans/scene0112_01
yifei_scannetv2_hf__scannetv2__scans__scene0112_02,yifei_scannetv2_hf/scannetv2/scans/scene0112_02,yifei_scannetv2_hf,train,yifei_scannetv2_hf:scannetv2,900,64,data/raw/ltm_datasets/yifei_scannetv2_hf/scannetv2/scans/scene0112_02
yifei_scannetv2_hf__scannetv2__scans__scene0114_00,yifei_scannetv2_hf/scannetv2/scans/scene0114_00,yifei_scannetv2_hf,train,yifei_scannetv2_hf:scannetv2,1905,64,data/raw/ltm_datasets/yifei_scannetv2_hf/scannetv2/scans/scene0114_00
yifei_scannetv2_hf__scannetv2__scans__scene0115_02,yifei_scannetv2_hf/scannetv2/scans/scene0115_02,yifei_scannetv2_hf,train,yifei_scannetv2_hf:scannetv2,48,48,data/raw/ltm_datasets/yifei_scannetv2_hf/scannetv2/scans/scene0115_02
yifei_scannetv2_hf__scannetv2__scans__scene0120_00,yifei_scannetv2_hf/scannetv2/scans/scene0120_00,yifei_scannetv2_hf,train,yifei_scannetv2_hf:scannetv2,61,61,data/raw/ltm_datasets/yifei_scannetv2_hf/scannetv2/scans/scene0120_00
yifei_scannetv2_hf__scannetv2__scans__scene0120_01,yifei_scannetv2_hf/scannetv2/scans/scene0120_01,yifei_scannetv2_hf,train,yifei_scannetv2_hf:scannetv2,30,30,data/raw/ltm_datasets/yifei_scannetv2_hf/scannetv2/scans/scene0120_01
yifei_scannetv2_hf__scannetv2__scans__scene0121_01,yifei_scannetv2_hf/scannetv2/scans/scene0121_01,yifei_scannetv2_hf,train,yifei_scannetv2_hf:scannetv2,100,64,data/raw/ltm_datasets/yifei_scannetv2_hf/scannetv2/scans/scene0121_01
yifei_scannetv2_hf__scannetv2__scans__scene0123_01,yifei_scannetv2_hf/scannetv2/scans/scene0123_01,yifei_scannetv2_hf,train,yifei_scannetv2_hf:scannetv2,52,52,data/raw/ltm_datasets/yifei_scannetv2_hf/scannetv2/scans/scene0123_01
yifei_scannetv2_hf__scannetv2__scans__scene0129_00,yifei_scannetv2_hf/scannetv2/scans/scene0129_00,yifei_scannetv2_hf,train,yifei_scannetv2_hf:scannetv2,142,64,data/raw/ltm_datasets/yifei_scannetv2_hf/scannetv2/scans/scene0129_00
yifei_scannetv2_hf__scannetv2__scans__scene0132_00,yifei_scannetv2_hf/scannetv2/scans/scene0132_00,yifei_scannetv2_hf,train,yifei_scannetv2_hf:scannetv2,1173,64,data/raw/ltm_datasets/yifei_scannetv2_hf/scannetv2/scans/scene0132_00
yifei_scannetv2_hf__scannetv2__scans__scene0132_01,yifei_scannetv2_hf/scannetv2/scans/scene0132_01,yifei_scannetv2_hf,train,yifei_scannetv2_hf:scannetv2,77,64,data/raw/ltm_datasets/yifei_scannetv2_hf/scannetv2/scans/scene0132_01
yifei_scannetv2_hf__scannetv2__scans__scene0133_00,yifei_scannetv2_hf/scannetv2/scans/scene0133_00,yifei_scannetv2_hf,train,yifei_scannetv2_hf:scannetv2,895,64,data/raw/ltm_datasets/yifei_scannetv2_hf/scannetv2/scans/scene0133_00
yifei_scannetv2_hf__scannetv2__scans__scene0137_00,yifei_scannetv2_hf/scannetv2/scans/scene0137_00,yifei_scannetv2_hf,train,yifei_scannetv2_hf:scannetv2,123,64,data/raw/ltm_datasets/yifei_scannetv2_hf/scannetv2/scans/scene0137_00
yifei_scannetv2_hf__scannetv2__scans__scene0141_01,yifei_scannetv2_hf/scannetv2/scans/scene0141_01,yifei_scannetv2_hf,train,yifei_scannetv2_hf:scannetv2,66,64,data/raw/ltm_datasets/yifei_scannetv2_hf/scannetv2/scans/scene0141_01
yifei_scannetv2_hf__scannetv2__scans__scene0141_02,yifei_scannetv2_hf/scannetv2/scans/scene0141_02,yifei_scannetv2_hf,train,yifei_scannetv2_hf:scannetv2,65,64,data/raw/ltm_datasets/yifei_scannetv2_hf/scannetv2/scans/scene0141_02
yifei_scannetv2_hf__scannetv2__scans__scene0143_00,yifei_scannetv2_hf/scannetv2/scans/scene0143_00,yifei_scannetv2_hf,train,yifei_scannetv2_hf:scannetv2,16,16,data/raw/ltm_datasets/yifei_scannetv2_hf/scannetv2/scans/scene0143_00
yifei_scannetv2_hf__scannetv2__scans__scene0143_02,yifei_scannetv2_hf/scannetv2/scans/scene0143_02,yifei_scannetv2_hf,train,yifei_scannetv2_hf:scannetv2,92,64,data/raw/ltm_datasets/yifei_scannetv2_hf/scannetv2/scans/scene0143_02
yifei_scannetv2_hf__scannetv2__scans__scene0145_00,yifei_scannetv2_hf/scannetv2/scans/scene0145_00,yifei_scannetv2_hf,train,yifei_scannetv2_hf:scannetv2,89,64,data/raw/ltm_datasets/yifei_scannetv2_hf/scannetv2/scans/scene0145_00
yifei_scannetv2_hf__scannetv2__scans__scene0146_00,yifei_scannetv2_hf/scannetv2/scans/scene0146_00,yifei_scannetv2_hf,train,yifei_scannetv2_hf:scannetv2,94,64,data/raw/ltm_datasets/yifei_scannetv2_hf/scannetv2/scans/scene0146_00
yifei_scannetv2_hf__scannetv2__scans__scene0149_00,yifei_scannetv2_hf/scannetv2/scans/scene0149_00,yifei_scannetv2_hf,train,yifei_scannetv2_hf:scannetv2,92,64,data/raw/ltm_datasets/yifei_scannetv2_hf/scannetv2/scans/scene0149_00
yifei_scannetv2_hf__scannetv2__scans__scene0152_02,yifei_scannetv2_hf/scannetv2/scans/scene0152_02,yifei_scannetv2_hf,train,yifei_scannetv2_hf:scannetv2,219,64,data/raw/ltm_datasets/yifei_scannetv2_hf/scannetv2/scans/scene0152_02
yifei_scannetv2_hf__scannetv2__scans__scene0153_00,yifei_scannetv2_hf/scannetv2/scans/scene0153_00,yifei_scannetv2_hf,train,yifei_scannetv2_hf:scannetv2,38,38,data/raw/ltm_datasets/yifei_scannetv2_hf/scannetv2/scans/scene0153_00
yifei_scannetv2_hf__scannetv2__scans__scene0158_02,yifei_scannetv2_hf/scannetv2/scans/scene0158_02,yifei_scannetv2_hf,train,yifei_scannetv2_hf:scannetv2,102,64,data/raw/ltm_datasets/yifei_scannetv2_hf/scannetv2/scans/scene0158_02
yifei_scannetv2_hf__scannetv2__scans__scene0159_00,yifei_scannetv2_hf/scannetv2/scans/scene0159_00,yifei_scannetv2_hf,train,yifei_scannetv2_hf:scannetv2,71,64,data/raw/ltm_datasets/yifei_scannetv2_hf/scannetv2/scans/scene0159_00
yifei_scannetv2_hf__scannetv2__scans__scene0160_02,yifei_scannetv2_hf/scannetv2/scans/scene0160_02,yifei_scannetv2_hf,train,yifei_scannetv2_hf:scannetv2,53,53,data/raw/ltm_datasets/yifei_scannetv2_hf/scannetv2/scans/scene0160_02
yifei_scannetv2_hf__scannetv2__scans__scene0162_00,yifei_scannetv2_hf/scannetv2/scans/scene0162_00,yifei_scannetv2_hf,train,yifei_scannetv2_hf:scannetv2,1066,64,data/raw/ltm_datasets/yifei_scannetv2_hf/scannetv2/scans/scene0162_00
yifei_scannetv2_hf__scannetv2__scans__scene0164_03,yifei_scannetv2_hf/scannetv2/scans/scene0164_03,yifei_scannetv2_hf,train,yifei_scannetv2_hf:scannetv2,75,64,data/raw/ltm_datasets/yifei_scannetv2_hf/scannetv2/scans/scene0164_03
yifei_scannetv2_hf__scannetv2__scans__scene0165_00,yifei_scannetv2_hf/scannetv2/scans/scene0165_00,yifei_scannetv2_hf,train,yifei_scannetv2_hf:scannetv2,61,61,data/raw/ltm_datasets/yifei_scannetv2_hf/scannetv2/scans/scene0165_00
yifei_scannetv2_hf__scannetv2__scans__scene0165_02,yifei_scannetv2_hf/scannetv2/scans/scene0165_02,yifei_scannetv2_hf,train,yifei_scannetv2_hf:scannetv2,82,64,data/raw/ltm_datasets/yifei_scannetv2_hf/scannetv2/scans/scene0165_02
yifei_scannetv2_hf__scannetv2__scans__scene0168_01,yifei_scannetv2_hf/scannetv2/scans/scene0168_01,yifei_scannetv2_hf,train,yifei_scannetv2_hf:scannetv2,75,64,data/raw/ltm_datasets/yifei_scannetv2_hf/scannetv2/scans/scene0168_01
yifei_scannetv2_hf__scannetv2__scans__scene0170_00,yifei_scannetv2_hf/scannetv2/scans/scene0170_00,yifei_scannetv2_hf,train,yifei_scannetv2_hf:scannetv2,66,64,data/raw/ltm_datasets/yifei_scannetv2_hf/scannetv2/scans/scene0170_00
yifei_scannetv2_hf__scannetv2__scans__scene0173_00,yifei_scannetv2_hf/scannetv2/scans/scene0173_00,yifei_scannetv2_hf,train,yifei_scannetv2_hf:scannetv2,114,64,data/raw/ltm_datasets/yifei_scannetv2_hf/scannetv2/scans/scene0173_00
yifei_scannetv2_hf__scannetv2__scans__scene0176_00,yifei_scannetv2_hf/scannetv2/scans/scene0176_00,yifei_scannetv2_hf,train,yifei_scannetv2_hf:scannetv2,72,64,data/raw/ltm_datasets/yifei_scannetv2_hf/scannetv2/scans/scene0176_00
yifei_scannetv2_hf__scannetv2__scans__scene0178_00,yifei_scannetv2_hf/scannetv2/scans/scene0178_00,yifei_scannetv2_hf,train,yifei_scannetv2_hf:scannetv2,166,64,data/raw/ltm_datasets/yifei_scannetv2_hf/scannetv2/scans/scene0178_00
yifei_scannetv2_hf__scannetv2__scans__scene0181_02,yifei_scannetv2_hf/scannetv2/scans/scene0181_02,yifei_scannetv2_hf,train,yifei_scannetv2_hf:scannetv2,120,64,data/raw/ltm_datasets/yifei_scannetv2_hf/scannetv2/scans/scene0181_02
yifei_scannetv2_hf__scannetv2__scans__scene0182_00,yifei_scannetv2_hf/scannetv2/scans/scene0182_00,yifei_scannetv2_hf,train,yifei_scannetv2_hf:scannetv2,46,46,data/raw/ltm_datasets/yifei_scannetv2_hf/scannetv2/scans/scene0182_00
yifei_scannetv2_hf__scannetv2__scans__scene0191_00,yifei_scannetv2_hf/scannetv2/scans/scene0191_00,yifei_scannetv2_hf,train,yifei_scannetv2_hf:scannetv2,1090,64,data/raw/ltm_datasets/yifei_scannetv2_hf/scannetv2/scans/scene0191_00
yifei_scannetv2_hf__scannetv2__scans__scene0193_00,yifei_scannetv2_hf/scannetv2/scans/scene0193_00,yifei_scannetv2_hf,train,yifei_scannetv2_hf:scannetv2,46,46,data/raw/ltm_datasets/yifei_scannetv2_hf/scannetv2/scans/scene0193_00
yifei_scannetv2_hf__scannetv2__scans__scene0197_01,yifei_scannetv2_hf/scannetv2/scans/scene0197_01,yifei_scannetv2_hf,train,yifei_scannetv2_hf:scannetv2,1967,64,data/raw/ltm_datasets/yifei_scannetv2_hf/scannetv2/scans/scene0197_01
yifei_scannetv2_hf__scannetv2__scans__scene0201_01,yifei_scannetv2_hf/scannetv2/scans/scene0201_01,yifei_scannetv2_hf,train,yifei_scannetv2_hf:scannetv2,59,59,data/raw/ltm_datasets/yifei_scannetv2_hf/scannetv2/scans/scene0201_01
yifei_scannetv2_hf__scannetv2__scans__scene0201_02,yifei_scannetv2_hf/scannetv2/scans/scene0201_02,yifei_scannetv2_hf,train,yifei_scannetv2_hf:scannetv2,1309,64,data/raw/ltm_datasets/yifei_scannetv2_hf/scannetv2/scans/scene0201_02
yifei_scannetv2_hf__scannetv2__scans__scene0204_00,yifei_scannetv2_hf/scannetv2/scans/scene0204_00,yifei_scannetv2_hf,train,yifei_scannetv2_hf:scannetv2,959,64,data/raw/ltm_datasets/yifei_scannetv2_hf/scannetv2/scans/scene0204_00
yifei_scannetv2_hf__scannetv2__scans__scene0205_01,yifei_scannetv2_hf/scannetv2/scans/scene0205_01,yifei_scannetv2_hf,train,yifei_scannetv2_hf:scannetv2,60,60,data/raw/ltm_datasets/yifei_scannetv2_hf/scannetv2/scans/scene0205_01
yifei_scannetv2_hf__scannetv2__scans__scene0206_02,yifei_scannetv2_hf/scannetv2/scans/scene0206_02,yifei_scannetv2_hf,train,yifei_scannetv2_hf:scannetv2,133,64,data/raw/ltm_datasets/yifei_scannetv2_hf/scannetv2/scans/scene0206_02
yifei_scannetv2_hf__scannetv2__scans__scene0210_00,yifei_scannetv2_hf/scannetv2/scans/scene0210_00,yifei_scannetv2_hf,train,yifei_scannetv2_hf:scannetv2,124,64,data/raw/ltm_datasets/yifei_scannetv2_hf/scannetv2/scans/scene0210_00
yifei_scannetv2_hf__scannetv2__scans__scene0212_00,yifei_scannetv2_hf/scannetv2/scans/scene0212_00,yifei_scannetv2_hf,train,yifei_scannetv2_hf:scannetv2,124,64,data/raw/ltm_datasets/yifei_scannetv2_hf/scannetv2/scans/scene0212_00
yifei_scannetv2_hf__scannetv2__scans__scene0213_00,yifei_scannetv2_hf/scannetv2/scans/scene0213_00,yifei_scannetv2_hf,train,yifei_scannetv2_hf:scannetv2,96,64,data/raw/ltm_datasets/yifei_scannetv2_hf/scannetv2/scans/scene0213_00
yifei_scannetv2_hf__scannetv2__scans__scene0215_00,yifei_scannetv2_hf/scannetv2/scans/scene0215_00,yifei_scannetv2_hf,train,yifei_scannetv2_hf:scannetv2,52,52,data/raw/ltm_datasets/yifei_scannetv2_hf/scannetv2/scans/scene0215_00
yifei_scannetv2_hf__scannetv2__scans__scene0218_01,yifei_scannetv2_hf/scannetv2/scans/scene0218_01,yifei_scannetv2_hf,train,yifei_scannetv2_hf:scannetv2,51,51,data/raw/ltm_datasets/yifei_scannetv2_hf/scannetv2/scans/scene0218_01
yifei_scannetv2_hf__scannetv2__scans__scene0221_01,yifei_scannetv2_hf/scannetv2/scans/scene0221_01,yifei_scannetv2_hf,train,yifei_scannetv2_hf:scannetv2,52,52,data/raw/ltm_datasets/yifei_scannetv2_hf/scannetv2/scans/scene0221_01
yifei_scannetv2_hf__scannetv2__scans__scene0231_01,yifei_scannetv2_hf/scannetv2/scans/scene0231_01,yifei_scannetv2_hf,train,yifei_scannetv2_hf:scannetv2,290,64,data/raw/ltm_datasets/yifei_scannetv2_hf/scannetv2/scans/scene0231_01
yifei_scannetv2_hf__scannetv2__scans__scene0234_00,yifei_scannetv2_hf/scannetv2/scans/scene0234_00,yifei_scannetv2_hf,train,yifei_scannetv2_hf:scannetv2,39,39,data/raw/ltm_datasets/yifei_scannetv2_hf/scannetv2/scans/scene0234_00
yifei_scannetv2_hf__scannetv2__scans__scene0240_00,yifei_scannetv2_hf/scannetv2/scans/scene0240_00,yifei_scannetv2_hf,train,yifei_scannetv2_hf:scannetv2,70,64,data/raw/ltm_datasets/yifei_scannetv2_hf/scannetv2/scans/scene0240_00
yifei_scannetv2_hf__scannetv2__scans__scene0242_01,yifei_scannetv2_hf/scannetv2/scans/scene0242_01,yifei_scannetv2_hf,train,yifei_scannetv2_hf:scannetv2,77,64,data/raw/ltm_datasets/yifei_scannetv2_hf/scannetv2/scans/scene0242_01
yifei_scannetv2_hf__scannetv2__scans__scene0245_00,yifei_scannetv2_hf/scannetv2/scans/scene0245_00,yifei_scannetv2_hf,train,yifei_scannetv2_hf:scannetv2,68,64,data/raw/ltm_datasets/yifei_scannetv2_hf/scannetv2/scans/scene0245_00
yifei_scannetv2_hf__scannetv2__scans__scene0248_00,yifei_scannetv2_hf/scannetv2/scans/scene0248_00,yifei_scannetv2_hf,train,yifei_scannetv2_hf:scannetv2,87,64,data/raw/ltm_datasets/yifei_scannetv2_hf/scannetv2/scans/scene0248_00
yifei_scannetv2_hf__scannetv2__scans__scene0248_01,yifei_scannetv2_hf/scannetv2/scans/scene0248_01,yifei_scannetv2_hf,train,yifei_scannetv2_hf:scannetv2,92,64,data/raw/ltm_datasets/yifei_scannetv2_hf/scannetv2/scans/scene0248_01
yifei_scannetv2_hf__scannetv2__scans__scene0252_00,yifei_scannetv2_hf/scannetv2/scans/scene0252_00,yifei_scannetv2_hf,train,yifei_scannetv2_hf:scannetv2,99,64,data/raw/ltm_datasets/yifei_scannetv2_hf/scannetv2/scans/scene0252_00
yifei_scannetv2_hf__scannetv2__scans__scene0253_00,yifei_scannetv2_hf/scannetv2/scans/scene0253_00,yifei_scannetv2_hf,train,yifei_scannetv2_hf:scannetv2,105,64,data/raw/ltm_datasets/yifei_scannetv2_hf/scannetv2/scans/scene0253_00
yifei_scannetv2_hf__scannetv2__scans__scene0255_00,yifei_scannetv2_hf/scannetv2/scans/scene0255_00,yifei_scannetv2_hf,train,yifei_scannetv2_hf:scannetv2,97,64,data/raw/ltm_datasets/yifei_scannetv2_hf/scannetv2/scans/scene0255_00
yifei_scannetv2_hf__scannetv2__scans__scene0256_01,yifei_scannetv2_hf/scannetv2/scans/scene0256_01,yifei_scannetv2_hf,train,yifei_scannetv2_hf:scannetv2,120,64,data/raw/ltm_datasets/yifei_scannetv2_hf/scannetv2/scans/scene0256_01
yifei_scannetv2_hf__scannetv2__scans__scene0259_01,yifei_scannetv2_hf/scannetv2/scans/scene0259_01,yifei_scannetv2_hf,train,yifei_scannetv2_hf:scannetv2,433,64,data/raw/ltm_datasets/yifei_scannetv2_hf/scannetv2/scans/scene0259_01
yifei_scannetv2_hf__scannetv2__scans__scene0264_00,yifei_scannetv2_hf/scannetv2/scans/scene0264_00,yifei_scannetv2_hf,train,yifei_scannetv2_hf:scannetv2,1603,64,data/raw/ltm_datasets/yifei_scannetv2_hf/scannetv2/scans/scene0264_00
yifei_scannetv2_hf__scannetv2__scans__scene0264_01,yifei_scannetv2_hf/scannetv2/scans/scene0264_01,yifei_scannetv2_hf,train,yifei_scannetv2_hf:scannetv2,116,64,data/raw/ltm_datasets/yifei_scannetv2_hf/scannetv2/scans/scene0264_01
yifei_scannetv2_hf__scannetv2__scans__scene0266_00,yifei_scannetv2_hf/scannetv2/scans/scene0266_00,yifei_scannetv2_hf,train,yifei_scannetv2_hf:scannetv2,139,64,data/raw/ltm_datasets/yifei_scannetv2_hf/scannetv2/scans/scene0266_00
yifei_scannetv2_hf__scannetv2__scans__scene0270_00,yifei_scannetv2_hf/scannetv2/scans/scene0270_00,yifei_scannetv2_hf,train,yifei_scannetv2_hf:scannetv2,165,64,data/raw/ltm_datasets/yifei_scannetv2_hf/scannetv2/scans/scene0270_00
yifei_scannetv2_hf__scannetv2__scans__scene0272_00,yifei_scannetv2_hf/scannetv2/scans/scene0272_00,yifei_scannetv2_hf,train,yifei_scannetv2_hf:scannetv2,109,64,data/raw/ltm_datasets/yifei_scannetv2_hf/scannetv2/scans/scene0272_00
yifei_scannetv2_hf__scannetv2__scans__scene0274_02,yifei_scannetv2_hf/scannetv2/scans/scene0274_02,yifei_scannetv2_hf,train,yifei_scannetv2_hf:scannetv2,149,64,data/raw/ltm_datasets/yifei_scannetv2_hf/scannetv2/scans/scene0274_02
yifei_scannetv2_hf__scannetv2__scans__scene0277_01,yifei_scannetv2_hf/scannetv2/scans/scene0277_01,yifei_scannetv2_hf,train,yifei_scannetv2_hf:scannetv2,60,60,data/raw/ltm_datasets/yifei_scannetv2_hf/scannetv2/scans/scene0277_01
yifei_scannetv2_hf__scannetv2__scans__scene0282_01,yifei_scannetv2_hf/scannetv2/scans/scene0282_01,yifei_scannetv2_hf,train,yifei_scannetv2_hf:scannetv2,106,64,data/raw/ltm_datasets/yifei_scannetv2_hf/scannetv2/scans/scene0282_01
yifei_scannetv2_hf__scannetv2__scans__scene0288_01,yifei_scannetv2_hf/scannetv2/scans/scene0288_01,yifei_scannetv2_hf,train,yifei_scannetv2_hf:scannetv2,151,64,data/raw/ltm_datasets/yifei_scannetv2_hf/scannetv2/scans/scene0288_01
yifei_scannetv2_hf__scannetv2__scans__scene0294_02,yifei_scannetv2_hf/scannetv2/scans/scene0294_02,yifei_scannetv2_hf,train,yifei_scannetv2_hf:scannetv2,158,64,data/raw/ltm_datasets/yifei_scannetv2_hf/scannetv2/scans/scene0294_02
yifei_scannetv2_hf__scannetv2__scans__scene0298_00,yifei_scannetv2_hf/scannetv2/scans/scene0298_00,yifei_scannetv2_hf,train,yifei_scannetv2_hf:scannetv2,807,64,data/raw/ltm_datasets/yifei_scannetv2_hf/scannetv2/scans/scene0298_00
yifei_scannetv2_hf__scannetv2__scans__scene0303_01,yifei_scannetv2_hf/scannetv2/scans/scene0303_01,yifei_scannetv2_hf,train,yifei_scannetv2_hf:scannetv2,72,64,data/raw/ltm_datasets/yifei_scannetv2_hf/scannetv2/scans/scene0303_01
yifei_scannetv2_hf__scannetv2__scans__scene0305_01,yifei_scannetv2_hf/scannetv2/scans/scene0305_01,yifei_scannetv2_hf,train,yifei_scannetv2_hf:scannetv2,1715,64,data/raw/ltm_datasets/yifei_scannetv2_hf/scannetv2/scans/scene0305_01
yifei_scannetv2_hf__scannetv2__scans__scene0306_00,yifei_scannetv2_hf/scannetv2/scans/scene0306_00,yifei_scannetv2_hf,train,yifei_scannetv2_hf:scannetv2,72,64,data/raw/ltm_datasets/yifei_scannetv2_hf/scannetv2/scans/scene0306_00
yifei_scannetv2_hf__scannetv2__scans__scene0307_02,yifei_scannetv2_hf/scannetv2/scans/scene0307_02,yifei_scannetv2_hf,train,yifei_scannetv2_hf:scannetv2,140,64,data/raw/ltm_datasets/yifei_scannetv2_hf/scannetv2/scans/scene0307_02
yifei_scannetv2_hf__scannetv2__scans__scene0308_00,yifei_scannetv2_hf/scannetv2/scans/scene0308_00,yifei_scannetv2_hf,train,yifei_scannetv2_hf:scannetv2,98,64,data/raw/ltm_datasets/yifei_scannetv2_hf/scannetv2/scans/scene0308_00
yifei_scannetv2_hf__scannetv2__scans__scene0313_01,yifei_scannetv2_hf/scannetv2/scans/scene0313_01,yifei_scannetv2_hf,train,yifei_scannetv2_hf:scannetv2,59,59,data/raw/ltm_datasets/yifei_scannetv2_hf/scannetv2/scans/scene0313_01
yifei_scannetv2_hf__scannetv2__scans__scene0320_02,yifei_scannetv2_hf/scannetv2/scans/scene0320_02,yifei_scannetv2_hf,train,yifei_scannetv2_hf:scannetv2,176,64,data/raw/ltm_datasets/yifei_scannetv2_hf/scannetv2/scans/scene0320_02
yifei_scannetv2_hf__scannetv2__scans__scene0324_01,yifei_scannetv2_hf/scannetv2/scans/scene0324_01,yifei_scannetv2_hf,train,yifei_scannetv2_hf:scannetv2,49,49,data/raw/ltm_datasets/yifei_scannetv2_hf/scannetv2/scans/scene0324_01
yifei_scannetv2_hf__scannetv2__scans__scene0335_02,yifei_scannetv2_hf/scannetv2/scans/scene0335_02,yifei_scannetv2_hf,train,yifei_scannetv2_hf:scannetv2,172,64,data/raw/ltm_datasets/yifei_scannetv2_hf/scannetv2/scans/scene0335_02
yifei_scannetv2_hf__scannetv2__scans__scene0336_00,yifei_scannetv2_hf/scannetv2/scans/scene0336_00,yifei_scannetv2_hf,train,yifei_scannetv2_hf:scannetv2,110,64,data/raw/ltm_datasets/yifei_scannetv2_hf/scannetv2/scans/scene0336_00
yifei_scannetv2_hf__scannetv2__scans__scene0337_02,yifei_scannetv2_hf/scannetv2/scans/scene0337_02,yifei_scannetv2_hf,train,yifei_scannetv2_hf:scannetv2,141,64,data/raw/ltm_datasets/yifei_scannetv2_hf/scannetv2/scans/scene0337_02
yifei_scannetv2_hf__scannetv2__scans__scene0344_01,yifei_scannetv2_hf/scannetv2/scans/scene0344_01,yifei_scannetv2_hf,train,yifei_scannetv2_hf:scannetv2,55,55,data/raw/ltm_datasets/yifei_scannetv2_hf/scannetv2/scans/scene0344_01
yifei_scannetv2_hf__scannetv2__scans__scene0350_01,yifei_scannetv2_hf/scannetv2/scans/scene0350_01,yifei_scannetv2_hf,train,yifei_scannetv2_hf:scannetv2,104,64,data/raw/ltm_datasets/yifei_scannetv2_hf/scannetv2/scans/scene0350_01
yifei_scannetv2_hf__scannetv2__scans__scene0357_00,yifei_scannetv2_hf/scannetv2/scans/scene0357_00,yifei_scannetv2_hf,train,yifei_scannetv2_hf:scannetv2,61,61,data/raw/ltm_datasets/yifei_scannetv2_hf/scannetv2/scans/scene0357_00
yifei_scannetv2_hf__scannetv2__scans__scene0358_01,yifei_scannetv2_hf/scannetv2/scans/scene0358_01,yifei_scannetv2_hf,train,yifei_scannetv2_hf:scannetv2,135,64,data/raw/ltm_datasets/yifei_scannetv2_hf/scannetv2/scans/scene0358_01
yifei_scannetv2_hf__scannetv2__scans__scene0359_00,yifei_scannetv2_hf/scannetv2/scans/scene0359_00,yifei_scannetv2_hf,train,yifei_scannetv2_hf:scannetv2,44,44,data/raw/ltm_datasets/yifei_scannetv2_hf/scannetv2/scans/scene0359_00
yifei_scannetv2_hf__scannetv2__scans__scene0364_01,yifei_scannetv2_hf/scannetv2/scans/scene0364_01,yifei_scannetv2_hf,train,yifei_scannetv2_hf:scannetv2,1255,64,data/raw/ltm_datasets/yifei_scannetv2_hf/scannetv2/scans/scene0364_01
yifei_scannetv2_hf__scannetv2__scans__scene0365_02,yifei_scannetv2_hf/scannetv2/scans/scene0365_02,yifei_scannetv2_hf,train,yifei_scannetv2_hf:scannetv2,93,64,data/raw/ltm_datasets/yifei_scannetv2_hf/scannetv2/scans/scene0365_02
yifei_scannetv2_hf__scannetv2__scans__scene0368_00,yifei_scannetv2_hf/scannetv2/scans/scene0368_00,yifei_scannetv2_hf,train,yifei_scannetv2_hf:scannetv2,67,64,data/raw/ltm_datasets/yifei_scannetv2_hf/scannetv2/scans/scene0368_00
yifei_scannetv2_hf__scannetv2__scans__scene0370_01,yifei_scannetv2_hf/scannetv2/scans/scene0370_01,yifei_scannetv2_hf,train,yifei_scannetv2_hf:scannetv2,132,64,data/raw/ltm_datasets/yifei_scannetv2_hf/scannetv2/scans/scene0370_01
yifei_scannetv2_hf__scannetv2__scans__scene0375_00,yifei_scannetv2_hf/scannetv2/scans/scene0375_00,yifei_scannetv2_hf,train,yifei_scannetv2_hf:scannetv2,1197,64,data/raw/ltm_datasets/yifei_scannetv2_hf/scannetv2/scans/scene0375_00
yifei_scannetv2_hf__scannetv2__scans__scene0375_01,yifei_scannetv2_hf/scannetv2/scans/scene0375_01,yifei_scannetv2_hf,train,yifei_scannetv2_hf:scannetv2,71,64,data/raw/ltm_datasets/yifei_scannetv2_hf/scannetv2/scans/scene0375_01
yifei_scannetv2_hf__scannetv2__scans__scene0376_02,yifei_scannetv2_hf/scannetv2/scans/scene0376_02,yifei_scannetv2_hf,train,yifei_scannetv2_hf:scannetv2,34,34,data/raw/ltm_datasets/yifei_scannetv2_hf/scannetv2/scans/scene0376_02
yifei_scannetv2_hf__scannetv2__scans__scene0377_02,yifei_scannetv2_hf/scannetv2/scans/scene0377_02,yifei_scannetv2_hf,train,yifei_scannetv2_hf:scannetv2,51,51,data/raw/ltm_datasets/yifei_scannetv2_hf/scannetv2/scans/scene0377_02
yifei_scannetv2_hf__scannetv2__scans__scene0380_02,yifei_scannetv2_hf/scannetv2/scans/scene0380_02,yifei_scannetv2_hf,train,yifei_scannetv2_hf:scannetv2,58,58,data/raw/ltm_datasets/yifei_scannetv2_hf/scannetv2/scans/scene0380_02
yifei_scannetv2_hf__scannetv2__scans__scene0382_00,yifei_scannetv2_hf/scannetv2/scans/scene0382_00,yifei_scannetv2_hf,train,yifei_scannetv2_hf:scannetv2,59,59,data/raw/ltm_datasets/yifei_scannetv2_hf/scannetv2/scans/scene0382_00
yifei_scannetv2_hf__scannetv2__scans__scene0389_00,yifei_scannetv2_hf/scannetv2/scans/scene0389_00,yifei_scannetv2_hf,train,yifei_scannetv2_hf:scannetv2,1415,64,data/raw/ltm_datasets/yifei_scannetv2_hf/scannetv2/scans/scene0389_00
yifei_scannetv2_hf__scannetv2__scans__scene0393_00,yifei_scannetv2_hf/scannetv2/scans/scene0393_00,yifei_scannetv2_hf,train,yifei_scannetv2_hf:scannetv2,81,64,data/raw/ltm_datasets/yifei_scannetv2_hf/scannetv2/scans/scene0393_00
yifei_scannetv2_hf__scannetv2__scans__scene0394_01,yifei_scannetv2_hf/scannetv2/scans/scene0394_01,yifei_scannetv2_hf,train,yifei_scannetv2_hf:scannetv2,119,64,data/raw/ltm_datasets/yifei_scannetv2_hf/scannetv2/scans/scene0394_01
yifei_scannetv2_hf__scannetv2__scans__scene0395_00,yifei_scannetv2_hf/scannetv2/scans/scene0395_00,yifei_scannetv2_hf,train,yifei_scannetv2_hf:scannetv2,172,64,data/raw/ltm_datasets/yifei_scannetv2_hf/scannetv2/scans/scene0395_00
yifei_scannetv2_hf__scannetv2__scans__scene0396_00,yifei_scannetv2_hf/scannetv2/scans/scene0396_00,yifei_scannetv2_hf,train,yifei_scannetv2_hf:scannetv2,74,64,data/raw/ltm_datasets/yifei_scannetv2_hf/scannetv2/scans/scene0396_00
yifei_scannetv2_hf__scannetv2__scans__scene0400_00,yifei_scannetv2_hf/scannetv2/scans/scene0400_00,yifei_scannetv2_hf,train,yifei_scannetv2_hf:scannetv2,82,64,data/raw/ltm_datasets/yifei_scannetv2_hf/scannetv2/scans/scene0400_00
yifei_scannetv2_hf__scannetv2__scans__scene0405_00,yifei_scannetv2_hf/scannetv2/scans/scene0405_00,yifei_scannetv2_hf,train,yifei_scannetv2_hf:scannetv2,159,64,data/raw/ltm_datasets/yifei_scannetv2_hf/scannetv2/scans/scene0405_00
yifei_scannetv2_hf__scannetv2__scans__scene0408_01,yifei_scannetv2_hf/scannetv2/scans/scene0408_01,yifei_scannetv2_hf,train,yifei_scannetv2_hf:scannetv2,78,64,data/raw/ltm_datasets/yifei_scannetv2_hf/scannetv2/scans/scene0408_01
yifei_scannetv2_hf__scannetv2__scans__scene0415_00,yifei_scannetv2_hf/scannetv2/scans/scene0415_00,yifei_scannetv2_hf,train,yifei_scannetv2_hf:scannetv2,78,64,data/raw/ltm_datasets/yifei_scannetv2_hf/scannetv2/scans/scene0415_00
yifei_scannetv2_hf__scannetv2__scans__scene0415_01,yifei_scannetv2_hf/scannetv2/scans/scene0415_01,yifei_scannetv2_hf,train,yifei_scannetv2_hf:scannetv2,68,64,data/raw/ltm_datasets/yifei_scannetv2_hf/scannetv2/scans/scene0415_01
yifei_scannetv2_hf__scannetv2__scans__scene0418_02,yifei_scannetv2_hf/scannetv2/scans/scene0418_02,yifei_scannetv2_hf,train,yifei_scannetv2_hf:scannetv2,203,64,data/raw/ltm_datasets/yifei_scannetv2_hf/scannetv2/scans/scene0418_02
yifei_scannetv2_hf__scannetv2__scans__scene0419_02,yifei_scannetv2_hf/scannetv2/scans/scene0419_02,yifei_scannetv2_hf,train,yifei_scannetv2_hf:scannetv2,232,64,data/raw/ltm_datasets/yifei_scannetv2_hf/scannetv2/scans/scene0419_02
yifei_scannetv2_hf__scannetv2__scans__scene0420_01,yifei_scannetv2_hf/scannetv2/scans/scene0420_01,yifei_scannetv2_hf,train,yifei_scannetv2_hf:scannetv2,94,64,data/raw/ltm_datasets/yifei_scannetv2_hf/scannetv2/scans/scene0420_01
yifei_scannetv2_hf__scannetv2__scans__scene0420_02,yifei_scannetv2_hf/scannetv2/scans/scene0420_02,yifei_scannetv2_hf,train,yifei_scannetv2_hf:scannetv2,94,64,data/raw/ltm_datasets/yifei_scannetv2_hf/scannetv2/scans/scene0420_02
yifei_scannetv2_hf__scannetv2__scans__scene0421_02,yifei_scannetv2_hf/scannetv2/scans/scene0421_02,yifei_scannetv2_hf,train,yifei_scannetv2_hf:scannetv2,134,64,data/raw/ltm_datasets/yifei_scannetv2_hf/scannetv2/scans/scene0421_02
yifei_scannetv2_hf__scannetv2__scans__scene0424_02,yifei_scannetv2_hf/scannetv2/scans/scene0424_02,yifei_scannetv2_hf,train,yifei_scannetv2_hf:scannetv2,97,64,data/raw/ltm_datasets/yifei_scannetv2_hf/scannetv2/scans/scene0424_02
yifei_scannetv2_hf__scannetv2__scans__scene0425_01,yifei_scannetv2_hf/scannetv2/scans/scene0425_01,yifei_scannetv2_hf,train,yifei_scannetv2_hf:scannetv2,112,64,data/raw/ltm_datasets/yifei_scannetv2_hf/scannetv2/scans/scene0425_01
yifei_scannetv2_hf__scannetv2__scans__scene0426_03,yifei_scannetv2_hf/scannetv2/scans/scene0426_03,yifei_scannetv2_hf,train,yifei_scannetv2_hf:scannetv2,83,64,data/raw/ltm_datasets/yifei_scannetv2_hf/scannetv2/scans/scene0426_03
yifei_scannetv2_hf__scannetv2__scans__scene0427_00,yifei_scannetv2_hf/scannetv2/scans/scene0427_00,yifei_scannetv2_hf,train,yifei_scannetv2_hf:scannetv2,88,64,data/raw/ltm_datasets/yifei_scannetv2_hf/scannetv2/scans/scene0427_00
yifei_scannetv2_hf__scannetv2__scans__scene0430_01,yifei_scannetv2_hf/scannetv2/scans/scene0430_01,yifei_scannetv2_hf,train,yifei_scannetv2_hf:scannetv2,105,64,data/raw/ltm_datasets/yifei_scannetv2_hf/scannetv2/scans/scene0430_01
yifei_scannetv2_hf__scannetv2__scans__scene0432_01,yifei_scannetv2_hf/scannetv2/scans/scene0432_01,yifei_scannetv2_hf,train,yifei_scannetv2_hf:scannetv2,21,21,data/raw/ltm_datasets/yifei_scannetv2_hf/scannetv2/scans/scene0432_01
yifei_scannetv2_hf__scannetv2__scans__scene0435_02,yifei_scannetv2_hf/scannetv2/scans/scene0435_02,yifei_scannetv2_hf,train,yifei_scannetv2_hf:scannetv2,108,64,data/raw/ltm_datasets/yifei_scannetv2_hf/scannetv2/scans/scene0435_02
yifei_scannetv2_hf__scannetv2__scans__scene0437_01,yifei_scannetv2_hf/scannetv2/scans/scene0437_01,yifei_scannetv2_hf,train,yifei_scannetv2_hf:scannetv2,27,27,data/raw/ltm_datasets/yifei_scannetv2_hf/scannetv2/scans/scene0437_01
yifei_scannetv2_hf__scannetv2__scans__scene0439_00,yifei_scannetv2_hf/scannetv2/scans/scene0439_00,yifei_scannetv2_hf,train,yifei_scannetv2_hf:scannetv2,1226,64,data/raw/ltm_datasets/yifei_scannetv2_hf/scannetv2/scans/scene0439_00
yifei_scannetv2_hf__scannetv2__scans__scene0440_00,yifei_scannetv2_hf/scannetv2/scans/scene0440_00,yifei_scannetv2_hf,train,yifei_scannetv2_hf:scannetv2,75,64,data/raw/ltm_datasets/yifei_scannetv2_hf/scannetv2/scans/scene0440_00
yifei_scannetv2_hf__scannetv2__scans__scene0440_01,yifei_scannetv2_hf/scannetv2/scans/scene0440_01,yifei_scannetv2_hf,train,yifei_scannetv2_hf:scannetv2,65,64,data/raw/ltm_datasets/yifei_scannetv2_hf/scannetv2/scans/scene0440_01
yifei_scannetv2_hf__scannetv2__scans__scene0443_00,yifei_scannetv2_hf/scannetv2/scans/scene0443_00,yifei_scannetv2_hf,train,yifei_scannetv2_hf:scannetv2,417,64,data/raw/ltm_datasets/yifei_scannetv2_hf/scannetv2/scans/scene0443_00
yifei_scannetv2_hf__scannetv2__scans__scene0444_01,yifei_scannetv2_hf/scannetv2/scans/scene0444_01,yifei_scannetv2_hf,train,yifei_scannetv2_hf:scannetv2,14,14,data/raw/ltm_datasets/yifei_scannetv2_hf/scannetv2/scans/scene0444_01
yifei_scannetv2_hf__scannetv2__scans__scene0445_00,yifei_scannetv2_hf/scannetv2/scans/scene0445_00,yifei_scannetv2_hf,train,yifei_scannetv2_hf:scannetv2,43,43,data/raw/ltm_datasets/yifei_scannetv2_hf/scannetv2/scans/scene0445_00
yifei_scannetv2_hf__scannetv2__scans__scene0445_01,yifei_scannetv2_hf/scannetv2/scans/scene0445_01,yifei_scannetv2_hf,train,yifei_scannetv2_hf:scannetv2,763,64,data/raw/ltm_datasets/yifei_scannetv2_hf/scannetv2/scans/scene0445_01
yifei_scannetv2_hf__scannetv2__scans__scene0446_00,yifei_scannetv2_hf/scannetv2/scans/scene0446_00,yifei_scannetv2_hf,train,yifei_scannetv2_hf:scannetv2,137,64,data/raw/ltm_datasets/yifei_scannetv2_hf/scannetv2/scans/scene0446_00
yifei_scannetv2_hf__scannetv2__scans__scene0449_00,yifei_scannetv2_hf/scannetv2/scans/scene0449_00,yifei_scannetv2_hf,train,yifei_scannetv2_hf:scannetv2,104,64,data/raw/ltm_datasets/yifei_scannetv2_hf/scannetv2/scans/scene0449_00
yifei_scannetv2_hf__scannetv2__scans__scene0449_01,yifei_scannetv2_hf/scannetv2/scans/scene0449_01,yifei_scannetv2_hf,train,yifei_scannetv2_hf:scannetv2,124,64,data/raw/ltm_datasets/yifei_scannetv2_hf/scannetv2/scans/scene0449_01
yifei_scannetv2_hf__scannetv2__scans__scene0449_02,yifei_scannetv2_hf/scannetv2/scans/scene0449_02,yifei_scannetv2_hf,train,yifei_scannetv2_hf:scannetv2,110,64,data/raw/ltm_datasets/yifei_scannetv2_hf/scannetv2/scans/scene0449_02
yifei_scannetv2_hf__scannetv2__scans__scene0451_01,yifei_scannetv2_hf/scannetv2/scans/scene0451_01,yifei_scannetv2_hf,train,yifei_scannetv2_hf:scannetv2,130,64,data/raw/ltm_datasets/yifei_scannetv2_hf/scannetv2/scans/scene0451_01
yifei_scannetv2_hf__scannetv2__scans__scene0451_04,yifei_scannetv2_hf/scannetv2/scans/scene0451_04,yifei_scannetv2_hf,train,yifei_scannetv2_hf:scannetv2,113,64,data/raw/ltm_datasets/yifei_scannetv2_hf/scannetv2/scans/scene0451_04
yifei_scannetv2_hf__scannetv2__scans__scene0452_00,yifei_scannetv2_hf/scannetv2/scans/scene0452_00,yifei_scannetv2_hf,train,yifei_scannetv2_hf:scannetv2,173,64,data/raw/ltm_datasets/yifei_scannetv2_hf/scannetv2/scans/scene0452_00
yifei_scannetv2_hf__scannetv2__scans__scene0456_00,yifei_scannetv2_hf/scannetv2/scans/scene0456_00,yifei_scannetv2_hf,train,yifei_scannetv2_hf:scannetv2,92,64,data/raw/ltm_datasets/yifei_scannetv2_hf/scannetv2/scans/scene0456_00
yifei_scannetv2_hf__scannetv2__scans__scene0468_00,yifei_scannetv2_hf/scannetv2/scans/scene0468_00,yifei_scannetv2_hf,train,yifei_scannetv2_hf:scannetv2,132,64,data/raw/ltm_datasets/yifei_scannetv2_hf/scannetv2/scans/scene0468_00
yifei_scannetv2_hf__scannetv2__scans__scene0468_02,yifei_scannetv2_hf/scannetv2/scans/scene0468_02,yifei_scannetv2_hf,train,yifei_scannetv2_hf:scannetv2,115,64,data/raw/ltm_datasets/yifei_scannetv2_hf/scannetv2/scans/scene0468_02
yifei_scannetv2_hf__scannetv2__scans__scene0469_02,yifei_scannetv2_hf/scannetv2/scans/scene0469_02,yifei_scannetv2_hf,train,yifei_scannetv2_hf:scannetv2,41,41,data/raw/ltm_datasets/yifei_scannetv2_hf/scannetv2/scans/scene0469_02
yifei_scannetv2_hf__scannetv2__scans__scene0471_01,yifei_scannetv2_hf/scannetv2/scans/scene0471_01,yifei_scannetv2_hf,train,yifei_scannetv2_hf:scannetv2,45,45,data/raw/ltm_datasets/yifei_scannetv2_hf/scannetv2/scans/scene0471_01
yifei_scannetv2_hf__scannetv2__scans__scene0472_02,yifei_scannetv2_hf/scannetv2/scans/scene0472_02,yifei_scannetv2_hf,train,yifei_scannetv2_hf:scannetv2,1396,64,data/raw/ltm_datasets/yifei_scannetv2_hf/scannetv2/scans/scene0472_02
yifei_scannetv2_hf__scannetv2__scans__scene0474_01,yifei_scannetv2_hf/scannetv2/scans/scene0474_01,yifei_scannetv2_hf,train,yifei_scannetv2_hf:scannetv2,141,64,data/raw/ltm_datasets/yifei_scannetv2_hf/scannetv2/scans/scene0474_01
yifei_scannetv2_hf__scannetv2__scans__scene0478_00,yifei_scannetv2_hf/scannetv2/scans/scene0478_00,yifei_scannetv2_hf,train,yifei_scannetv2_hf:scannetv2,71,64,data/raw/ltm_datasets/yifei_scannetv2_hf/scannetv2/scans/scene0478_00
yifei_scannetv2_hf__scannetv2__scans__scene0479_02,yifei_scannetv2_hf/scannetv2/scans/scene0479_02,yifei_scannetv2_hf,train,yifei_scannetv2_hf:scannetv2,42,42,data/raw/ltm_datasets/yifei_scannetv2_hf/scannetv2/scans/scene0479_02
yifei_scannetv2_hf__scannetv2__scans__scene0487_00,yifei_scannetv2_hf/scannetv2/scans/scene0487_00,yifei_scannetv2_hf,train,yifei_scannetv2_hf:scannetv2,2991,64,data/raw/ltm_datasets/yifei_scannetv2_hf/scannetv2/scans/scene0487_00
yifei_scannetv2_hf__scannetv2__scans__scene0489_00,yifei_scannetv2_hf/scannetv2/scans/scene0489_00,yifei_scannetv2_hf,train,yifei_scannetv2_hf:scannetv2,102,64,data/raw/ltm_datasets/yifei_scannetv2_hf/scannetv2/scans/scene0489_00
yifei_scannetv2_hf__scannetv2__scans__scene0495_00,yifei_scannetv2_hf/scannetv2/scans/scene0495_00,yifei_scannetv2_hf,train,yifei_scannetv2_hf:scannetv2,72,64,data/raw/ltm_datasets/yifei_scannetv2_hf/scannetv2/scans/scene0495_00
yifei_scannetv2_hf__scannetv2__scans__scene0501_00,yifei_scannetv2_hf/scannetv2/scans/scene0501_00,yifei_scannetv2_hf,train,yifei_scannetv2_hf:scannetv2,129,64,data/raw/ltm_datasets/yifei_scannetv2_hf/scannetv2/scans/scene0501_00
yifei_scannetv2_hf__scannetv2__scans__scene0501_01,yifei_scannetv2_hf/scannetv2/scans/scene0501_01,yifei_scannetv2_hf,train,yifei_scannetv2_hf:scannetv2,165,64,data/raw/ltm_datasets/yifei_scannetv2_hf/scannetv2/scans/scene0501_01
yifei_scannetv2_hf__scannetv2__scans__scene0501_02,yifei_scannetv2_hf/scannetv2/scans/scene0501_02,yifei_scannetv2_hf,train,yifei_scannetv2_hf:scannetv2,2128,64,data/raw/ltm_datasets/yifei_scannetv2_hf/scannetv2/scans/scene0501_02
yifei_scannetv2_hf__scannetv2__scans__scene0502_00,yifei_scannetv2_hf/scannetv2/scans/scene0502_00,yifei_scannetv2_hf,train,yifei_scannetv2_hf:scannetv2,52,52,data/raw/ltm_datasets/yifei_scannetv2_hf/scannetv2/scans/scene0502_00
yifei_scannetv2_hf__scannetv2__scans__scene0504_00,yifei_scannetv2_hf/scannetv2/scans/scene0504_00,yifei_scannetv2_hf,train,yifei_scannetv2_hf:scannetv2,165,64,data/raw/ltm_datasets/yifei_scannetv2_hf/scannetv2/scans/scene0504_00
yifei_scannetv2_hf__scannetv2__scans__scene0508_01,yifei_scannetv2_hf/scannetv2/scans/scene0508_01,yifei_scannetv2_hf,train,yifei_scannetv2_hf:scannetv2,163,64,data/raw/ltm_datasets/yifei_scannetv2_hf/scannetv2/scans/scene0508_01
yifei_scannetv2_hf__scannetv2__scans__scene0511_00,yifei_scannetv2_hf/scannetv2/scans/scene0511_00,yifei_scannetv2_hf,train,yifei_scannetv2_hf:scannetv2,83,64,data/raw/ltm_datasets/yifei_scannetv2_hf/scannetv2/scans/scene0511_00
yifei_scannetv2_hf__scannetv2__scans__scene0515_02,yifei_scannetv2_hf/scannetv2/scans/scene0515_02,yifei_scannetv2_hf,train,yifei_scannetv2_hf:scannetv2,175,64,data/raw/ltm_datasets/yifei_scannetv2_hf/scannetv2/scans/scene0515_02
yifei_scannetv2_hf__scannetv2__scans__scene0516_00,yifei_scannetv2_hf/scannetv2/scans/scene0516_00,yifei_scannetv2_hf,train,yifei_scannetv2_hf:scannetv2,136,64,data/raw/ltm_datasets/yifei_scannetv2_hf/scannetv2/scans/scene0516_00
yifei_scannetv2_hf__scannetv2__scans__scene0521_00,yifei_scannetv2_hf/scannetv2/scans/scene0521_00,yifei_scannetv2_hf,train,yifei_scannetv2_hf:scannetv2,105,64,data/raw/ltm_datasets/yifei_scannetv2_hf/scannetv2/scans/scene0521_00
yifei_scannetv2_hf__scannetv2__scans__scene0522_00,yifei_scannetv2_hf/scannetv2/scans/scene0522_00,yifei_scannetv2_hf,train,yifei_scannetv2_hf:scannetv2,1159,64,data/raw/ltm_datasets/yifei_scannetv2_hf/scannetv2/scans/scene0522_00
yifei_scannetv2_hf__scannetv2__scans__scene0525_01,yifei_scannetv2_hf/scannetv2/scans/scene0525_01,yifei_scannetv2_hf,train,yifei_scannetv2_hf:scannetv2,100,64,data/raw/ltm_datasets/yifei_scannetv2_hf/scannetv2/scans/scene0525_01
yifei_scannetv2_hf__scannetv2__scans__scene0525_02,yifei_scannetv2_hf/scannetv2/scans/scene0525_02,yifei_scannetv2_hf,train,yifei_scannetv2_hf:scannetv2,1604,64,data/raw/ltm_datasets/yifei_scannetv2_hf/scannetv2/scans/scene0525_02
yifei_scannetv2_hf__scannetv2__scans__scene0530_00,yifei_scannetv2_hf/scannetv2/scans/scene0530_00,yifei_scannetv2_hf,train,yifei_scannetv2_hf:scannetv2,75,64,data/raw/ltm_datasets/yifei_scannetv2_hf/scannetv2/scans/scene0530_00
yifei_scannetv2_hf__scannetv2__scans__scene0532_01,yifei_scannetv2_hf/scannetv2/scans/scene0532_01,yifei_scannetv2_hf,train,yifei_scannetv2_hf:scannetv2,27,27,data/raw/ltm_datasets/yifei_scannetv2_hf/scannetv2/scans/scene0532_01
yifei_scannetv2_hf__scannetv2__scans__scene0533_01,yifei_scannetv2_hf/scannetv2/scans/scene0533_01,yifei_scannetv2_hf,train,yifei_scannetv2_hf:scannetv2,2628,64,data/raw/ltm_datasets/yifei_scannetv2_hf/scannetv2/scans/scene0533_01
yifei_scannetv2_hf__scannetv2__scans__scene0536_01,yifei_scannetv2_hf/scannetv2/scans/scene0536_01,yifei_scannetv2_hf,train,yifei_scannetv2_hf:scannetv2,68,64,data/raw/ltm_datasets/yifei_scannetv2_hf/scannetv2/scans/scene0536_01
yifei_scannetv2_hf__scannetv2__scans__scene0539_01,yifei_scannetv2_hf/scannetv2/scans/scene0539_01,yifei_scannetv2_hf,train,yifei_scannetv2_hf:scannetv2,239,64,data/raw/ltm_datasets/yifei_scannetv2_hf/scannetv2/scans/scene0539_01
yifei_scannetv2_hf__scannetv2__scans__scene0543_00,yifei_scannetv2_hf/scannetv2/scans/scene0543_00,yifei_scannetv2_hf,train,yifei_scannetv2_hf:scannetv2,43,43,data/raw/ltm_datasets/yifei_scannetv2_hf/scannetv2/scans/scene0543_00
yifei_scannetv2_hf__scannetv2__scans__scene0544_00,yifei_scannetv2_hf/scannetv2/scans/scene0544_00,yifei_scannetv2_hf,train,yifei_scannetv2_hf:scannetv2,76,64,data/raw/ltm_datasets/yifei_scannetv2_hf/scannetv2/scans/scene0544_00
yifei_scannetv2_hf__scannetv2__scans__scene0545_00,yifei_scannetv2_hf/scannetv2/scans/scene0545_00,yifei_scannetv2_hf,train,yifei_scannetv2_hf:scannetv2,57,57,data/raw/ltm_datasets/yifei_scannetv2_hf/scannetv2/scans/scene0545_00
yifei_scannetv2_hf__scannetv2__scans__scene0545_02,yifei_scannetv2_hf/scannetv2/scans/scene0545_02,yifei_scannetv2_hf,train,yifei_scannetv2_hf:scannetv2,57,57,data/raw/ltm_datasets/yifei_scannetv2_hf/scannetv2/scans/scene0545_02
yifei_scannetv2_hf__scannetv2__scans__scene0547_00,yifei_scannetv2_hf/scannetv2/scans/scene0547_00,yifei_scannetv2_hf,train,yifei_scannetv2_hf:scannetv2,136,64,data/raw/ltm_datasets/yifei_scannetv2_hf/scannetv2/scans/scene0547_00
yifei_scannetv2_hf__scannetv2__scans__scene0547_01,yifei_scannetv2_hf/scannetv2/scans/scene0547_01,yifei_scannetv2_hf,train,yifei_scannetv2_hf:scannetv2,122,64,data/raw/ltm_datasets/yifei_scannetv2_hf/scannetv2/scans/scene0547_01
yifei_scannetv2_hf__scannetv2__scans__scene0547_02,yifei_scannetv2_hf/scannetv2/scans/scene0547_02,yifei_scannetv2_hf,train,yifei_scannetv2_hf:scannetv2,151,64,data/raw/ltm_datasets/yifei_scannetv2_hf/scannetv2/scans/scene0547_02
yifei_scannetv2_hf__scannetv2__scans__scene0548_02,yifei_scannetv2_hf/scannetv2/scans/scene0548_02,yifei_scannetv2_hf,train,yifei_scannetv2_hf:scannetv2,243,64,data/raw/ltm_datasets/yifei_scannetv2_hf/scannetv2/scans/scene0548_02
yifei_scannetv2_hf__scannetv2__scans__scene0551_00,yifei_scannetv2_hf/scannetv2/scans/scene0551_00,yifei_scannetv2_hf,train,yifei_scannetv2_hf:scannetv2,104,64,data/raw/ltm_datasets/yifei_scannetv2_hf/scannetv2/scans/scene0551_00
yifei_scannetv2_hf__scannetv2__scans__scene0552_01,yifei_scannetv2_hf/scannetv2/scans/scene0552_01,yifei_scannetv2_hf,train,yifei_scannetv2_hf:scannetv2,41,41,data/raw/ltm_datasets/yifei_scannetv2_hf/scannetv2/scans/scene0552_01
yifei_scannetv2_hf__scannetv2__scans__scene0553_02,yifei_scannetv2_hf/scannetv2/scans/scene0553_02,yifei_scannetv2_hf,train,yifei_scannetv2_hf:scannetv2,103,64,data/raw/ltm_datasets/yifei_scannetv2_hf/scannetv2/scans/scene0553_02
yifei_scannetv2_hf__scannetv2__scans__scene0558_02,yifei_scannetv2_hf/scannetv2/scans/scene0558_02,yifei_scannetv2_hf,train,yifei_scannetv2_hf:scannetv2,109,64,data/raw/ltm_datasets/yifei_scannetv2_hf/scannetv2/scans/scene0558_02
yifei_scannetv2_hf__scannetv2__scans__scene0559_00,yifei_scannetv2_hf/scannetv2/scans/scene0559_00,yifei_scannetv2_hf,train,yifei_scannetv2_hf:scannetv2,39,39,data/raw/ltm_datasets/yifei_scannetv2_hf/scannetv2/scans/scene0559_00
yifei_scannetv2_hf__scannetv2__scans__scene0559_01,yifei_scannetv2_hf/scannetv2/scans/scene0559_01,yifei_scannetv2_hf,train,yifei_scannetv2_hf:scannetv2,30,30,data/raw/ltm_datasets/yifei_scannetv2_hf/scannetv2/scans/scene0559_01
yifei_scannetv2_hf__scannetv2__scans__scene0568_00,yifei_scannetv2_hf/scannetv2/scans/scene0568_00,yifei_scannetv2_hf,train,yifei_scannetv2_hf:scannetv2,110,64,data/raw/ltm_datasets/yifei_scannetv2_hf/scannetv2/scans/scene0568_00
yifei_scannetv2_hf__scannetv2__scans__scene0570_00,yifei_scannetv2_hf/scannetv2/scans/scene0570_00,yifei_scannetv2_hf,train,yifei_scannetv2_hf:scannetv2,38,38,data/raw/ltm_datasets/yifei_scannetv2_hf/scannetv2/scans/scene0570_00
yifei_scannetv2_hf__scannetv2__scans__scene0572_02,yifei_scannetv2_hf/scannetv2/scans/scene0572_02,yifei_scannetv2_hf,train,yifei_scannetv2_hf:scannetv2,1282,64,data/raw/ltm_datasets/yifei_scannetv2_hf/scannetv2/scans/scene0572_02
yifei_scannetv2_hf__scannetv2__scans__scene0573_00,yifei_scannetv2_hf/scannetv2/scans/scene0573_00,yifei_scannetv2_hf,train,yifei_scannetv2_hf:scannetv2,54,54,data/raw/ltm_datasets/yifei_scannetv2_hf/scannetv2/scans/scene0573_00
yifei_scannetv2_hf__scannetv2__scans__scene0574_01,yifei_scannetv2_hf/scannetv2/scans/scene0574_01,yifei_scannetv2_hf,train,yifei_scannetv2_hf:scannetv2,112,64,data/raw/ltm_datasets/yifei_scannetv2_hf/scannetv2/scans/scene0574_01
yifei_scannetv2_hf__scannetv2__scans__scene0574_02,yifei_scannetv2_hf/scannetv2/scans/scene0574_02,yifei_scannetv2_hf,train,yifei_scannetv2_hf:scannetv2,107,64,data/raw/ltm_datasets/yifei_scannetv2_hf/scannetv2/scans/scene0574_02
yifei_scannetv2_hf__scannetv2__scans__scene0578_00,yifei_scannetv2_hf/scannetv2/scans/scene0578_00,yifei_scannetv2_hf,train,yifei_scannetv2_hf:scannetv2,1484,64,data/raw/ltm_datasets/yifei_scannetv2_hf/scannetv2/scans/scene0578_00
yifei_scannetv2_hf__scannetv2__scans__scene0578_01,yifei_scannetv2_hf/scannetv2/scans/scene0578_01,yifei_scannetv2_hf,train,yifei_scannetv2_hf:scannetv2,81,64,data/raw/ltm_datasets/yifei_scannetv2_hf/scannetv2/scans/scene0578_01
yifei_scannetv2_hf__scannetv2__scans__scene0578_02,yifei_scannetv2_hf/scannetv2/scans/scene0578_02,yifei_scannetv2_hf,train,yifei_scannetv2_hf:scannetv2,78,64,data/raw/ltm_datasets/yifei_scannetv2_hf/scannetv2/scans/scene0578_02
yifei_scannetv2_hf__scannetv2__scans__scene0579_02,yifei_scannetv2_hf/scannetv2/scans/scene0579_02,yifei_scannetv2_hf,train,yifei_scannetv2_hf:scannetv2,41,41,data/raw/ltm_datasets/yifei_scannetv2_hf/scannetv2/scans/scene0579_02
yifei_scannetv2_hf__scannetv2__scans__scene0581_01,yifei_scannetv2_hf/scannetv2/scans/scene0581_01,yifei_scannetv2_hf,train,yifei_scannetv2_hf:scannetv2,104,64,data/raw/ltm_datasets/yifei_scannetv2_hf/scannetv2/scans/scene0581_01
yifei_scannetv2_hf__scannetv2__scans__scene0584_01,yifei_scannetv2_hf/scannetv2/scans/scene0584_01,yifei_scannetv2_hf,train,yifei_scannetv2_hf:scannetv2,100,64,data/raw/ltm_datasets/yifei_scannetv2_hf/scannetv2/scans/scene0584_01
yifei_scannetv2_hf__scannetv2__scans__scene0586_02,yifei_scannetv2_hf/scannetv2/scans/scene0586_02,yifei_scannetv2_hf,train,yifei_scannetv2_hf:scannetv2,41,41,data/raw/ltm_datasets/yifei_scannetv2_hf/scannetv2/scans/scene0586_02
yifei_scannetv2_hf__scannetv2__scans__scene0587_00,yifei_scannetv2_hf/scannetv2/scans/scene0587_00,yifei_scannetv2_hf,train,yifei_scannetv2_hf:scannetv2,45,45,data/raw/ltm_datasets/yifei_scannetv2_hf/scannetv2/scans/scene0587_00
yifei_scannetv2_hf__scannetv2__scans__scene0597_02,yifei_scannetv2_hf/scannetv2/scans/scene0597_02,yifei_scannetv2_hf,train,yifei_scannetv2_hf:scannetv2,67,64,data/raw/ltm_datasets/yifei_scannetv2_hf/scannetv2/scans/scene0597_02
yifei_scannetv2_hf__scannetv2__scans__scene0599_00,yifei_scannetv2_hf/scannetv2/scans/scene0599_00,yifei_scannetv2_hf,train,yifei_scannetv2_hf:scannetv2,126,64,data/raw/ltm_datasets/yifei_scannetv2_hf/scannetv2/scans/scene0599_00
yifei_scannetv2_hf__scannetv2__scans__scene0600_00,yifei_scannetv2_hf/scannetv2/scans/scene0600_00,yifei_scannetv2_hf,train,yifei_scannetv2_hf:scannetv2,135,64,data/raw/ltm_datasets/yifei_scannetv2_hf/scannetv2/scans/scene0600_00
yifei_scannetv2_hf__scannetv2__scans__scene0600_02,yifei_scannetv2_hf/scannetv2/scans/scene0600_02,yifei_scannetv2_hf,train,yifei_scannetv2_hf:scannetv2,104,64,data/raw/ltm_datasets/yifei_scannetv2_hf/scannetv2/scans/scene0600_02
yifei_scannetv2_hf__scannetv2__scans__scene0603_00,yifei_scannetv2_hf/scannetv2/scans/scene0603_00,yifei_scannetv2_hf,train,yifei_scannetv2_hf:scannetv2,205,64,data/raw/ltm_datasets/yifei_scannetv2_hf/scannetv2/scans/scene0603_00
yifei_scannetv2_hf__scannetv2__scans__scene0607_01,yifei_scannetv2_hf/scannetv2/scans/scene0607_01,yifei_scannetv2_hf,train,yifei_scannetv2_hf:scannetv2,39,39,data/raw/ltm_datasets/yifei_scannetv2_hf/scannetv2/scans/scene0607_01
yifei_scannetv2_hf__scannetv2__scans__scene0613_01,yifei_scannetv2_hf/scannetv2/scans/scene0613_01,yifei_scannetv2_hf,train,yifei_scannetv2_hf:scannetv2,287,64,data/raw/ltm_datasets/yifei_scannetv2_hf/scannetv2/scans/scene0613_01
yifei_scannetv2_hf__scannetv2__scans__scene0614_01,yifei_scannetv2_hf/scannetv2/scans/scene0614_01,yifei_scannetv2_hf,train,yifei_scannetv2_hf:scannetv2,73,64,data/raw/ltm_datasets/yifei_scannetv2_hf/scannetv2/scans/scene0614_01
yifei_scannetv2_hf__scannetv2__scans__scene0615_01,yifei_scannetv2_hf/scannetv2/scans/scene0615_01,yifei_scannetv2_hf,train,yifei_scannetv2_hf:scannetv2,44,44,data/raw/ltm_datasets/yifei_scannetv2_hf/scannetv2/scans/scene0615_01
yifei_scannetv2_hf__scannetv2__scans__scene0620_00,yifei_scannetv2_hf/scannetv2/scans/scene0620_00,yifei_scannetv2_hf,train,yifei_scannetv2_hf:scannetv2,56,56,data/raw/ltm_datasets/yifei_scannetv2_hf/scannetv2/scans/scene0620_00
yifei_scannetv2_hf__scannetv2__scans__scene0620_01,yifei_scannetv2_hf/scannetv2/scans/scene0620_01,yifei_scannetv2_hf,train,yifei_scannetv2_hf:scannetv2,30,30,data/raw/ltm_datasets/yifei_scannetv2_hf/scannetv2/scans/scene0620_01
yifei_scannetv2_hf__scannetv2__scans__scene0621_00,yifei_scannetv2_hf/scannetv2/scans/scene0621_00,yifei_scannetv2_hf,train,yifei_scannetv2_hf:scannetv2,179,64,data/raw/ltm_datasets/yifei_scannetv2_hf/scannetv2/scans/scene0621_00
yifei_scannetv2_hf__scannetv2__scans__scene0622_00,yifei_scannetv2_hf/scannetv2/scans/scene0622_00,yifei_scannetv2_hf,train,yifei_scannetv2_hf:scannetv2,83,64,data/raw/ltm_datasets/yifei_scannetv2_hf/scannetv2/scans/scene0622_00
yifei_scannetv2_hf__scannetv2__scans__scene0624_00,yifei_scannetv2_hf/scannetv2/scans/scene0624_00,yifei_scannetv2_hf,train,yifei_scannetv2_hf:scannetv2,87,64,data/raw/ltm_datasets/yifei_scannetv2_hf/scannetv2/scans/scene0624_00
yifei_scannetv2_hf__scannetv2__scans__scene0628_00,yifei_scannetv2_hf/scannetv2/scans/scene0628_00,yifei_scannetv2_hf,train,yifei_scannetv2_hf:scannetv2,80,64,data/raw/ltm_datasets/yifei_scannetv2_hf/scannetv2/scans/scene0628_00
yifei_scannetv2_hf__scannetv2__scans__scene0630_04,yifei_scannetv2_hf/scannetv2/scans/scene0630_04,yifei_scannetv2_hf,train,yifei_scannetv2_hf:scannetv2,49,49,data/raw/ltm_datasets/yifei_scannetv2_hf/scannetv2/scans/scene0630_04
yifei_scannetv2_hf__scannetv2__scans__scene0631_00,yifei_scannetv2_hf/scannetv2/scans/scene0631_00,yifei_scannetv2_hf,train,yifei_scannetv2_hf:scannetv2,60,60,data/raw/ltm_datasets/yifei_scannetv2_hf/scannetv2/scans/scene0631_00
yifei_scannetv2_hf__scannetv2__scans__scene0633_00,yifei_scannetv2_hf/scannetv2/scans/scene0633_00,yifei_scannetv2_hf,train,yifei_scannetv2_hf:scannetv2,107,64,data/raw/ltm_datasets/yifei_scannetv2_hf/scannetv2/scans/scene0633_00
yifei_scannetv2_hf__scannetv2__scans__scene0640_00,yifei_scannetv2_hf/scannetv2/scans/scene0640_00,yifei_scannetv2_hf,train,yifei_scannetv2_hf:scannetv2,194,64,data/raw/ltm_datasets/yifei_scannetv2_hf/scannetv2/scans/scene0640_00
yifei_scannetv2_hf__scannetv2__scans__scene0645_01,yifei_scannetv2_hf/scannetv2/scans/scene0645_01,yifei_scannetv2_hf,train,yifei_scannetv2_hf:scannetv2,349,64,data/raw/ltm_datasets/yifei_scannetv2_hf/scannetv2/scans/scene0645_01
yifei_scannetv2_hf__scannetv2__scans__scene0647_01,yifei_scannetv2_hf/scannetv2/scans/scene0647_01,yifei_scannetv2_hf,train,yifei_scannetv2_hf:scannetv2,79,64,data/raw/ltm_datasets/yifei_scannetv2_hf/scannetv2/scans/scene0647_01
yifei_scannetv2_hf__scannetv2__scans__scene0653_00,yifei_scannetv2_hf/scannetv2/scans/scene0653_00,yifei_scannetv2_hf,train,yifei_scannetv2_hf:scannetv2,259,64,data/raw/ltm_datasets/yifei_scannetv2_hf/scannetv2/scans/scene0653_00
yifei_scannetv2_hf__scannetv2__scans__scene0654_01,yifei_scannetv2_hf/scannetv2/scans/scene0654_01,yifei_scannetv2_hf,train,yifei_scannetv2_hf:scannetv2,116,64,data/raw/ltm_datasets/yifei_scannetv2_hf/scannetv2/scans/scene0654_01
yifei_scannetv2_hf__scannetv2__scans__scene0655_00,yifei_scannetv2_hf/scannetv2/scans/scene0655_00,yifei_scannetv2_hf,train,yifei_scannetv2_hf:scannetv2,74,64,data/raw/ltm_datasets/yifei_scannetv2_hf/scannetv2/scans/scene0655_00
yifei_scannetv2_hf__scannetv2__scans__scene0656_00,yifei_scannetv2_hf/scannetv2/scans/scene0656_00,yifei_scannetv2_hf,train,yifei_scannetv2_hf:scannetv2,114,64,data/raw/ltm_datasets/yifei_scannetv2_hf/scannetv2/scans/scene0656_00
yifei_scannetv2_hf__scannetv2__scans__scene0657_00,yifei_scannetv2_hf/scannetv2/scans/scene0657_00,yifei_scannetv2_hf,train,yifei_scannetv2_hf:scannetv2,85,64,data/raw/ltm_datasets/yifei_scannetv2_hf/scannetv2/scans/scene0657_00
yifei_scannetv2_hf__scannetv2__scans__scene0658_00,yifei_scannetv2_hf/scannetv2/scans/scene0658_00,yifei_scannetv2_hf,train,yifei_scannetv2_hf:scannetv2,37,37,data/raw/ltm_datasets/yifei_scannetv2_hf/scannetv2/scans/scene0658_00
yifei_scannetv2_hf__scannetv2__scans__scene0662_00,yifei_scannetv2_hf/scannetv2/scans/scene0662_00,yifei_scannetv2_hf,train,yifei_scannetv2_hf:scannetv2,129,64,data/raw/ltm_datasets/yifei_scannetv2_hf/scannetv2/scans/scene0662_00
yifei_scannetv2_hf__scannetv2__scans__scene0662_01,yifei_scannetv2_hf/scannetv2/scans/scene0662_01,yifei_scannetv2_hf,train,yifei_scannetv2_hf:scannetv2,143,64,data/raw/ltm_datasets/yifei_scannetv2_hf/scannetv2/scans/scene0662_01
yifei_scannetv2_hf__scannetv2__scans__scene0666_00,yifei_scannetv2_hf/scannetv2/scans/scene0666_00,yifei_scannetv2_hf,train,yifei_scannetv2_hf:scannetv2,136,64,data/raw/ltm_datasets/yifei_scannetv2_hf/scannetv2/scans/scene0666_00
yifei_scannetv2_hf__scannetv2__scans__scene0669_01,yifei_scannetv2_hf/scannetv2/scans/scene0669_01,yifei_scannetv2_hf,train,yifei_scannetv2_hf:scannetv2,93,64,data/raw/ltm_datasets/yifei_scannetv2_hf/scannetv2/scans/scene0669_01
yifei_scannetv2_hf__scannetv2__scans__scene0670_01,yifei_scannetv2_hf/scannetv2/scans/scene0670_01,yifei_scannetv2_hf,train,yifei_scannetv2_hf:scannetv2,3560,64,data/raw/ltm_datasets/yifei_scannetv2_hf/scannetv2/scans/scene0670_01
yifei_scannetv2_hf__scannetv2__scans__scene0671_00,yifei_scannetv2_hf/scannetv2/scans/scene0671_00,yifei_scannetv2_hf,train,yifei_scannetv2_hf:scannetv2,52,52,data/raw/ltm_datasets/yifei_scannetv2_hf/scannetv2/scans/scene0671_00
yifei_scannetv2_hf__scannetv2__scans__scene0671_01,yifei_scannetv2_hf/scannetv2/scans/scene0671_01,yifei_scannetv2_hf,train,yifei_scannetv2_hf:scannetv2,42,42,data/raw/ltm_datasets/yifei_scannetv2_hf/scannetv2/scans/scene0671_01
yifei_scannetv2_hf__scannetv2__scans__scene0673_00,yifei_scannetv2_hf/scannetv2/scans/scene0673_00,yifei_scannetv2_hf,train,yifei_scannetv2_hf:scannetv2,150,64,data/raw/ltm_datasets/yifei_scannetv2_hf/scannetv2/scans/scene0673_00
yifei_scannetv2_hf__scannetv2__scans__scene0675_00,yifei_scannetv2_hf/scannetv2/scans/scene0675_00,yifei_scannetv2_hf,train,yifei_scannetv2_hf:scannetv2,57,57,data/raw/ltm_datasets/yifei_scannetv2_hf/scannetv2/scans/scene0675_00
yifei_scannetv2_hf__scannetv2__scans__scene0678_01,yifei_scannetv2_hf/scannetv2/scans/scene0678_01,yifei_scannetv2_hf,train,yifei_scannetv2_hf:scannetv2,156,64,data/raw/ltm_datasets/yifei_scannetv2_hf/scannetv2/scans/scene0678_01
yifei_scannetv2_hf__scannetv2__scans__scene0686_01,yifei_scannetv2_hf/scannetv2/scans/scene0686_01,yifei_scannetv2_hf,train,yifei_scannetv2_hf:scannetv2,88,64,data/raw/ltm_datasets/yifei_scannetv2_hf/scannetv2/scans/scene0686_01
yifei_scannetv2_hf__scannetv2__scans__scene0686_02,yifei_scannetv2_hf/scannetv2/scans/scene0686_02,yifei_scannetv2_hf,train,yifei_scannetv2_hf:scannetv2,85,64,data/raw/ltm_datasets/yifei_scannetv2_hf/scannetv2/scans/scene0686_02
yifei_scannetv2_hf__scannetv2__scans__scene0687_00,yifei_scannetv2_hf/scannetv2/scans/scene0687_00,yifei_scannetv2_hf,train,yifei_scannetv2_hf:scannetv2,73,64,data/raw/ltm_datasets/yifei_scannetv2_hf/scannetv2/scans/scene0687_00
yifei_scannetv2_hf__scannetv2__scans__scene0692_01,yifei_scannetv2_hf/scannetv2/scans/scene0692_01,yifei_scannetv2_hf,train,yifei_scannetv2_hf:scannetv2,67,64,data/raw/ltm_datasets/yifei_scannetv2_hf/scannetv2/scans/scene0692_01
yifei_scannetv2_hf__scannetv2__scans__scene0692_04,yifei_scannetv2_hf/scannetv2/scans/scene0692_04,yifei_scannetv2_hf,train,yifei_scannetv2_hf:scannetv2,97,64,data/raw/ltm_datasets/yifei_scannetv2_hf/scannetv2/scans/scene0692_04
yifei_scannetv2_hf__scannetv2__scans__scene0693_01,yifei_scannetv2_hf/scannetv2/scans/scene0693_01,yifei_scannetv2_hf,train,yifei_scannetv2_hf:scannetv2,119,64,data/raw/ltm_datasets/yifei_scannetv2_hf/scannetv2/scans/scene0693_01
yifei_scannetv2_hf__scannetv2__scans__scene0693_02,yifei_scannetv2_hf/scannetv2/scans/scene0693_02,yifei_scannetv2_hf,train,yifei_scannetv2_hf:scannetv2,108,64,data/raw/ltm_datasets/yifei_scannetv2_hf/scannetv2/scans/scene0693_02
yifei_scannetv2_hf__scannetv2__scans__scene0695_03,yifei_scannetv2_hf/scannetv2/scans/scene0695_03,yifei_scannetv2_hf,train,yifei_scannetv2_hf:scannetv2,193,64,data/raw/ltm_datasets/yifei_scannetv2_hf/scannetv2/scans/scene0695_03
yifei_scannetv2_hf__scannetv2__scans__scene0697_00,yifei_scannetv2_hf/scannetv2/scans/scene0697_00,yifei_scannetv2_hf,train,yifei_scannetv2_hf:scannetv2,192,64,data/raw/ltm_datasets/yifei_scannetv2_hf/scannetv2/scans/scene0697_00
yifei_scannetv2_hf__scannetv2__scans__scene0702_00,yifei_scannetv2_hf/scannetv2/scans/scene0702_00,yifei_scannetv2_hf,train,yifei_scannetv2_hf:scannetv2,56,56,data/raw/ltm_datasets/yifei_scannetv2_hf/scannetv2/scans/scene0702_00
yifei_scannetv2_hf__scannetv2__scans__scene0703_01,yifei_scannetv2_hf/scannetv2/scans/scene0703_01,yifei_scannetv2_hf,train,yifei_scannetv2_hf:scannetv2,50,50,data/raw/ltm_datasets/yifei_scannetv2_hf/scannetv2/scans/scene0703_01
yifei_scannetv2_hf__scannetv2__scans__scene0704_01,yifei_scannetv2_hf/scannetv2/scans/scene0704_01,yifei_scannetv2_hf,train,yifei_scannetv2_hf:scannetv2,120,64,data/raw/ltm_datasets/yifei_scannetv2_hf/scannetv2/scans/scene0704_01
yifei_scannetv2_hf__scannetv2__scans__scene0706_00,yifei_scannetv2_hf/scannetv2/scans/scene0706_00,yifei_scannetv2_hf,train,yifei_scannetv2_hf:scannetv2,125,64,data/raw/ltm_datasets/yifei_scannetv2_hf/scannetv2/scans/scene0706_00
yifei_scannetv2_hf__scannetv2__scans__scene0007_00,yifei_scannetv2_hf/scannetv2/scans/scene0007_00,yifei_scannetv2_hf,val,yifei_scannetv2_hf:scannetv2,70,64,data/raw/ltm_datasets/yifei_scannetv2_hf/scannetv2/scans/scene0007_00
yifei_scannetv2_hf__scannetv2__scans__scene0087_01,yifei_scannetv2_hf/scannetv2/scans/scene0087_01,yifei_scannetv2_hf,val,yifei_scannetv2_hf:scannetv2,76,64,data/raw/ltm_datasets/yifei_scannetv2_hf/scannetv2/scans/scene0087_01
yifei_scannetv2_hf__scannetv2__scans__scene0096_02,yifei_scannetv2_hf/scannetv2/scans/scene0096_02,yifei_scannetv2_hf,val,yifei_scannetv2_hf:scannetv2,1579,64,data/raw/ltm_datasets/yifei_scannetv2_hf/scannetv2/scans/scene0096_02
yifei_scannetv2_hf__scannetv2__scans__scene0107_00,yifei_scannetv2_hf/scannetv2/scans/scene0107_00,yifei_scannetv2_hf,val,yifei_scannetv2_hf:scannetv2,158,64,data/raw/ltm_datasets/yifei_scannetv2_hf/scannetv2/scans/scene0107_00
yifei_scannetv2_hf__scannetv2__scans__scene0127_01,yifei_scannetv2_hf/scannetv2/scans/scene0127_01,yifei_scannetv2_hf,val,yifei_scannetv2_hf:scannetv2,89,64,data/raw/ltm_datasets/yifei_scannetv2_hf/scannetv2/scans/scene0127_01
yifei_scannetv2_hf__scannetv2__scans__scene0134_02,yifei_scannetv2_hf/scannetv2/scans/scene0134_02,yifei_scannetv2_hf,val,yifei_scannetv2_hf:scannetv2,52,52,data/raw/ltm_datasets/yifei_scannetv2_hf/scannetv2/scans/scene0134_02
yifei_scannetv2_hf__scannetv2__scans__scene0151_01,yifei_scannetv2_hf/scannetv2/scans/scene0151_01,yifei_scannetv2_hf,val,yifei_scannetv2_hf:scannetv2,183,64,data/raw/ltm_datasets/yifei_scannetv2_hf/scannetv2/scans/scene0151_01
yifei_scannetv2_hf__scannetv2__scans__scene0155_02,yifei_scannetv2_hf/scannetv2/scans/scene0155_02,yifei_scannetv2_hf,val,yifei_scannetv2_hf:scannetv2,126,64,data/raw/ltm_datasets/yifei_scannetv2_hf/scannetv2/scans/scene0155_02
yifei_scannetv2_hf__scannetv2__scans__scene0157_01,yifei_scannetv2_hf/scannetv2/scans/scene0157_01,yifei_scannetv2_hf,val,yifei_scannetv2_hf:scannetv2,45,45,data/raw/ltm_datasets/yifei_scannetv2_hf/scannetv2/scans/scene0157_01
yifei_scannetv2_hf__scannetv2__scans__scene0164_00,yifei_scannetv2_hf/scannetv2/scans/scene0164_00,yifei_scannetv2_hf,val,yifei_scannetv2_hf:scannetv2,126,64,data/raw/ltm_datasets/yifei_scannetv2_hf/scannetv2/scans/scene0164_00
yifei_scannetv2_hf__scannetv2__scans__scene0164_01,yifei_scannetv2_hf/scannetv2/scans/scene0164_01,yifei_scannetv2_hf,val,yifei_scannetv2_hf:scannetv2,825,64,data/raw/ltm_datasets/yifei_scannetv2_hf/scannetv2/scans/scene0164_01
yifei_scannetv2_hf__scannetv2__scans__scene0175_00,yifei_scannetv2_hf/scannetv2/scans/scene0175_00,yifei_scannetv2_hf,val,yifei_scannetv2_hf:scannetv2,63,63,data/raw/ltm_datasets/yifei_scannetv2_hf/scannetv2/scans/scene0175_00
yifei_scannetv2_hf__scannetv2__scans__scene0211_00,yifei_scannetv2_hf/scannetv2/scans/scene0211_00,yifei_scannetv2_hf,val,yifei_scannetv2_hf:scannetv2,2321,64,data/raw/ltm_datasets/yifei_scannetv2_hf/scannetv2/scans/scene0211_00
yifei_scannetv2_hf__scannetv2__scans__scene0223_02,yifei_scannetv2_hf/scannetv2/scans/scene0223_02,yifei_scannetv2_hf,val,yifei_scannetv2_hf:scannetv2,1058,64,data/raw/ltm_datasets/yifei_scannetv2_hf/scannetv2/scans/scene0223_02
yifei_scannetv2_hf__scannetv2__scans__scene0225_00,yifei_scannetv2_hf/scannetv2/scans/scene0225_00,yifei_scannetv2_hf,val,yifei_scannetv2_hf:scannetv2,49,49,data/raw/ltm_datasets/yifei_scannetv2_hf/scannetv2/scans/scene0225_00
yifei_scannetv2_hf__scannetv2__scans__scene0242_00,yifei_scannetv2_hf/scannetv2/scans/scene0242_00,yifei_scannetv2_hf,val,yifei_scannetv2_hf:scannetv2,1364,64,data/raw/ltm_datasets/yifei_scannetv2_hf/scannetv2/scans/scene0242_00
yifei_scannetv2_hf__scannetv2__scans__scene0249_00,yifei_scannetv2_hf/scannetv2/scans/scene0249_00,yifei_scannetv2_hf,val,yifei_scannetv2_hf:scannetv2,182,64,data/raw/ltm_datasets/yifei_scannetv2_hf/scannetv2/scans/scene0249_00
yifei_scannetv2_hf__scannetv2__scans__scene0256_02,yifei_scannetv2_hf/scannetv2/scans/scene0256_02,yifei_scannetv2_hf,val,yifei_scannetv2_hf:scannetv2,79,64,data/raw/ltm_datasets/yifei_scannetv2_hf/scannetv2/scans/scene0256_02
yifei_scannetv2_hf__scannetv2__scans__scene0279_01,yifei_scannetv2_hf/scannetv2/scans/scene0279_01,yifei_scannetv2_hf,val,yifei_scannetv2_hf:scannetv2,81,64,data/raw/ltm_datasets/yifei_scannetv2_hf/scannetv2/scans/scene0279_01
yifei_scannetv2_hf__scannetv2__scans__scene0280_01,yifei_scannetv2_hf/scannetv2/scans/scene0280_01,yifei_scannetv2_hf,val,yifei_scannetv2_hf:scannetv2,121,64,data/raw/ltm_datasets/yifei_scannetv2_hf/scannetv2/scans/scene0280_01
yifei_scannetv2_hf__scannetv2__scans__scene0281_00,yifei_scannetv2_hf/scannetv2/scans/scene0281_00,yifei_scannetv2_hf,val,yifei_scannetv2_hf:scannetv2,118,64,data/raw/ltm_datasets/yifei_scannetv2_hf/scannetv2/scans/scene0281_00
yifei_scannetv2_hf__scannetv2__scans__scene0312_01,yifei_scannetv2_hf/scannetv2/scans/scene0312_01,yifei_scannetv2_hf,val,yifei_scannetv2_hf:scannetv2,147,64,data/raw/ltm_datasets/yifei_scannetv2_hf/scannetv2/scans/scene0312_01
yifei_scannetv2_hf__scannetv2__scans__scene0338_01,yifei_scannetv2_hf/scannetv2/scans/scene0338_01,yifei_scannetv2_hf,val,yifei_scannetv2_hf:scannetv2,52,52,data/raw/ltm_datasets/yifei_scannetv2_hf/scannetv2/scans/scene0338_01
yifei_scannetv2_hf__scannetv2__scans__scene0361_00,yifei_scannetv2_hf/scannetv2/scans/scene0361_00,yifei_scannetv2_hf,val,yifei_scannetv2_hf:scannetv2,77,64,data/raw/ltm_datasets/yifei_scannetv2_hf/scannetv2/scans/scene0361_00
yifei_scannetv2_hf__scannetv2__scans__scene0367_00,yifei_scannetv2_hf/scannetv2/scans/scene0367_00,yifei_scannetv2_hf,val,yifei_scannetv2_hf:scannetv2,55,55,data/raw/ltm_datasets/yifei_scannetv2_hf/scannetv2/scans/scene0367_00
yifei_scannetv2_hf__scannetv2__scans__scene0374_00,yifei_scannetv2_hf/scannetv2/scans/scene0374_00,yifei_scannetv2_hf,val,yifei_scannetv2_hf:scannetv2,110,64,data/raw/ltm_datasets/yifei_scannetv2_hf/scannetv2/scans/scene0374_00
yifei_scannetv2_hf__scannetv2__scans__scene0375_02,yifei_scannetv2_hf/scannetv2/scans/scene0375_02,yifei_scannetv2_hf,val,yifei_scannetv2_hf:scannetv2,81,64,data/raw/ltm_datasets/yifei_scannetv2_hf/scannetv2/scans/scene0375_02
yifei_scannetv2_hf__scannetv2__scans__scene0381_02,yifei_scannetv2_hf/scannetv2/scans/scene0381_02,yifei_scannetv2_hf,val,yifei_scannetv2_hf:scannetv2,33,33,data/raw/ltm_datasets/yifei_scannetv2_hf/scannetv2/scans/scene0381_02
yifei_scannetv2_hf__scannetv2__scans__scene0406_01,yifei_scannetv2_hf/scannetv2/scans/scene0406_01,yifei_scannetv2_hf,val,yifei_scannetv2_hf:scannetv2,1229,64,data/raw/ltm_datasets/yifei_scannetv2_hf/scannetv2/scans/scene0406_01
yifei_scannetv2_hf__scannetv2__scans__scene0416_01,yifei_scannetv2_hf/scannetv2/scans/scene0416_01,yifei_scannetv2_hf,val,yifei_scannetv2_hf:scannetv2,177,64,data/raw/ltm_datasets/yifei_scannetv2_hf/scannetv2/scans/scene0416_01
yifei_scannetv2_hf__scannetv2__scans__scene0434_00,yifei_scannetv2_hf/scannetv2/scans/scene0434_00,yifei_scannetv2_hf,val,yifei_scannetv2_hf:scannetv2,122,64,data/raw/ltm_datasets/yifei_scannetv2_hf/scannetv2/scans/scene0434_00
yifei_scannetv2_hf__scannetv2__scans__scene0434_01,yifei_scannetv2_hf/scannetv2/scans/scene0434_01,yifei_scannetv2_hf,val,yifei_scannetv2_hf:scannetv2,1544,64,data/raw/ltm_datasets/yifei_scannetv2_hf/scannetv2/scans/scene0434_01
yifei_scannetv2_hf__scannetv2__scans__scene0447_01,yifei_scannetv2_hf/scannetv2/scans/scene0447_01,yifei_scannetv2_hf,val,yifei_scannetv2_hf:scannetv2,1187,64,data/raw/ltm_datasets/yifei_scannetv2_hf/scannetv2/scans/scene0447_01
yifei_scannetv2_hf__scannetv2__scans__scene0450_00,yifei_scannetv2_hf/scannetv2/scans/scene0450_00,yifei_scannetv2_hf,val,yifei_scannetv2_hf:scannetv2,818,64,data/raw/ltm_datasets/yifei_scannetv2_hf/scannetv2/scans/scene0450_00
yifei_scannetv2_hf__scannetv2__scans__scene0475_01,yifei_scannetv2_hf/scannetv2/scans/scene0475_01,yifei_scannetv2_hf,val,yifei_scannetv2_hf:scannetv2,47,47,data/raw/ltm_datasets/yifei_scannetv2_hf/scannetv2/scans/scene0475_01
yifei_scannetv2_hf__scannetv2__scans__scene0481_00,yifei_scannetv2_hf/scannetv2/scans/scene0481_00,yifei_scannetv2_hf,val,yifei_scannetv2_hf:scannetv2,74,64,data/raw/ltm_datasets/yifei_scannetv2_hf/scannetv2/scans/scene0481_00
yifei_scannetv2_hf__scannetv2__scans__scene0498_00,yifei_scannetv2_hf/scannetv2/scans/scene0498_00,yifei_scannetv2_hf,val,yifei_scannetv2_hf:scannetv2,53,53,data/raw/ltm_datasets/yifei_scannetv2_hf/scannetv2/scans/scene0498_00
yifei_scannetv2_hf__scannetv2__scans__scene0505_03,yifei_scannetv2_hf/scannetv2/scans/scene0505_03,yifei_scannetv2_hf,val,yifei_scannetv2_hf:scannetv2,210,64,data/raw/ltm_datasets/yifei_scannetv2_hf/scannetv2/scans/scene0505_03
yifei_scannetv2_hf__scannetv2__scans__scene0515_00,yifei_scannetv2_hf/scannetv2/scans/scene0515_00,yifei_scannetv2_hf,val,yifei_scannetv2_hf:scannetv2,2325,64,data/raw/ltm_datasets/yifei_scannetv2_hf/scannetv2/scans/scene0515_00
yifei_scannetv2_hf__scannetv2__scans__scene0527_00,yifei_scannetv2_hf/scannetv2/scans/scene0527_00,yifei_scannetv2_hf,val,yifei_scannetv2_hf:scannetv2,45,45,data/raw/ltm_datasets/yifei_scannetv2_hf/scannetv2/scans/scene0527_00
yifei_scannetv2_hf__scannetv2__scans__scene0557_00,yifei_scannetv2_hf/scannetv2/scans/scene0557_00,yifei_scannetv2_hf,val,yifei_scannetv2_hf:scannetv2,93,64,data/raw/ltm_datasets/yifei_scannetv2_hf/scannetv2/scans/scene0557_00
yifei_scannetv2_hf__scannetv2__scans__scene0561_01,yifei_scannetv2_hf/scannetv2/scans/scene0561_01,yifei_scannetv2_hf,val,yifei_scannetv2_hf:scannetv2,110,64,data/raw/ltm_datasets/yifei_scannetv2_hf/scannetv2/scans/scene0561_01
yifei_scannetv2_hf__scannetv2__scans__scene0566_00,yifei_scannetv2_hf/scannetv2/scans/scene0566_00,yifei_scannetv2_hf,val,yifei_scannetv2_hf:scannetv2,109,64,data/raw/ltm_datasets/yifei_scannetv2_hf/scannetv2/scans/scene0566_00
yifei_scannetv2_hf__scannetv2__scans__scene0576_02,yifei_scannetv2_hf/scannetv2/scans/scene0576_02,yifei_scannetv2_hf,val,yifei_scannetv2_hf:scannetv2,72,64,data/raw/ltm_datasets/yifei_scannetv2_hf/scannetv2/scans/scene0576_02
yifei_scannetv2_hf__scannetv2__scans__scene0609_03,yifei_scannetv2_hf/scannetv2/scans/scene0609_03,yifei_scannetv2_hf,val,yifei_scannetv2_hf:scannetv2,46,46,data/raw/ltm_datasets/yifei_scannetv2_hf/scannetv2/scans/scene0609_03
yifei_scannetv2_hf__scannetv2__scans__scene0639_00,yifei_scannetv2_hf/scannetv2/scans/scene0639_00,yifei_scannetv2_hf,val,yifei_scannetv2_hf:scannetv2,42,42,data/raw/ltm_datasets/yifei_scannetv2_hf/scannetv2/scans/scene0639_00
yifei_scannetv2_hf__scannetv2__scans__scene0661_00,yifei_scannetv2_hf/scannetv2/scans/scene0661_00,yifei_scannetv2_hf,val,yifei_scannetv2_hf:scannetv2,110,64,data/raw/ltm_datasets/yifei_scannetv2_hf/scannetv2/scans/scene0661_00
yifei_scannetv2_hf__scannetv2__scans__scene0663_02,yifei_scannetv2_hf/scannetv2/scans/scene0663_02,yifei_scannetv2_hf,val,yifei_scannetv2_hf:scannetv2,197,64,data/raw/ltm_datasets/yifei_scannetv2_hf/scannetv2/scans/scene0663_02
yifei_scannetv2_hf__scannetv2__scans__scene0700_00,yifei_scannetv2_hf/scannetv2/scans/scene0700_00,yifei_scannetv2_hf,val,yifei_scannetv2_hf:scannetv2,306,64,data/raw/ltm_datasets/yifei_scannetv2_hf/scannetv2/scans/scene0700_00
yifei_scannetv2_hf__scannetv2__scans__scene0702_02,yifei_scannetv2_hf/scannetv2/scans/scene0702_02,yifei_scannetv2_hf,val,yifei_scannetv2_hf:scannetv2,48,48,data/raw/ltm_datasets/yifei_scannetv2_hf/scannetv2/scans/scene0702_02
yifei_scannetv2_hf__scannetv2__scans__scene0036_01,yifei_scannetv2_hf/scannetv2/scans/scene0036_01,yifei_scannetv2_hf,test,yifei_scannetv2_hf:scannetv2,712,64,data/raw/ltm_datasets/yifei_scannetv2_hf/scannetv2/scans/scene0036_01
yifei_scannetv2_hf__scannetv2__scans__scene0061_00,yifei_scannetv2_hf/scannetv2/scans/scene0061_00,yifei_scannetv2_hf,test,yifei_scannetv2_hf:scannetv2,129,64,data/raw/ltm_datasets/yifei_scannetv2_hf/scannetv2/scans/scene0061_00
yifei_scannetv2_hf__scannetv2__scans__scene0077_00,yifei_scannetv2_hf/scannetv2/scans/scene0077_00,yifei_scannetv2_hf,test,yifei_scannetv2_hf:scannetv2,604,64,data/raw/ltm_datasets/yifei_scannetv2_hf/scannetv2/scans/scene0077_00
yifei_scannetv2_hf__scannetv2__scans__scene0078_00,yifei_scannetv2_hf/scannetv2/scans/scene0078_00,yifei_scannetv2_hf,test,yifei_scannetv2_hf:scannetv2,37,37,data/raw/ltm_datasets/yifei_scannetv2_hf/scannetv2/scans/scene0078_00
yifei_scannetv2_hf__scannetv2__scans__scene0087_00,yifei_scannetv2_hf/scannetv2/scans/scene0087_00,yifei_scannetv2_hf,test,yifei_scannetv2_hf:scannetv2,1396,64,data/raw/ltm_datasets/yifei_scannetv2_hf/scannetv2/scans/scene0087_00
yifei_scannetv2_hf__scannetv2__scans__scene0098_00,yifei_scannetv2_hf/scannetv2/scans/scene0098_00,yifei_scannetv2_hf,test,yifei_scannetv2_hf:scannetv2,100,64,data/raw/ltm_datasets/yifei_scannetv2_hf/scannetv2/scans/scene0098_00
yifei_scannetv2_hf__scannetv2__scans__scene0118_02,yifei_scannetv2_hf/scannetv2/scans/scene0118_02,yifei_scannetv2_hf,test,yifei_scannetv2_hf:scannetv2,496,64,data/raw/ltm_datasets/yifei_scannetv2_hf/scannetv2/scans/scene0118_02
yifei_scannetv2_hf__scannetv2__scans__scene0136_02,yifei_scannetv2_hf/scannetv2/scans/scene0136_02,yifei_scannetv2_hf,test,yifei_scannetv2_hf:scannetv2,1511,64,data/raw/ltm_datasets/yifei_scannetv2_hf/scannetv2/scans/scene0136_02
yifei_scannetv2_hf__scannetv2__scans__scene0141_00,yifei_scannetv2_hf/scannetv2/scans/scene0141_00,yifei_scannetv2_hf,test,yifei_scannetv2_hf:scannetv2,63,63,data/raw/ltm_datasets/yifei_scannetv2_hf/scannetv2/scans/scene0141_00
yifei_scannetv2_hf__scannetv2__scans__scene0142_01,yifei_scannetv2_hf/scannetv2/scans/scene0142_01,yifei_scannetv2_hf,test,yifei_scannetv2_hf:scannetv2,217,64,data/raw/ltm_datasets/yifei_scannetv2_hf/scannetv2/scans/scene0142_01
yifei_scannetv2_hf__scannetv2__scans__scene0163_01,yifei_scannetv2_hf/scannetv2/scans/scene0163_01,yifei_scannetv2_hf,test,yifei_scannetv2_hf:scannetv2,1840,64,data/raw/ltm_datasets/yifei_scannetv2_hf/scannetv2/scans/scene0163_01
yifei_scannetv2_hf__scannetv2__scans__scene0174_00,yifei_scannetv2_hf/scannetv2/scans/scene0174_00,yifei_scannetv2_hf,test,yifei_scannetv2_hf:scannetv2,2429,64,data/raw/ltm_datasets/yifei_scannetv2_hf/scannetv2/scans/scene0174_00
yifei_scannetv2_hf__scannetv2__scans__scene0174_01,yifei_scannetv2_hf/scannetv2/scans/scene0174_01,yifei_scannetv2_hf,test,yifei_scannetv2_hf:scannetv2,148,64,data/raw/ltm_datasets/yifei_scannetv2_hf/scannetv2/scans/scene0174_01
yifei_scannetv2_hf__scannetv2__scans__scene0183_00,yifei_scannetv2_hf/scannetv2/scans/scene0183_00,yifei_scannetv2_hf,test,yifei_scannetv2_hf:scannetv2,271,64,data/raw/ltm_datasets/yifei_scannetv2_hf/scannetv2/scans/scene0183_00
yifei_scannetv2_hf__scannetv2__scans__scene0187_01,yifei_scannetv2_hf/scannetv2/scans/scene0187_01,yifei_scannetv2_hf,test,yifei_scannetv2_hf:scannetv2,122,64,data/raw/ltm_datasets/yifei_scannetv2_hf/scannetv2/scans/scene0187_01
yifei_scannetv2_hf__scannetv2__scans__scene0192_00,yifei_scannetv2_hf/scannetv2/scans/scene0192_00,yifei_scannetv2_hf,test,yifei_scannetv2_hf:scannetv2,63,63,data/raw/ltm_datasets/yifei_scannetv2_hf/scannetv2/scans/scene0192_00
yifei_scannetv2_hf__scannetv2__scans__scene0201_00,yifei_scannetv2_hf/scannetv2/scans/scene0201_00,yifei_scannetv2_hf,test,yifei_scannetv2_hf:scannetv2,66,64,data/raw/ltm_datasets/yifei_scannetv2_hf/scannetv2/scans/scene0201_00
yifei_scannetv2_hf__scannetv2__scans__scene0229_02,yifei_scannetv2_hf/scannetv2/scans/scene0229_02,yifei_scannetv2_hf,test,yifei_scannetv2_hf:scannetv2,55,55,data/raw/ltm_datasets/yifei_scannetv2_hf/scannetv2/scans/scene0229_02
yifei_scannetv2_hf__scannetv2__scans__scene0254_00,yifei_scannetv2_hf/scannetv2/scans/scene0254_00,yifei_scannetv2_hf,test,yifei_scannetv2_hf:scannetv2,72,64,data/raw/ltm_datasets/yifei_scannetv2_hf/scannetv2/scans/scene0254_00
yifei_scannetv2_hf__scannetv2__scans__scene0271_01,yifei_scannetv2_hf/scannetv2/scans/scene0271_01,yifei_scannetv2_hf,test,yifei_scannetv2_hf:scannetv2,127,64,data/raw/ltm_datasets/yifei_scannetv2_hf/scannetv2/scans/scene0271_01
yifei_scannetv2_hf__scannetv2__scans__scene0276_01,yifei_scannetv2_hf/scannetv2/scans/scene0276_01,yifei_scannetv2_hf,test,yifei_scannetv2_hf:scannetv2,170,64,data/raw/ltm_datasets/yifei_scannetv2_hf/scannetv2/scans/scene0276_01
yifei_scannetv2_hf__scannetv2__scans__scene0282_00,yifei_scannetv2_hf/scannetv2/scans/scene0282_00,yifei_scannetv2_hf,test,yifei_scannetv2_hf:scannetv2,111,64,data/raw/ltm_datasets/yifei_scannetv2_hf/scannetv2/scans/scene0282_00
yifei_scannetv2_hf__scannetv2__scans__scene0282_02,yifei_scannetv2_hf/scannetv2/scans/scene0282_02,yifei_scannetv2_hf,test,yifei_scannetv2_hf:scannetv2,1135,64,data/raw/ltm_datasets/yifei_scannetv2_hf/scannetv2/scans/scene0282_02
yifei_scannetv2_hf__scannetv2__scans__scene0297_02,yifei_scannetv2_hf/scannetv2/scans/scene0297_02,yifei_scannetv2_hf,test,yifei_scannetv2_hf:scannetv2,84,64,data/raw/ltm_datasets/yifei_scannetv2_hf/scannetv2/scans/scene0297_02
yifei_scannetv2_hf__scannetv2__scans__scene0302_00,yifei_scannetv2_hf/scannetv2/scans/scene0302_00,yifei_scannetv2_hf,test,yifei_scannetv2_hf:scannetv2,1278,64,data/raw/ltm_datasets/yifei_scannetv2_hf/scannetv2/scans/scene0302_00
yifei_scannetv2_hf__scannetv2__scans__scene0313_02,yifei_scannetv2_hf/scannetv2/scans/scene0313_02,yifei_scannetv2_hf,test,yifei_scannetv2_hf:scannetv2,47,47,data/raw/ltm_datasets/yifei_scannetv2_hf/scannetv2/scans/scene0313_02
yifei_scannetv2_hf__scannetv2__scans__scene0315_00,yifei_scannetv2_hf/scannetv2/scans/scene0315_00,yifei_scannetv2_hf,test,yifei_scannetv2_hf:scannetv2,99,64,data/raw/ltm_datasets/yifei_scannetv2_hf/scannetv2/scans/scene0315_00
yifei_scannetv2_hf__scannetv2__scans__scene0322_00,yifei_scannetv2_hf/scannetv2/scans/scene0322_00,yifei_scannetv2_hf,test,yifei_scannetv2_hf:scannetv2,84,64,data/raw/ltm_datasets/yifei_scannetv2_hf/scannetv2/scans/scene0322_00
yifei_scannetv2_hf__scannetv2__scans__scene0323_00,yifei_scannetv2_hf/scannetv2/scans/scene0323_00,yifei_scannetv2_hf,test,yifei_scannetv2_hf:scannetv2,63,63,data/raw/ltm_datasets/yifei_scannetv2_hf/scannetv2/scans/scene0323_00
yifei_scannetv2_hf__scannetv2__scans__scene0345_01,yifei_scannetv2_hf/scannetv2/scans/scene0345_01,yifei_scannetv2_hf,test,yifei_scannetv2_hf:scannetv2,1386,64,data/raw/ltm_datasets/yifei_scannetv2_hf/scannetv2/scans/scene0345_01
yifei_scannetv2_hf__scannetv2__scans__scene0346_00,yifei_scannetv2_hf/scannetv2/scans/scene0346_00,yifei_scannetv2_hf,test,yifei_scannetv2_hf:scannetv2,36,36,data/raw/ltm_datasets/yifei_scannetv2_hf/scannetv2/scans/scene0346_00
yifei_scannetv2_hf__scannetv2__scans__scene0348_02,yifei_scannetv2_hf/scannetv2/scans/scene0348_02,yifei_scannetv2_hf,test,yifei_scannetv2_hf:scannetv2,127,64,data/raw/ltm_datasets/yifei_scannetv2_hf/scannetv2/scans/scene0348_02
yifei_scannetv2_hf__scannetv2__scans__scene0350_00,yifei_scannetv2_hf/scannetv2/scans/scene0350_00,yifei_scannetv2_hf,test,yifei_scannetv2_hf:scannetv2,1429,64,data/raw/ltm_datasets/yifei_scannetv2_hf/scannetv2/scans/scene0350_00
yifei_scannetv2_hf__scannetv2__scans__scene0355_01,yifei_scannetv2_hf/scannetv2/scans/scene0355_01,yifei_scannetv2_hf,test,yifei_scannetv2_hf:scannetv2,984,64,data/raw/ltm_datasets/yifei_scannetv2_hf/scannetv2/scans/scene0355_01
yifei_scannetv2_hf__scannetv2__scans__scene0410_00,yifei_scannetv2_hf/scannetv2/scans/scene0410_00,yifei_scannetv2_hf,test,yifei_scannetv2_hf:scannetv2,96,64,data/raw/ltm_datasets/yifei_scannetv2_hf/scannetv2/scans/scene0410_00
yifei_scannetv2_hf__scannetv2__scans__scene0434_02,yifei_scannetv2_hf/scannetv2/scans/scene0434_02,yifei_scannetv2_hf,test,yifei_scannetv2_hf:scannetv2,103,64,data/raw/ltm_datasets/yifei_scannetv2_hf/scannetv2/scans/scene0434_02
yifei_scannetv2_hf__scannetv2__scans__scene0446_01,yifei_scannetv2_hf/scannetv2/scans/scene0446_01,yifei_scannetv2_hf,test,yifei_scannetv2_hf:scannetv2,135,64,data/raw/ltm_datasets/yifei_scannetv2_hf/scannetv2/scans/scene0446_01
yifei_scannetv2_hf__scannetv2__scans__scene0451_03,yifei_scannetv2_hf/scannetv2/scans/scene0451_03,yifei_scannetv2_hf,test,yifei_scannetv2_hf:scannetv2,1596,64,data/raw/ltm_datasets/yifei_scannetv2_hf/scannetv2/scans/scene0451_03
yifei_scannetv2_hf__scannetv2__scans__scene0482_01,yifei_scannetv2_hf/scannetv2/scans/scene0482_01,yifei_scannetv2_hf,test,yifei_scannetv2_hf:scannetv2,43,43,data/raw/ltm_datasets/yifei_scannetv2_hf/scannetv2/scans/scene0482_01
yifei_scannetv2_hf__scannetv2__scans__scene0502_02,yifei_scannetv2_hf/scannetv2/scans/scene0502_02,yifei_scannetv2_hf,test,yifei_scannetv2_hf:scannetv2,104,64,data/raw/ltm_datasets/yifei_scannetv2_hf/scannetv2/scans/scene0502_02
yifei_scannetv2_hf__scannetv2__scans__scene0509_01,yifei_scannetv2_hf/scannetv2/scans/scene0509_01,yifei_scannetv2_hf,test,yifei_scannetv2_hf:scannetv2,73,64,data/raw/ltm_datasets/yifei_scannetv2_hf/scannetv2/scans/scene0509_01
yifei_scannetv2_hf__scannetv2__scans__scene0515_01,yifei_scannetv2_hf/scannetv2/scans/scene0515_01,yifei_scannetv2_hf,test,yifei_scannetv2_hf:scannetv2,157,64,data/raw/ltm_datasets/yifei_scannetv2_hf/scannetv2/scans/scene0515_01
yifei_scannetv2_hf__scannetv2__scans__scene0593_01,yifei_scannetv2_hf/scannetv2/scans/scene0593_01,yifei_scannetv2_hf,test,yifei_scannetv2_hf:scannetv2,81,64,data/raw/ltm_datasets/yifei_scannetv2_hf/scannetv2/scans/scene0593_01
yifei_scannetv2_hf__scannetv2__scans__scene0630_03,yifei_scannetv2_hf/scannetv2/scans/scene0630_03,yifei_scannetv2_hf,test,yifei_scannetv2_hf:scannetv2,69,64,data/raw/ltm_datasets/yifei_scannetv2_hf/scannetv2/scans/scene0630_03
yifei_scannetv2_hf__scannetv2__scans__scene0633_01,yifei_scannetv2_hf/scannetv2/scans/scene0633_01,yifei_scannetv2_hf,test,yifei_scannetv2_hf:scannetv2,95,64,data/raw/ltm_datasets/yifei_scannetv2_hf/scannetv2/scans/scene0633_01
yifei_scannetv2_hf__scannetv2__scans__scene0649_01,yifei_scannetv2_hf/scannetv2/scans/scene0649_01,yifei_scannetv2_hf,test,yifei_scannetv2_hf:scannetv2,63,63,data/raw/ltm_datasets/yifei_scannetv2_hf/scannetv2/scans/scene0649_01
yifei_scannetv2_hf__scannetv2__scans__scene0651_00,yifei_scannetv2_hf/scannetv2/scans/scene0651_00,yifei_scannetv2_hf,test,yifei_scannetv2_hf:scannetv2,70,64,data/raw/ltm_datasets/yifei_scannetv2_hf/scannetv2/scans/scene0651_00
yifei_scannetv2_hf__scannetv2__scans__scene0655_02,yifei_scannetv2_hf/scannetv2/scans/scene0655_02,yifei_scannetv2_hf,test,yifei_scannetv2_hf:scannetv2,48,48,data/raw/ltm_datasets/yifei_scannetv2_hf/scannetv2/scans/scene0655_02
yifei_scannetv2_hf__scannetv2__scans__scene0667_01,yifei_scannetv2_hf/scannetv2/scans/scene0667_01,yifei_scannetv2_hf,test,yifei_scannetv2_hf:scannetv2,331,64,data/raw/ltm_datasets/yifei_scannetv2_hf/scannetv2/scans/scene0667_01
yifei_scannetv2_hf__scannetv2__scans__scene0698_00,yifei_scannetv2_hf/scannetv2/scans/scene0698_00,yifei_scannetv2_hf,test,yifei_scannetv2_hf:scannetv2,126,64,data/raw/ltm_datasets/yifei_scannetv2_hf/scannetv2/scans/scene0698_00
