scene_id,scene_key,dataset,source_group,format,depth_kind,pose_kind,eligible_frame_count,full_count,hard_subset_count,scene_root
DL3DV-ALL-480P__10K_extracted__971fb09235c6575e9065b968185a44af5b50b7abaaca1b12bfdc81eec19e19b1,DL3DV-ALL-480P/10K_extracted/971fb09235c6575e9065b968185a44af5b50b7abaaca1b12bfdc81eec19e19b1,DL3DV-ALL-480P,DL3DV-ALL-480P,nerf_transforms_images8_colmap_depth,colmap_photometric_bin,transforms_json_opengl_c2w,80,80,12,/home/m/dataset/ltm_datasets/DL3DV-ALL-480P/10K_extracted/971fb09235c6575e9065b968185a44af5b50b7abaaca1b12bfdc81eec19e19b1
DL3DV-ALL-480P__10K_extracted__9725175383bd86faf7a20f73b65fd2b98e52bcda91b3d8db1c02251d2189f638,DL3DV-ALL-480P/10K_extracted/9725175383bd86faf7a20f73b65fd2b98e52bcda91b3d8db1c02251d2189f638,DL3DV-ALL-480P,DL3DV-ALL-480P,nerf_transforms_images8_colmap_depth,colmap_photometric_bin,transforms_json_opengl_c2w,80,80,12,/home/m/dataset/ltm_datasets/DL3DV-ALL-480P/10K_extracted/9725175383bd86faf7a20f73b65fd2b98e52bcda91b3d8db1c02251d2189f638
DL3DV-ALL-480P__10K_extracted__976447ba2e97db48db6c5245f6d8d95e38fe5ea06e9a56e292b5cb6f50960b00,DL3DV-ALL-480P/10K_extracted/976447ba2e97db48db6c5245f6d8d95e38fe5ea06e9a56e292b5cb6f50960b00,DL3DV-ALL-480P,DL3DV-ALL-480P,nerf_transforms_images8_colmap_depth,colmap_photometric_bin,transforms_json_opengl_c2w,80,80,12,/home/m/dataset/ltm_datasets/DL3DV-ALL-480P/10K_extracted/976447ba2e97db48db6c5245f6d8d95e38fe5ea06e9a56e292b5cb6f50960b00
DL3DV-ALL-480P__10K_extracted__97a61765a05baff1891ef1c8adb3e7e85231d7992668f9cc2e5cf01f480aa7c4,DL3DV-ALL-480P/10K_extracted/97a61765a05baff1891ef1c8adb3e7e85231d7992668f9cc2e5cf01f480aa7c4,DL3DV-ALL-480P,DL3DV-ALL-480P,nerf_transforms_images8_colmap_depth,colmap_photometric_bin,transforms_json_opengl_c2w,80,80,12,/home/m/dataset/ltm_datasets/DL3DV-ALL-480P/10K_extracted/97a61765a05baff1891ef1c8adb3e7e85231d7992668f9cc2e5cf01f480aa7c4
DL3DV-ALL-480P__10K_extracted__97c8843407a4fef145a55bbec993537718791b470dd637c5c178383e1c184048,DL3DV-ALL-480P/10K_extracted/97c8843407a4fef145a55bbec993537718791b470dd637c5c178383e1c184048,DL3DV-ALL-480P,DL3DV-ALL-480P,nerf_transforms_images8_colmap_depth,colmap_photometric_bin,transforms_json_opengl_c2w,80,80,12,/home/m/dataset/ltm_datasets/DL3DV-ALL-480P/10K_extracted/97c8843407a4fef145a55bbec993537718791b470dd637c5c178383e1c184048
DL3DV-ALL-480P__10K_extracted__97cb739ab732aba61332c4a710605a16cf2eefcb3f9986067b26cc40db373737,DL3DV-ALL-480P/10K_extracted/97cb739ab732aba61332c4a710605a16cf2eefcb3f9986067b26cc40db373737,DL3DV-ALL-480P,DL3DV-ALL-480P,nerf_transforms_images8_colmap_depth,colmap_photometric_bin,transforms_json_opengl_c2w,80,80,12,/home/m/dataset/ltm_datasets/DL3DV-ALL-480P/10K_extracted/97cb739ab732aba61332c4a710605a16cf2eefcb3f9986067b26cc40db373737
DL3DV-ALL-480P__10K_extracted__980280f0fbc1a01a3e277724d8f06509d0ab95485a9d93d03e0500aa00d07fcc,DL3DV-ALL-480P/10K_extracted/980280f0fbc1a01a3e277724d8f06509d0ab95485a9d93d03e0500aa00d07fcc,DL3DV-ALL-480P,DL3DV-ALL-480P,nerf_transforms_images8_colmap_depth,colmap_photometric_bin,transforms_json_opengl_c2w,80,80,12,/home/m/dataset/ltm_datasets/DL3DV-ALL-480P/10K_extracted/980280f0fbc1a01a3e277724d8f06509d0ab95485a9d93d03e0500aa00d07fcc
DL3DV-ALL-480P__10K_extracted__983e2f92b3810444651f4e5a5225c080fb581161facee3a212e79da3e084ba83,DL3DV-ALL-480P/10K_extracted/983e2f92b3810444651f4e5a5225c080fb581161facee3a212e79da3e084ba83,DL3DV-ALL-480P,DL3DV-ALL-480P,nerf_transforms_images8_colmap_depth,colmap_photometric_bin,transforms_json_opengl_c2w,80,80,12,/home/m/dataset/ltm_datasets/DL3DV-ALL-480P/10K_extracted/983e2f92b3810444651f4e5a5225c080fb581161facee3a212e79da3e084ba83
DL3DV-ALL-480P__10K_extracted__985cf3624c18bf24ea53f2066df172d223782d3635a724e4990254ff7eeffaed,DL3DV-ALL-480P/10K_extracted/985cf3624c18bf24ea53f2066df172d223782d3635a724e4990254ff7eeffaed,DL3DV-ALL-480P,DL3DV-ALL-480P,nerf_transforms_images8_colmap_depth,colmap_photometric_bin,transforms_json_opengl_c2w,80,80,12,/home/m/dataset/ltm_datasets/DL3DV-ALL-480P/10K_extracted/985cf3624c18bf24ea53f2066df172d223782d3635a724e4990254ff7eeffaed
DL3DV-ALL-480P__10K_extracted__9867fbee9dda9976003c34f3684b9d7082bc3b25b9a4de7ae434236a29ad9adf,DL3DV-ALL-480P/10K_extracted/9867fbee9dda9976003c34f3684b9d7082bc3b25b9a4de7ae434236a29ad9adf,DL3DV-ALL-480P,DL3DV-ALL-480P,nerf_transforms_images8_colmap_depth,colmap_photometric_bin,transforms_json_opengl_c2w,80,80,12,/home/m/dataset/ltm_datasets/DL3DV-ALL-480P/10K_extracted/9867fbee9dda9976003c34f3684b9d7082bc3b25b9a4de7ae434236a29ad9adf
DL3DV-ALL-480P__10K_extracted__987df029ec0c71aeb60905e68c19df48193cbafb6b6901af997091c73e0454dd,DL3DV-ALL-480P/10K_extracted/987df029ec0c71aeb60905e68c19df48193cbafb6b6901af997091c73e0454dd,DL3DV-ALL-480P,DL3DV-ALL-480P,nerf_transforms_images8_colmap_depth,colmap_photometric_bin,transforms_json_opengl_c2w,80,80,12,/home/m/dataset/ltm_datasets/DL3DV-ALL-480P/10K_extracted/987df029ec0c71aeb60905e68c19df48193cbafb6b6901af997091c73e0454dd
DL3DV-ALL-480P__10K_extracted__98c2ce3e5c6022add60b8d645487679564dda24339892a95f14b59c087b0f747,DL3DV-ALL-480P/10K_extracted/98c2ce3e5c6022add60b8d645487679564dda24339892a95f14b59c087b0f747,DL3DV-ALL-480P,DL3DV-ALL-480P,nerf_transforms_images8_colmap_depth,colmap_photometric_bin,transforms_json_opengl_c2w,80,80,12,/home/m/dataset/ltm_datasets/DL3DV-ALL-480P/10K_extracted/98c2ce3e5c6022add60b8d645487679564dda24339892a95f14b59c087b0f747
DL3DV-ALL-480P__10K_extracted__98cc387c8c91ac662ebd88de3c2ad1e48ec6740c8dab581162f41e3cf452400a,DL3DV-ALL-480P/10K_extracted/98cc387c8c91ac662ebd88de3c2ad1e48ec6740c8dab581162f41e3cf452400a,DL3DV-ALL-480P,DL3DV-ALL-480P,nerf_transforms_images8_colmap_depth,colmap_photometric_bin,transforms_json_opengl_c2w,80,80,12,/home/m/dataset/ltm_datasets/DL3DV-ALL-480P/10K_extracted/98cc387c8c91ac662ebd88de3c2ad1e48ec6740c8dab581162f41e3cf452400a
DL3DV-ALL-480P__10K_extracted__98e31af3b7260f88e29e85c4d1f04b2287b40576f69d28627342c0aec2db97a1,DL3DV-ALL-480P/10K_extracted/98e31af3b7260f88e29e85c4d1f04b2287b40576f69d28627342c0aec2db97a1,DL3DV-ALL-480P,DL3DV-ALL-480P,nerf_transforms_images8_colmap_depth,colmap_photometric_bin,transforms_json_opengl_c2w,80,80,12,/home/m/dataset/ltm_datasets/DL3DV-ALL-480P/10K_extracted/98e31af3b7260f88e29e85c4d1f04b2287b40576f69d28627342c0aec2db97a1
DL3DV-ALL-480P__10K_extracted__9937f80f08a339ebf05fdb14704fdb6c59abf70ba6457b46c63afac6ae21f783,DL3DV-ALL-480P/10K_extracted/9937f80f08a339ebf05fdb14704fdb6c59abf70ba6457b46c63afac6ae21f783,DL3DV-ALL-480P,DL3DV-ALL-480P,nerf_transforms_images8_colmap_depth,colmap_photometric_bin,transforms_json_opengl_c2w,80,80,12,/home/m/dataset/ltm_datasets/DL3DV-ALL-480P/10K_extracted/9937f80f08a339ebf05fdb14704fdb6c59abf70ba6457b46c63afac6ae21f783
DL3DV-ALL-480P__10K_extracted__99435ef200a70c39f7c46c137eae6f97ca1f72df443b5ac5d7c5d7b17c48e6d0,DL3DV-ALL-480P/10K_extracted/99435ef200a70c39f7c46c137eae6f97ca1f72df443b5ac5d7c5d7b17c48e6d0,DL3DV-ALL-480P,DL3DV-ALL-480P,nerf_transforms_images8_colmap_depth,colmap_photometric_bin,transforms_json_opengl_c2w,80,80,12,/home/m/dataset/ltm_datasets/DL3DV-ALL-480P/10K_extracted/99435ef200a70c39f7c46c137eae6f97ca1f72df443b5ac5d7c5d7b17c48e6d0
DL3DV-ALL-480P__10K_extracted__9952f2281490e7bcefa3930cf21f6cbc03bea68be4ffba829d73e06dedab9ac1,DL3DV-ALL-480P/10K_extracted/9952f2281490e7bcefa3930cf21f6cbc03bea68be4ffba829d73e06dedab9ac1,DL3DV-ALL-480P,DL3DV-ALL-480P,nerf_transforms_images8_colmap_depth,colmap_photometric_bin,transforms_json_opengl_c2w,80,80,12,/home/m/dataset/ltm_datasets/DL3DV-ALL-480P/10K_extracted/9952f2281490e7bcefa3930cf21f6cbc03bea68be4ffba829d73e06dedab9ac1
DL3DV-ALL-480P__10K_extracted__996e46c8b2ee2c0cae0693eba6b08d111c0825c224c425bfea24f6b625ada7a0,DL3DV-ALL-480P/10K_extracted/996e46c8b2ee2c0cae0693eba6b08d111c0825c224c425bfea24f6b625ada7a0,DL3DV-ALL-480P,DL3DV-ALL-480P,nerf_transforms_images8_colmap_depth,colmap_photometric_bin,transforms_json_opengl_c2w,80,80,12,/home/m/dataset/ltm_datasets/DL3DV-ALL-480P/10K_extracted/996e46c8b2ee2c0cae0693eba6b08d111c0825c224c425bfea24f6b625ada7a0
DL3DV-ALL-480P__10K_extracted__999157553e69b0f3ae226fe464cecd4d4bad6bcea3df1a44628295fb12ab76f7,DL3DV-ALL-480P/10K_extracted/999157553e69b0f3ae226fe464cecd4d4bad6bcea3df1a44628295fb12ab76f7,DL3DV-ALL-480P,DL3DV-ALL-480P,nerf_transforms_images8_colmap_depth,colmap_photometric_bin,transforms_json_opengl_c2w,80,80,12,/home/m/dataset/ltm_datasets/DL3DV-ALL-480P/10K_extracted/999157553e69b0f3ae226fe464cecd4d4bad6bcea3df1a44628295fb12ab76f7
DL3DV-ALL-480P__10K_extracted__99af1ed494a8f585eefaec44b5a3cc1b88a166aa843999297be7559f5306d0bf,DL3DV-ALL-480P/10K_extracted/99af1ed494a8f585eefaec44b5a3cc1b88a166aa843999297be7559f5306d0bf,DL3DV-ALL-480P,DL3DV-ALL-480P,nerf_transforms_images8_colmap_depth,colmap_photometric_bin,transforms_json_opengl_c2w,80,80,12,/home/m/dataset/ltm_datasets/DL3DV-ALL-480P/10K_extracted/99af1ed494a8f585eefaec44b5a3cc1b88a166aa843999297be7559f5306d0bf
DL3DV-ALL-480P__10K_extracted__9a1568f467031652368ff3607318a087d6ed29c201b8f7eb67b60e4c017b493f,DL3DV-ALL-480P/10K_extracted/9a1568f467031652368ff3607318a087d6ed29c201b8f7eb67b60e4c017b493f,DL3DV-ALL-480P,DL3DV-ALL-480P,nerf_transforms_images8_colmap_depth,colmap_photometric_bin,transforms_json_opengl_c2w,80,80,12,/home/m/dataset/ltm_datasets/DL3DV-ALL-480P/10K_extracted/9a1568f467031652368ff3607318a087d6ed29c201b8f7eb67b60e4c017b493f
DL3DV-ALL-480P__10K_extracted__9a16b921d4412a0278176be96cb526532734a469e5eb627cd33c51dcd26c3df8,DL3DV-ALL-480P/10K_extracted/9a16b921d4412a0278176be96cb526532734a469e5eb627cd33c51dcd26c3df8,DL3DV-ALL-480P,DL3DV-ALL-480P,nerf_transforms_images8_colmap_depth,colmap_photometric_bin,transforms_json_opengl_c2w,80,80,12,/home/m/dataset/ltm_datasets/DL3DV-ALL-480P/10K_extracted/9a16b921d4412a0278176be96cb526532734a469e5eb627cd33c51dcd26c3df8
DL3DV-ALL-480P__10K_extracted__9a8b16dee20fcf1d717e7477be947792ca5d8c00babf32c9f19e51ce0cb86834,DL3DV-ALL-480P/10K_extracted/9a8b16dee20fcf1d717e7477be947792ca5d8c00babf32c9f19e51ce0cb86834,DL3DV-ALL-480P,DL3DV-ALL-480P,nerf_transforms_images8_colmap_depth,colmap_photometric_bin,transforms_json_opengl_c2w,80,80,12,/home/m/dataset/ltm_datasets/DL3DV-ALL-480P/10K_extracted/9a8b16dee20fcf1d717e7477be947792ca5d8c00babf32c9f19e51ce0cb86834
DL3DV-ALL-480P__10K_extracted__9aaa19b7b5382820caa99bab3292c2cbc9030bdfbb500ee4773a5d1adc307770,DL3DV-ALL-480P/10K_extracted/9aaa19b7b5382820caa99bab3292c2cbc9030bdfbb500ee4773a5d1adc307770,DL3DV-ALL-480P,DL3DV-ALL-480P,nerf_transforms_images8_colmap_depth,colmap_photometric_bin,transforms_json_opengl_c2w,80,80,12,/home/m/dataset/ltm_datasets/DL3DV-ALL-480P/10K_extracted/9aaa19b7b5382820caa99bab3292c2cbc9030bdfbb500ee4773a5d1adc307770
DL3DV-ALL-480P__10K_extracted__9aae8ae4d5ad1d1fe1a568cd7fc26dcfc9c4997ca4d9ce5d01dac0da882629d7,DL3DV-ALL-480P/10K_extracted/9aae8ae4d5ad1d1fe1a568cd7fc26dcfc9c4997ca4d9ce5d01dac0da882629d7,DL3DV-ALL-480P,DL3DV-ALL-480P,nerf_transforms_images8_colmap_depth,colmap_photometric_bin,transforms_json_opengl_c2w,80,80,12,/home/m/dataset/ltm_datasets/DL3DV-ALL-480P/10K_extracted/9aae8ae4d5ad1d1fe1a568cd7fc26dcfc9c4997ca4d9ce5d01dac0da882629d7
DL3DV-ALL-480P__10K_extracted__9abd688c45eec10b33202851ac8cb602f7980aa88ef3455eb10f83ad93d8e815,DL3DV-ALL-480P/10K_extracted/9abd688c45eec10b33202851ac8cb602f7980aa88ef3455eb10f83ad93d8e815,DL3DV-ALL-480P,DL3DV-ALL-480P,nerf_transforms_images8_colmap_depth,colmap_photometric_bin,transforms_json_opengl_c2w,80,80,12,/home/m/dataset/ltm_datasets/DL3DV-ALL-480P/10K_extracted/9abd688c45eec10b33202851ac8cb602f7980aa88ef3455eb10f83ad93d8e815
DL3DV-ALL-480P__10K_extracted__9ae77b6e1c060ffc021e2c8e72299a49851d53f70f2813f9c3f69e2b8ce8bffd,DL3DV-ALL-480P/10K_extracted/9ae77b6e1c060ffc021e2c8e72299a49851d53f70f2813f9c3f69e2b8ce8bffd,DL3DV-ALL-480P,DL3DV-ALL-480P,nerf_transforms_images8_colmap_depth,colmap_photometric_bin,transforms_json_opengl_c2w,80,80,12,/home/m/dataset/ltm_datasets/DL3DV-ALL-480P/10K_extracted/9ae77b6e1c060ffc021e2c8e72299a49851d53f70f2813f9c3f69e2b8ce8bffd
DL3DV-ALL-480P__10K_extracted__9ae82cb27e35a9dbb807483d563d6fdb743390efced6be250d73123f3e58fae8,DL3DV-ALL-480P/10K_extracted/9ae82cb27e35a9dbb807483d563d6fdb743390efced6be250d73123f3e58fae8,DL3DV-ALL-480P,DL3DV-ALL-480P,nerf_transforms_images8_colmap_depth,colmap_photometric_bin,transforms_json_opengl_c2w,80,80,12,/home/m/dataset/ltm_datasets/DL3DV-ALL-480P/10K_extracted/9ae82cb27e35a9dbb807483d563d6fdb743390efced6be250d73123f3e58fae8
DL3DV-ALL-480P__10K_extracted__9aecb53581ecf1e7eda93a6e904c236e9398673d0ec461fa43faee019456e4d4,DL3DV-ALL-480P/10K_extracted/9aecb53581ecf1e7eda93a6e904c236e9398673d0ec461fa43faee019456e4d4,DL3DV-ALL-480P,DL3DV-ALL-480P,nerf_transforms_images8_colmap_depth,colmap_photometric_bin,transforms_json_opengl_c2w,80,80,12,/home/m/dataset/ltm_datasets/DL3DV-ALL-480P/10K_extracted/9aecb53581ecf1e7eda93a6e904c236e9398673d0ec461fa43faee019456e4d4
DL3DV-ALL-480P__10K_extracted__9b4a2c06f68f286bfb6e51e10db3be4761d1bdb40d6bffaec5d151147553786b,DL3DV-ALL-480P/10K_extracted/9b4a2c06f68f286bfb6e51e10db3be4761d1bdb40d6bffaec5d151147553786b,DL3DV-ALL-480P,DL3DV-ALL-480P,nerf_transforms_images8_colmap_depth,colmap_photometric_bin,transforms_json_opengl_c2w,80,80,12,/home/m/dataset/ltm_datasets/DL3DV-ALL-480P/10K_extracted/9b4a2c06f68f286bfb6e51e10db3be4761d1bdb40d6bffaec5d151147553786b
DL3DV-ALL-480P__10K_extracted__9b62a777338123994375083b9d48b2cf704801ac61fd42635b44999af79cf537,DL3DV-ALL-480P/10K_extracted/9b62a777338123994375083b9d48b2cf704801ac61fd42635b44999af79cf537,DL3DV-ALL-480P,DL3DV-ALL-480P,nerf_transforms_images8_colmap_depth,colmap_photometric_bin,transforms_json_opengl_c2w,80,80,12,/home/m/dataset/ltm_datasets/DL3DV-ALL-480P/10K_extracted/9b62a777338123994375083b9d48b2cf704801ac61fd42635b44999af79cf537
DL3DV-ALL-480P__10K_extracted__9b62ee3f52f362039601de514dade5956a3b5276199f6496e9f909e5d5cf188f,DL3DV-ALL-480P/10K_extracted/9b62ee3f52f362039601de514dade5956a3b5276199f6496e9f909e5d5cf188f,DL3DV-ALL-480P,DL3DV-ALL-480P,nerf_transforms_images8_colmap_depth,colmap_photometric_bin,transforms_json_opengl_c2w,80,80,12,/home/m/dataset/ltm_datasets/DL3DV-ALL-480P/10K_extracted/9b62ee3f52f362039601de514dade5956a3b5276199f6496e9f909e5d5cf188f
DL3DV-ALL-480P__10K_extracted__9b9050cb9ee1054e5d04d07297c29394dd12a67b32555e80aca8d14a69decb5c,DL3DV-ALL-480P/10K_extracted/9b9050cb9ee1054e5d04d07297c29394dd12a67b32555e80aca8d14a69decb5c,DL3DV-ALL-480P,DL3DV-ALL-480P,nerf_transforms_images8_colmap_depth,colmap_photometric_bin,transforms_json_opengl_c2w,80,80,12,/home/m/dataset/ltm_datasets/DL3DV-ALL-480P/10K_extracted/9b9050cb9ee1054e5d04d07297c29394dd12a67b32555e80aca8d14a69decb5c
DL3DV-ALL-480P__10K_extracted__9b9df4b397b899fb75c26beeea4633c3581d32914dc5df55e6a2c72ea8146ece,DL3DV-ALL-480P/10K_extracted/9b9df4b397b899fb75c26beeea4633c3581d32914dc5df55e6a2c72ea8146ece,DL3DV-ALL-480P,DL3DV-ALL-480P,nerf_transforms_images8_colmap_depth,colmap_photometric_bin,transforms_json_opengl_c2w,80,80,12,/home/m/dataset/ltm_datasets/DL3DV-ALL-480P/10K_extracted/9b9df4b397b899fb75c26beeea4633c3581d32914dc5df55e6a2c72ea8146ece
DL3DV-ALL-480P__10K_extracted__9ba50e63bcd036100552ca389b8733b479b29715b2b7f452c0cfe0e22dc54546,DL3DV-ALL-480P/10K_extracted/9ba50e63bcd036100552ca389b8733b479b29715b2b7f452c0cfe0e22dc54546,DL3DV-ALL-480P,DL3DV-ALL-480P,nerf_transforms_images8_colmap_depth,colmap_photometric_bin,transforms_json_opengl_c2w,80,80,12,/home/m/dataset/ltm_datasets/DL3DV-ALL-480P/10K_extracted/9ba50e63bcd036100552ca389b8733b479b29715b2b7f452c0cfe0e22dc54546
DL3DV-ALL-480P__10K_extracted__9baf95572a945a9b447ec7caf2b6654f231813895cac47107a506113796ddd94,DL3DV-ALL-480P/10K_extracted/9baf95572a945a9b447ec7caf2b6654f231813895cac47107a506113796ddd94,DL3DV-ALL-480P,DL3DV-ALL-480P,nerf_transforms_images8_colmap_depth,colmap_photometric_bin,transforms_json_opengl_c2w,80,80,12,/home/m/dataset/ltm_datasets/DL3DV-ALL-480P/10K_extracted/9baf95572a945a9b447ec7caf2b6654f231813895cac47107a506113796ddd94
DL3DV-ALL-480P__10K_extracted__9bc417f83d2d1ee01dc5ef0b12dfc9be5ad6f62b500b5399d758cda43d7e4484,DL3DV-ALL-480P/10K_extracted/9bc417f83d2d1ee01dc5ef0b12dfc9be5ad6f62b500b5399d758cda43d7e4484,DL3DV-ALL-480P,DL3DV-ALL-480P,nerf_transforms_images8_colmap_depth,colmap_photometric_bin,transforms_json_opengl_c2w,80,80,12,/home/m/dataset/ltm_datasets/DL3DV-ALL-480P/10K_extracted/9bc417f83d2d1ee01dc5ef0b12dfc9be5ad6f62b500b5399d758cda43d7e4484
DL3DV-ALL-480P__10K_extracted__9c141498c817249315734c6fbe9c3d598cd122cfe677cd98ff8469e76153a748,DL3DV-ALL-480P/10K_extracted/9c141498c817249315734c6fbe9c3d598cd122cfe677cd98ff8469e76153a748,DL3DV-ALL-480P,DL3DV-ALL-480P,nerf_transforms_images8_colmap_depth,colmap_photometric_bin,transforms_json_opengl_c2w,80,80,12,/home/m/dataset/ltm_datasets/DL3DV-ALL-480P/10K_extracted/9c141498c817249315734c6fbe9c3d598cd122cfe677cd98ff8469e76153a748
DL3DV-ALL-480P__10K_extracted__9c1be42eb11f7fbd9f233c29ea52718fcce3a3a8e8c8ee44a292b273cc81d5e5,DL3DV-ALL-480P/10K_extracted/9c1be42eb11f7fbd9f233c29ea52718fcce3a3a8e8c8ee44a292b273cc81d5e5,DL3DV-ALL-480P,DL3DV-ALL-480P,nerf_transforms_images8_colmap_depth,colmap_photometric_bin,transforms_json_opengl_c2w,80,80,12,/home/m/dataset/ltm_datasets/DL3DV-ALL-480P/10K_extracted/9c1be42eb11f7fbd9f233c29ea52718fcce3a3a8e8c8ee44a292b273cc81d5e5
DL3DV-ALL-480P__10K_extracted__9c8c0e0fadd97abf60088f667eba058ef077a71a8c0f5a4eff2782aa97f1ceb8,DL3DV-ALL-480P/10K_extracted/9c8c0e0fadd97abf60088f667eba058ef077a71a8c0f5a4eff2782aa97f1ceb8,DL3DV-ALL-480P,DL3DV-ALL-480P,nerf_transforms_images8_colmap_depth,colmap_photometric_bin,transforms_json_opengl_c2w,80,80,12,/home/m/dataset/ltm_datasets/DL3DV-ALL-480P/10K_extracted/9c8c0e0fadd97abf60088f667eba058ef077a71a8c0f5a4eff2782aa97f1ceb8
DL3DV-ALL-480P__10K_extracted__9cd0d977bcfd4c134793fce751eb71b80fabf63064642c0ffc8e6d01bae98095,DL3DV-ALL-480P/10K_extracted/9cd0d977bcfd4c134793fce751eb71b80fabf63064642c0ffc8e6d01bae98095,DL3DV-ALL-480P,DL3DV-ALL-480P,nerf_transforms_images8_colmap_depth,colmap_photometric_bin,transforms_json_opengl_c2w,80,80,12,/home/m/dataset/ltm_datasets/DL3DV-ALL-480P/10K_extracted/9cd0d977bcfd4c134793fce751eb71b80fabf63064642c0ffc8e6d01bae98095
DL3DV-ALL-480P__10K_extracted__9cd1493527b5a9eae415fe1649828c014c6f40ab1f480315ea0239a3d0b765e9,DL3DV-ALL-480P/10K_extracted/9cd1493527b5a9eae415fe1649828c014c6f40ab1f480315ea0239a3d0b765e9,DL3DV-ALL-480P,DL3DV-ALL-480P,nerf_transforms_images8_colmap_depth,colmap_photometric_bin,transforms_json_opengl_c2w,80,80,12,/home/m/dataset/ltm_datasets/DL3DV-ALL-480P/10K_extracted/9cd1493527b5a9eae415fe1649828c014c6f40ab1f480315ea0239a3d0b765e9
DL3DV-ALL-480P__10K_extracted__9d19e3bebc99c459997aab0306f03e9d3ac9ba8528edb25b2ac8f0694e604e82,DL3DV-ALL-480P/10K_extracted/9d19e3bebc99c459997aab0306f03e9d3ac9ba8528edb25b2ac8f0694e604e82,DL3DV-ALL-480P,DL3DV-ALL-480P,nerf_transforms_images8_colmap_depth,colmap_photometric_bin,transforms_json_opengl_c2w,80,80,12,/home/m/dataset/ltm_datasets/DL3DV-ALL-480P/10K_extracted/9d19e3bebc99c459997aab0306f03e9d3ac9ba8528edb25b2ac8f0694e604e82
DL3DV-ALL-480P__10K_extracted__9d323754bcbb4f036f5611eb760462542c3ef0527ec8d4a808adf691b0c53ea0,DL3DV-ALL-480P/10K_extracted/9d323754bcbb4f036f5611eb760462542c3ef0527ec8d4a808adf691b0c53ea0,DL3DV-ALL-480P,DL3DV-ALL-480P,nerf_transforms_images8_colmap_depth,colmap_photometric_bin,transforms_json_opengl_c2w,80,80,12,/home/m/dataset/ltm_datasets/DL3DV-ALL-480P/10K_extracted/9d323754bcbb4f036f5611eb760462542c3ef0527ec8d4a808adf691b0c53ea0
DL3DV-ALL-480P__10K_extracted__9d44d654aa3af6ddeb22edf952455626478c3851fbfbdedc63adcea0f8bea44c,DL3DV-ALL-480P/10K_extracted/9d44d654aa3af6ddeb22edf952455626478c3851fbfbdedc63adcea0f8bea44c,DL3DV-ALL-480P,DL3DV-ALL-480P,nerf_transforms_images8_colmap_depth,colmap_photometric_bin,transforms_json_opengl_c2w,80,80,12,/home/m/dataset/ltm_datasets/DL3DV-ALL-480P/10K_extracted/9d44d654aa3af6ddeb22edf952455626478c3851fbfbdedc63adcea0f8bea44c
DL3DV-ALL-480P__10K_extracted__9d4e6ce5dc227f7f2eff88b7ecca48191191e9ecc974a933110dcbe7eaf31a5e,DL3DV-ALL-480P/10K_extracted/9d4e6ce5dc227f7f2eff88b7ecca48191191e9ecc974a933110dcbe7eaf31a5e,DL3DV-ALL-480P,DL3DV-ALL-480P,nerf_transforms_images8_colmap_depth,colmap_photometric_bin,transforms_json_opengl_c2w,80,80,12,/home/m/dataset/ltm_datasets/DL3DV-ALL-480P/10K_extracted/9d4e6ce5dc227f7f2eff88b7ecca48191191e9ecc974a933110dcbe7eaf31a5e
DL3DV-ALL-480P__10K_extracted__9d54ee2753b0e45a3f455a7711bf855687c5d6dccfef463247f613f82192c789,DL3DV-ALL-480P/10K_extracted/9d54ee2753b0e45a3f455a7711bf855687c5d6dccfef463247f613f82192c789,DL3DV-ALL-480P,DL3DV-ALL-480P,nerf_transforms_images8_colmap_depth,colmap_photometric_bin,transforms_json_opengl_c2w,80,80,12,/home/m/dataset/ltm_datasets/DL3DV-ALL-480P/10K_extracted/9d54ee2753b0e45a3f455a7711bf855687c5d6dccfef463247f613f82192c789
DL3DV-ALL-480P__10K_extracted__9d7624e2feaf1d77a7471f4a68b59362e1c35552aaf554a163c3ad23a804d7c2,DL3DV-ALL-480P/10K_extracted/9d7624e2feaf1d77a7471f4a68b59362e1c35552aaf554a163c3ad23a804d7c2,DL3DV-ALL-480P,DL3DV-ALL-480P,nerf_transforms_images8_colmap_depth,colmap_photometric_bin,transforms_json_opengl_c2w,80,80,12,/home/m/dataset/ltm_datasets/DL3DV-ALL-480P/10K_extracted/9d7624e2feaf1d77a7471f4a68b59362e1c35552aaf554a163c3ad23a804d7c2
DL3DV-ALL-480P__10K_extracted__9d778b9cbda919c5452c3af5ad3004eb290c75d2c3af5aabb36e5c5d9665f8d4,DL3DV-ALL-480P/10K_extracted/9d778b9cbda919c5452c3af5ad3004eb290c75d2c3af5aabb36e5c5d9665f8d4,DL3DV-ALL-480P,DL3DV-ALL-480P,nerf_transforms_images8_colmap_depth,colmap_photometric_bin,transforms_json_opengl_c2w,80,80,12,/home/m/dataset/ltm_datasets/DL3DV-ALL-480P/10K_extracted/9d778b9cbda919c5452c3af5ad3004eb290c75d2c3af5aabb36e5c5d9665f8d4
DL3DV-ALL-480P__10K_extracted__9ddc3b01af8b13600fa8f4c3fd9d37d6deb25a84a773545d2c8b3d68ec50590a,DL3DV-ALL-480P/10K_extracted/9ddc3b01af8b13600fa8f4c3fd9d37d6deb25a84a773545d2c8b3d68ec50590a,DL3DV-ALL-480P,DL3DV-ALL-480P,nerf_transforms_images8_colmap_depth,colmap_photometric_bin,transforms_json_opengl_c2w,80,80,12,/home/m/dataset/ltm_datasets/DL3DV-ALL-480P/10K_extracted/9ddc3b01af8b13600fa8f4c3fd9d37d6deb25a84a773545d2c8b3d68ec50590a
DL3DV-ALL-480P__10K_extracted__9e45b8f1628703bb3061719df9fff6baa70971c779abe3ebf58fc7130921625d,DL3DV-ALL-480P/10K_extracted/9e45b8f1628703bb3061719df9fff6baa70971c779abe3ebf58fc7130921625d,DL3DV-ALL-480P,DL3DV-ALL-480P,nerf_transforms_images8_colmap_depth,colmap_photometric_bin,transforms_json_opengl_c2w,80,80,12,/home/m/dataset/ltm_datasets/DL3DV-ALL-480P/10K_extracted/9e45b8f1628703bb3061719df9fff6baa70971c779abe3ebf58fc7130921625d
DL3DV-ALL-480P__10K_extracted__9e7a4d73f72909ea688ddc71cfbb8232f18a341544d6aa595dc85df85f5ecc51,DL3DV-ALL-480P/10K_extracted/9e7a4d73f72909ea688ddc71cfbb8232f18a341544d6aa595dc85df85f5ecc51,DL3DV-ALL-480P,DL3DV-ALL-480P,nerf_transforms_images8_colmap_depth,colmap_photometric_bin,transforms_json_opengl_c2w,80,80,12,/home/m/dataset/ltm_datasets/DL3DV-ALL-480P/10K_extracted/9e7a4d73f72909ea688ddc71cfbb8232f18a341544d6aa595dc85df85f5ecc51
DL3DV-ALL-480P__10K_extracted__9eb0f6c5d8267dc2cc8a32cde02becfb1a3e18525f84f52e99b3e6c3fbabccb4,DL3DV-ALL-480P/10K_extracted/9eb0f6c5d8267dc2cc8a32cde02becfb1a3e18525f84f52e99b3e6c3fbabccb4,DL3DV-ALL-480P,DL3DV-ALL-480P,nerf_transforms_images8_colmap_depth,colmap_photometric_bin,transforms_json_opengl_c2w,80,80,12,/home/m/dataset/ltm_datasets/DL3DV-ALL-480P/10K_extracted/9eb0f6c5d8267dc2cc8a32cde02becfb1a3e18525f84f52e99b3e6c3fbabccb4
DL3DV-ALL-480P__10K_extracted__9eb66d4e96f459163ca31858c24036eca15d66658c3903c353c69918703ea891,DL3DV-ALL-480P/10K_extracted/9eb66d4e96f459163ca31858c24036eca15d66658c3903c353c69918703ea891,DL3DV-ALL-480P,DL3DV-ALL-480P,nerf_transforms_images8_colmap_depth,colmap_photometric_bin,transforms_json_opengl_c2w,80,80,12,/home/m/dataset/ltm_datasets/DL3DV-ALL-480P/10K_extracted/9eb66d4e96f459163ca31858c24036eca15d66658c3903c353c69918703ea891
DL3DV-ALL-480P__10K_extracted__9efdc6856cfdc73d14b141327876847b93f46bc00c10f652eb09fcef919caf20,DL3DV-ALL-480P/10K_extracted/9efdc6856cfdc73d14b141327876847b93f46bc00c10f652eb09fcef919caf20,DL3DV-ALL-480P,DL3DV-ALL-480P,nerf_transforms_images8_colmap_depth,colmap_photometric_bin,transforms_json_opengl_c2w,80,80,12,/home/m/dataset/ltm_datasets/DL3DV-ALL-480P/10K_extracted/9efdc6856cfdc73d14b141327876847b93f46bc00c10f652eb09fcef919caf20
DL3DV-ALL-480P__10K_extracted__9efeef19130e667f2252ef6bfb1301efbaa492fde9fd8e46c03d0e1f8dc3e775,DL3DV-ALL-480P/10K_extracted/9efeef19130e667f2252ef6bfb1301efbaa492fde9fd8e46c03d0e1f8dc3e775,DL3DV-ALL-480P,DL3DV-ALL-480P,nerf_transforms_images8_colmap_depth,colmap_photometric_bin,transforms_json_opengl_c2w,80,80,12,/home/m/dataset/ltm_datasets/DL3DV-ALL-480P/10K_extracted/9efeef19130e667f2252ef6bfb1301efbaa492fde9fd8e46c03d0e1f8dc3e775
DL3DV-ALL-480P__10K_extracted__9f22411a24af03ae95dc0be0cf796bbba7a84fc4b0cb169a7a4d3b70fde4bbbf,DL3DV-ALL-480P/10K_extracted/9f22411a24af03ae95dc0be0cf796bbba7a84fc4b0cb169a7a4d3b70fde4bbbf,DL3DV-ALL-480P,DL3DV-ALL-480P,nerf_transforms_images8_colmap_depth,colmap_photometric_bin,transforms_json_opengl_c2w,80,80,12,/home/m/dataset/ltm_datasets/DL3DV-ALL-480P/10K_extracted/9f22411a24af03ae95dc0be0cf796bbba7a84fc4b0cb169a7a4d3b70fde4bbbf
DL3DV-ALL-480P__10K_extracted__9f36659117da4b976a832a5eaf8b96350834d87fc4acea73131b178ed17cb644,DL3DV-ALL-480P/10K_extracted/9f36659117da4b976a832a5eaf8b96350834d87fc4acea73131b178ed17cb644,DL3DV-ALL-480P,DL3DV-ALL-480P,nerf_transforms_images8_colmap_depth,colmap_photometric_bin,transforms_json_opengl_c2w,80,80,12,/home/m/dataset/ltm_datasets/DL3DV-ALL-480P/10K_extracted/9f36659117da4b976a832a5eaf8b96350834d87fc4acea73131b178ed17cb644
DL3DV-ALL-480P__10K_extracted__9f39447fac7f78397eb81398428da3dbeb0a344981548a7ffb27710155980519,DL3DV-ALL-480P/10K_extracted/9f39447fac7f78397eb81398428da3dbeb0a344981548a7ffb27710155980519,DL3DV-ALL-480P,DL3DV-ALL-480P,nerf_transforms_images8_colmap_depth,colmap_photometric_bin,transforms_json_opengl_c2w,80,80,12,/home/m/dataset/ltm_datasets/DL3DV-ALL-480P/10K_extracted/9f39447fac7f78397eb81398428da3dbeb0a344981548a7ffb27710155980519
DL3DV-ALL-480P__10K_extracted__9f45cbdc44e8f47b81fe81d887a4f0c3b52e8fecaa48a19cea89e673e205886c,DL3DV-ALL-480P/10K_extracted/9f45cbdc44e8f47b81fe81d887a4f0c3b52e8fecaa48a19cea89e673e205886c,DL3DV-ALL-480P,DL3DV-ALL-480P,nerf_transforms_images8_colmap_depth,colmap_photometric_bin,transforms_json_opengl_c2w,80,80,12,/home/m/dataset/ltm_datasets/DL3DV-ALL-480P/10K_extracted/9f45cbdc44e8f47b81fe81d887a4f0c3b52e8fecaa48a19cea89e673e205886c
DL3DV-ALL-480P__10K_extracted__9f9d6b571fde9bfb25a7c18c7b200de240da17a49b5c6e0eca4fbe04b054528d,DL3DV-ALL-480P/10K_extracted/9f9d6b571fde9bfb25a7c18c7b200de240da17a49b5c6e0eca4fbe04b054528d,DL3DV-ALL-480P,DL3DV-ALL-480P,nerf_transforms_images8_colmap_depth,colmap_photometric_bin,transforms_json_opengl_c2w,80,80,12,/home/m/dataset/ltm_datasets/DL3DV-ALL-480P/10K_extracted/9f9d6b571fde9bfb25a7c18c7b200de240da17a49b5c6e0eca4fbe04b054528d
DL3DV-ALL-480P__10K_extracted__a00f4adc15f83b6c982ce811faaa23d3cad273f65142b65d566b1efc57b552a3,DL3DV-ALL-480P/10K_extracted/a00f4adc15f83b6c982ce811faaa23d3cad273f65142b65d566b1efc57b552a3,DL3DV-ALL-480P,DL3DV-ALL-480P,nerf_transforms_images8_colmap_depth,colmap_photometric_bin,transforms_json_opengl_c2w,80,80,12,/home/m/dataset/ltm_datasets/DL3DV-ALL-480P/10K_extracted/a00f4adc15f83b6c982ce811faaa23d3cad273f65142b65d566b1efc57b552a3
DL3DV-ALL-480P__10K_extracted__a01682b2c3a7207ff327e68172a0e216737bccc7f6abceb25529e6783f319126,DL3DV-ALL-480P/10K_extracted/a01682b2c3a7207ff327e68172a0e216737bccc7f6abceb25529e6783f319126,DL3DV-ALL-480P,DL3DV-ALL-480P,nerf_transforms_images8_colmap_depth,colmap_photometric_bin,transforms_json_opengl_c2w,80,80,12,/home/m/dataset/ltm_datasets/DL3DV-ALL-480P/10K_extracted/a01682b2c3a7207ff327e68172a0e216737bccc7f6abceb25529e6783f319126
DL3DV-ALL-480P__10K_extracted__a01eb1f8e2f88f9650ccc4f484a5a1d546f0e8450e8d9a2aaa57099437ea88e4,DL3DV-ALL-480P/10K_extracted/a01eb1f8e2f88f9650ccc4f484a5a1d546f0e8450e8d9a2aaa57099437ea88e4,DL3DV-ALL-480P,DL3DV-ALL-480P,nerf_transforms_images8_colmap_depth,colmap_photometric_bin,transforms_json_opengl_c2w,80,80,12,/home/m/dataset/ltm_datasets/DL3DV-ALL-480P/10K_extracted/a01eb1f8e2f88f9650ccc4f484a5a1d546f0e8450e8d9a2aaa57099437ea88e4
DL3DV-ALL-480P__10K_extracted__a028032591613bb57523ab5c5160071fab52b6dce0a2bb1fb4f00187f255cfb7,DL3DV-ALL-480P/10K_extracted/a028032591613bb57523ab5c5160071fab52b6dce0a2bb1fb4f00187f255cfb7,DL3DV-ALL-480P,DL3DV-ALL-480P,nerf_transforms_images8_colmap_depth,colmap_photometric_bin,transforms_json_opengl_c2w,80,80,12,/home/m/dataset/ltm_datasets/DL3DV-ALL-480P/10K_extracted/a028032591613bb57523ab5c5160071fab52b6dce0a2bb1fb4f00187f255cfb7
DL3DV-ALL-480P__10K_extracted__a03fe47020ceff96830e6c159b601e876530e861adcd023f9eeb9d61fe3f29cc,DL3DV-ALL-480P/10K_extracted/a03fe47020ceff96830e6c159b601e876530e861adcd023f9eeb9d61fe3f29cc,DL3DV-ALL-480P,DL3DV-ALL-480P,nerf_transforms_images8_colmap_depth,colmap_photometric_bin,transforms_json_opengl_c2w,80,80,12,/home/m/dataset/ltm_datasets/DL3DV-ALL-480P/10K_extracted/a03fe47020ceff96830e6c159b601e876530e861adcd023f9eeb9d61fe3f29cc
DL3DV-ALL-480P__10K_extracted__a0cbd6007edf8ab9e3be52bc956be84a40fded6329d41cb598a5b7c926ee516d,DL3DV-ALL-480P/10K_extracted/a0cbd6007edf8ab9e3be52bc956be84a40fded6329d41cb598a5b7c926ee516d,DL3DV-ALL-480P,DL3DV-ALL-480P,nerf_transforms_images8_colmap_depth,colmap_photometric_bin,transforms_json_opengl_c2w,80,80,12,/home/m/dataset/ltm_datasets/DL3DV-ALL-480P/10K_extracted/a0cbd6007edf8ab9e3be52bc956be84a40fded6329d41cb598a5b7c926ee516d
DL3DV-ALL-480P__10K_extracted__a0f10906e14de4ec9a68a289f00099e0d9088ec97a8e39bb6dd79069423fcf59,DL3DV-ALL-480P/10K_extracted/a0f10906e14de4ec9a68a289f00099e0d9088ec97a8e39bb6dd79069423fcf59,DL3DV-ALL-480P,DL3DV-ALL-480P,nerf_transforms_images8_colmap_depth,colmap_photometric_bin,transforms_json_opengl_c2w,80,80,12,/home/m/dataset/ltm_datasets/DL3DV-ALL-480P/10K_extracted/a0f10906e14de4ec9a68a289f00099e0d9088ec97a8e39bb6dd79069423fcf59
DL3DV-ALL-480P__10K_extracted__a1684a04b999e3efe0fbc6acd111b39c4ca00cf39a6d1c251c3ecde60275021c,DL3DV-ALL-480P/10K_extracted/a1684a04b999e3efe0fbc6acd111b39c4ca00cf39a6d1c251c3ecde60275021c,DL3DV-ALL-480P,DL3DV-ALL-480P,nerf_transforms_images8_colmap_depth,colmap_photometric_bin,transforms_json_opengl_c2w,80,80,12,/home/m/dataset/ltm_datasets/DL3DV-ALL-480P/10K_extracted/a1684a04b999e3efe0fbc6acd111b39c4ca00cf39a6d1c251c3ecde60275021c
DL3DV-ALL-480P__10K_extracted__a17251eb99cd79a2b213bbf418d45378c04218e00c343ec0079f731ff9fa1418,DL3DV-ALL-480P/10K_extracted/a17251eb99cd79a2b213bbf418d45378c04218e00c343ec0079f731ff9fa1418,DL3DV-ALL-480P,DL3DV-ALL-480P,nerf_transforms_images8_colmap_depth,colmap_photometric_bin,transforms_json_opengl_c2w,80,80,12,/home/m/dataset/ltm_datasets/DL3DV-ALL-480P/10K_extracted/a17251eb99cd79a2b213bbf418d45378c04218e00c343ec0079f731ff9fa1418
DL3DV-ALL-480P__10K_extracted__a1bde4a423d61449936ce04fa7053cc10c71078646a565178c3cd50ba5e1c8f6,DL3DV-ALL-480P/10K_extracted/a1bde4a423d61449936ce04fa7053cc10c71078646a565178c3cd50ba5e1c8f6,DL3DV-ALL-480P,DL3DV-ALL-480P,nerf_transforms_images8_colmap_depth,colmap_photometric_bin,transforms_json_opengl_c2w,80,80,12,/home/m/dataset/ltm_datasets/DL3DV-ALL-480P/10K_extracted/a1bde4a423d61449936ce04fa7053cc10c71078646a565178c3cd50ba5e1c8f6
DL3DV-ALL-480P__10K_extracted__a1beb1d59bdb4b53c5f8ba47ee2c96d1dbbc06e81ca04aed7487ab09a4f74093,DL3DV-ALL-480P/10K_extracted/a1beb1d59bdb4b53c5f8ba47ee2c96d1dbbc06e81ca04aed7487ab09a4f74093,DL3DV-ALL-480P,DL3DV-ALL-480P,nerf_transforms_images8_colmap_depth,colmap_photometric_bin,transforms_json_opengl_c2w,80,80,12,/home/m/dataset/ltm_datasets/DL3DV-ALL-480P/10K_extracted/a1beb1d59bdb4b53c5f8ba47ee2c96d1dbbc06e81ca04aed7487ab09a4f74093
DL3DV-ALL-480P__10K_extracted__a1cc9c4104072fad0840edc87da434acfc9d7e973bcd08a83082854962bbe505,DL3DV-ALL-480P/10K_extracted/a1cc9c4104072fad0840edc87da434acfc9d7e973bcd08a83082854962bbe505,DL3DV-ALL-480P,DL3DV-ALL-480P,nerf_transforms_images8_colmap_depth,colmap_photometric_bin,transforms_json_opengl_c2w,80,80,12,/home/m/dataset/ltm_datasets/DL3DV-ALL-480P/10K_extracted/a1cc9c4104072fad0840edc87da434acfc9d7e973bcd08a83082854962bbe505
DL3DV-ALL-480P__10K_extracted__a1f9293b2e091ca0955345435c9d8cfae9f12e159945e1c3e932998aea3478c1,DL3DV-ALL-480P/10K_extracted/a1f9293b2e091ca0955345435c9d8cfae9f12e159945e1c3e932998aea3478c1,DL3DV-ALL-480P,DL3DV-ALL-480P,nerf_transforms_images8_colmap_depth,colmap_photometric_bin,transforms_json_opengl_c2w,80,80,12,/home/m/dataset/ltm_datasets/DL3DV-ALL-480P/10K_extracted/a1f9293b2e091ca0955345435c9d8cfae9f12e159945e1c3e932998aea3478c1
DL3DV-ALL-480P__10K_extracted__a23ca8a76d35cd0178505f38ea66601cb5a7bab13becd93b90ac66c66e207e04,DL3DV-ALL-480P/10K_extracted/a23ca8a76d35cd0178505f38ea66601cb5a7bab13becd93b90ac66c66e207e04,DL3DV-ALL-480P,DL3DV-ALL-480P,nerf_transforms_images8_colmap_depth,colmap_photometric_bin,transforms_json_opengl_c2w,80,80,12,/home/m/dataset/ltm_datasets/DL3DV-ALL-480P/10K_extracted/a23ca8a76d35cd0178505f38ea66601cb5a7bab13becd93b90ac66c66e207e04
DL3DV-ALL-480P__10K_extracted__a244f2efa895f8a6f97798980d5b547fbab33349ef9774e789e0f807d87749bf,DL3DV-ALL-480P/10K_extracted/a244f2efa895f8a6f97798980d5b547fbab33349ef9774e789e0f807d87749bf,DL3DV-ALL-480P,DL3DV-ALL-480P,nerf_transforms_images8_colmap_depth,colmap_photometric_bin,transforms_json_opengl_c2w,80,80,12,/home/m/dataset/ltm_datasets/DL3DV-ALL-480P/10K_extracted/a244f2efa895f8a6f97798980d5b547fbab33349ef9774e789e0f807d87749bf
DL3DV-ALL-480P__10K_extracted__a274cdb96e66d412797d44a7c5e33ee07fb84353b0db170b382a50ec0c19855f,DL3DV-ALL-480P/10K_extracted/a274cdb96e66d412797d44a7c5e33ee07fb84353b0db170b382a50ec0c19855f,DL3DV-ALL-480P,DL3DV-ALL-480P,nerf_transforms_images8_colmap_depth,colmap_photometric_bin,transforms_json_opengl_c2w,80,80,12,/home/m/dataset/ltm_datasets/DL3DV-ALL-480P/10K_extracted/a274cdb96e66d412797d44a7c5e33ee07fb84353b0db170b382a50ec0c19855f
DL3DV-ALL-480P__10K_extracted__a2ebaaf9a08afb5bf11732827a0209690ed7cdee8ece9263f390deef2923bffe,DL3DV-ALL-480P/10K_extracted/a2ebaaf9a08afb5bf11732827a0209690ed7cdee8ece9263f390deef2923bffe,DL3DV-ALL-480P,DL3DV-ALL-480P,nerf_transforms_images8_colmap_depth,colmap_photometric_bin,transforms_json_opengl_c2w,80,80,12,/home/m/dataset/ltm_datasets/DL3DV-ALL-480P/10K_extracted/a2ebaaf9a08afb5bf11732827a0209690ed7cdee8ece9263f390deef2923bffe
DL3DV-ALL-480P__10K_extracted__a2ef07de915f271b18debb19f8a4a523136374b9537f8f5379f9305945add7bc,DL3DV-ALL-480P/10K_extracted/a2ef07de915f271b18debb19f8a4a523136374b9537f8f5379f9305945add7bc,DL3DV-ALL-480P,DL3DV-ALL-480P,nerf_transforms_images8_colmap_depth,colmap_photometric_bin,transforms_json_opengl_c2w,80,80,12,/home/m/dataset/ltm_datasets/DL3DV-ALL-480P/10K_extracted/a2ef07de915f271b18debb19f8a4a523136374b9537f8f5379f9305945add7bc
DL3DV-ALL-480P__10K_extracted__a2f6015126a14fc8a4a27d1d4bc58a472eb0c62841e9e6479f262bc3ba840ccb,DL3DV-ALL-480P/10K_extracted/a2f6015126a14fc8a4a27d1d4bc58a472eb0c62841e9e6479f262bc3ba840ccb,DL3DV-ALL-480P,DL3DV-ALL-480P,nerf_transforms_images8_colmap_depth,colmap_photometric_bin,transforms_json_opengl_c2w,80,80,12,/home/m/dataset/ltm_datasets/DL3DV-ALL-480P/10K_extracted/a2f6015126a14fc8a4a27d1d4bc58a472eb0c62841e9e6479f262bc3ba840ccb
DL3DV-ALL-480P__10K_extracted__a2ff43318ac51b73facd443a7fbbc700cd46a28e9ab0a4c7c118b1146226540c,DL3DV-ALL-480P/10K_extracted/a2ff43318ac51b73facd443a7fbbc700cd46a28e9ab0a4c7c118b1146226540c,DL3DV-ALL-480P,DL3DV-ALL-480P,nerf_transforms_images8_colmap_depth,colmap_photometric_bin,transforms_json_opengl_c2w,80,80,12,/home/m/dataset/ltm_datasets/DL3DV-ALL-480P/10K_extracted/a2ff43318ac51b73facd443a7fbbc700cd46a28e9ab0a4c7c118b1146226540c
DL3DV-ALL-480P__10K_extracted__a3172899c70869cf24df34dee93731367e561206161dccef0c1af7e74a1ad688,DL3DV-ALL-480P/10K_extracted/a3172899c70869cf24df34dee93731367e561206161dccef0c1af7e74a1ad688,DL3DV-ALL-480P,DL3DV-ALL-480P,nerf_transforms_images8_colmap_depth,colmap_photometric_bin,transforms_json_opengl_c2w,80,80,12,/home/m/dataset/ltm_datasets/DL3DV-ALL-480P/10K_extracted/a3172899c70869cf24df34dee93731367e561206161dccef0c1af7e74a1ad688
DL3DV-ALL-480P__10K_extracted__a381f9ca8400b9cbd0bb7ab2b999185fae3bbf24ad6c45a0f0728f4f9c2ecb49,DL3DV-ALL-480P/10K_extracted/a381f9ca8400b9cbd0bb7ab2b999185fae3bbf24ad6c45a0f0728f4f9c2ecb49,DL3DV-ALL-480P,DL3DV-ALL-480P,nerf_transforms_images8_colmap_depth,colmap_photometric_bin,transforms_json_opengl_c2w,80,80,12,/home/m/dataset/ltm_datasets/DL3DV-ALL-480P/10K_extracted/a381f9ca8400b9cbd0bb7ab2b999185fae3bbf24ad6c45a0f0728f4f9c2ecb49
DL3DV-ALL-480P__10K_extracted__a412e1fe1f52cd3fbee4c8d78adc3dbd7b0e38b28a00c21fe3939ac429e91d25,DL3DV-ALL-480P/10K_extracted/a412e1fe1f52cd3fbee4c8d78adc3dbd7b0e38b28a00c21fe3939ac429e91d25,DL3DV-ALL-480P,DL3DV-ALL-480P,nerf_transforms_images8_colmap_depth,colmap_photometric_bin,transforms_json_opengl_c2w,80,80,12,/home/m/dataset/ltm_datasets/DL3DV-ALL-480P/10K_extracted/a412e1fe1f52cd3fbee4c8d78adc3dbd7b0e38b28a00c21fe3939ac429e91d25
DL3DV-ALL-480P__10K_extracted__a42b0f542c291cfb51bbddb143d0f4f45237e86876bd942c1b2c0b3e79e6ea83,DL3DV-ALL-480P/10K_extracted/a42b0f542c291cfb51bbddb143d0f4f45237e86876bd942c1b2c0b3e79e6ea83,DL3DV-ALL-480P,DL3DV-ALL-480P,nerf_transforms_images8_colmap_depth,colmap_photometric_bin,transforms_json_opengl_c2w,80,80,12,/home/m/dataset/ltm_datasets/DL3DV-ALL-480P/10K_extracted/a42b0f542c291cfb51bbddb143d0f4f45237e86876bd942c1b2c0b3e79e6ea83
DL3DV-ALL-480P__10K_extracted__a47407e5b03b37847e34ec959a45962c3fd472e42d892b6f282e9b859925870e,DL3DV-ALL-480P/10K_extracted/a47407e5b03b37847e34ec959a45962c3fd472e42d892b6f282e9b859925870e,DL3DV-ALL-480P,DL3DV-ALL-480P,nerf_transforms_images8_colmap_depth,colmap_photometric_bin,transforms_json_opengl_c2w,80,80,12,/home/m/dataset/ltm_datasets/DL3DV-ALL-480P/10K_extracted/a47407e5b03b37847e34ec959a45962c3fd472e42d892b6f282e9b859925870e
DL3DV-ALL-480P__10K_extracted__a48925bc8ab540cb8c3875177f6c472077278235d5d8a64b8fd0a6f953347fff,DL3DV-ALL-480P/10K_extracted/a48925bc8ab540cb8c3875177f6c472077278235d5d8a64b8fd0a6f953347fff,DL3DV-ALL-480P,DL3DV-ALL-480P,nerf_transforms_images8_colmap_depth,colmap_photometric_bin,transforms_json_opengl_c2w,80,80,12,/home/m/dataset/ltm_datasets/DL3DV-ALL-480P/10K_extracted/a48925bc8ab540cb8c3875177f6c472077278235d5d8a64b8fd0a6f953347fff
DL3DV-ALL-480P__10K_extracted__a53ef204e1cdbe20f76a1694f724ddb1fa1085c8f95c5c2105a486b5bd51a153,DL3DV-ALL-480P/10K_extracted/a53ef204e1cdbe20f76a1694f724ddb1fa1085c8f95c5c2105a486b5bd51a153,DL3DV-ALL-480P,DL3DV-ALL-480P,nerf_transforms_images8_colmap_depth,colmap_photometric_bin,transforms_json_opengl_c2w,80,80,12,/home/m/dataset/ltm_datasets/DL3DV-ALL-480P/10K_extracted/a53ef204e1cdbe20f76a1694f724ddb1fa1085c8f95c5c2105a486b5bd51a153
DL3DV-ALL-480P__10K_extracted__a545c628150da4adc3880e36b5f10a1b7104a47e2bb54992c8dd4e15d88180f9,DL3DV-ALL-480P/10K_extracted/a545c628150da4adc3880e36b5f10a1b7104a47e2bb54992c8dd4e15d88180f9,DL3DV-ALL-480P,DL3DV-ALL-480P,nerf_transforms_images8_colmap_depth,colmap_photometric_bin,transforms_json_opengl_c2w,80,80,12,/home/m/dataset/ltm_datasets/DL3DV-ALL-480P/10K_extracted/a545c628150da4adc3880e36b5f10a1b7104a47e2bb54992c8dd4e15d88180f9
DL3DV-ALL-480P__10K_extracted__a583f411b3708f488e7037d730016c0d07828adda2d417d2252e672bf88a3866,DL3DV-ALL-480P/10K_extracted/a583f411b3708f488e7037d730016c0d07828adda2d417d2252e672bf88a3866,DL3DV-ALL-480P,DL3DV-ALL-480P,nerf_transforms_images8_colmap_depth,colmap_photometric_bin,transforms_json_opengl_c2w,80,80,12,/home/m/dataset/ltm_datasets/DL3DV-ALL-480P/10K_extracted/a583f411b3708f488e7037d730016c0d07828adda2d417d2252e672bf88a3866
DL3DV-ALL-480P__10K_extracted__a5b3aea49eb71d49766dc4d20fd9f6f6fe6ebec3753ce571762cc1bd8f40fbb3,DL3DV-ALL-480P/10K_extracted/a5b3aea49eb71d49766dc4d20fd9f6f6fe6ebec3753ce571762cc1bd8f40fbb3,DL3DV-ALL-480P,DL3DV-ALL-480P,nerf_transforms_images8_colmap_depth,colmap_photometric_bin,transforms_json_opengl_c2w,80,80,12,/home/m/dataset/ltm_datasets/DL3DV-ALL-480P/10K_extracted/a5b3aea49eb71d49766dc4d20fd9f6f6fe6ebec3753ce571762cc1bd8f40fbb3
DL3DV-ALL-480P__10K_extracted__a6016a5649874d41c28f6ef3d2c0ab5b99c05e1cc61ba5bf71848e80cac4227c,DL3DV-ALL-480P/10K_extracted/a6016a5649874d41c28f6ef3d2c0ab5b99c05e1cc61ba5bf71848e80cac4227c,DL3DV-ALL-480P,DL3DV-ALL-480P,nerf_transforms_images8_colmap_depth,colmap_photometric_bin,transforms_json_opengl_c2w,80,80,12,/home/m/dataset/ltm_datasets/DL3DV-ALL-480P/10K_extracted/a6016a5649874d41c28f6ef3d2c0ab5b99c05e1cc61ba5bf71848e80cac4227c
DL3DV-ALL-480P__10K_extracted__a602e1418d1697b23050078e1a4bb5b62be2eb6a74c4976d948465311559bf5b,DL3DV-ALL-480P/10K_extracted/a602e1418d1697b23050078e1a4bb5b62be2eb6a74c4976d948465311559bf5b,DL3DV-ALL-480P,DL3DV-ALL-480P,nerf_transforms_images8_colmap_depth,colmap_photometric_bin,transforms_json_opengl_c2w,80,80,12,/home/m/dataset/ltm_datasets/DL3DV-ALL-480P/10K_extracted/a602e1418d1697b23050078e1a4bb5b62be2eb6a74c4976d948465311559bf5b
DL3DV-ALL-480P__10K_extracted__a613cfb09b426c344f0fbe4f04a1aa18ec53db92d5985e6d61d3d4307f5b3ca4,DL3DV-ALL-480P/10K_extracted/a613cfb09b426c344f0fbe4f04a1aa18ec53db92d5985e6d61d3d4307f5b3ca4,DL3DV-ALL-480P,DL3DV-ALL-480P,nerf_transforms_images8_colmap_depth,colmap_photometric_bin,transforms_json_opengl_c2w,80,80,12,/home/m/dataset/ltm_datasets/DL3DV-ALL-480P/10K_extracted/a613cfb09b426c344f0fbe4f04a1aa18ec53db92d5985e6d61d3d4307f5b3ca4
DL3DV-ALL-480P__10K_extracted__a69ab060143245725aefaba72d9d27d7765f12ced62f55af5a30342a83c35b2a,DL3DV-ALL-480P/10K_extracted/a69ab060143245725aefaba72d9d27d7765f12ced62f55af5a30342a83c35b2a,DL3DV-ALL-480P,DL3DV-ALL-480P,nerf_transforms_images8_colmap_depth,colmap_photometric_bin,transforms_json_opengl_c2w,80,80,12,/home/m/dataset/ltm_datasets/DL3DV-ALL-480P/10K_extracted/a69ab060143245725aefaba72d9d27d7765f12ced62f55af5a30342a83c35b2a
DL3DV-ALL-480P__10K_extracted__a6b7f1259c678e7b119bd52ae78656d5e77491ef060778ad61ff03e718e82f24,DL3DV-ALL-480P/10K_extracted/a6b7f1259c678e7b119bd52ae78656d5e77491ef060778ad61ff03e718e82f24,DL3DV-ALL-480P,DL3DV-ALL-480P,nerf_transforms_images8_colmap_depth,colmap_photometric_bin,transforms_json_opengl_c2w,80,80,12,/home/m/dataset/ltm_datasets/DL3DV-ALL-480P/10K_extracted/a6b7f1259c678e7b119bd52ae78656d5e77491ef060778ad61ff03e718e82f24
DL3DV-ALL-480P__10K_extracted__a6c3d1408437e10b523bf77f07519896c17ad65260ba245ad42c236b1e5feecc,DL3DV-ALL-480P/10K_extracted/a6c3d1408437e10b523bf77f07519896c17ad65260ba245ad42c236b1e5feecc,DL3DV-ALL-480P,DL3DV-ALL-480P,nerf_transforms_images8_colmap_depth,colmap_photometric_bin,transforms_json_opengl_c2w,80,80,12,/home/m/dataset/ltm_datasets/DL3DV-ALL-480P/10K_extracted/a6c3d1408437e10b523bf77f07519896c17ad65260ba245ad42c236b1e5feecc
DL3DV-ALL-480P__10K_extracted__a734c924f8bad10cf673a00ee6ac5ff4e54897e2b41842d8ab4bc9189ecbe0f1,DL3DV-ALL-480P/10K_extracted/a734c924f8bad10cf673a00ee6ac5ff4e54897e2b41842d8ab4bc9189ecbe0f1,DL3DV-ALL-480P,DL3DV-ALL-480P,nerf_transforms_images8_colmap_depth,colmap_photometric_bin,transforms_json_opengl_c2w,80,80,12,/home/m/dataset/ltm_datasets/DL3DV-ALL-480P/10K_extracted/a734c924f8bad10cf673a00ee6ac5ff4e54897e2b41842d8ab4bc9189ecbe0f1
DL3DV-ALL-480P__10K_extracted__a750134923b8a7dea3c23b44ffd4b0351a27a664f025a6d324b003c04d4e171f,DL3DV-ALL-480P/10K_extracted/a750134923b8a7dea3c23b44ffd4b0351a27a664f025a6d324b003c04d4e171f,DL3DV-ALL-480P,DL3DV-ALL-480P,nerf_transforms_images8_colmap_depth,colmap_photometric_bin,transforms_json_opengl_c2w,80,80,12,/home/m/dataset/ltm_datasets/DL3DV-ALL-480P/10K_extracted/a750134923b8a7dea3c23b44ffd4b0351a27a664f025a6d324b003c04d4e171f
DL3DV-ALL-480P__10K_extracted__a7698c071bbb18d27551d1d6c1852b0e3baa7357727edbb78dfe76dc9f02af80,DL3DV-ALL-480P/10K_extracted/a7698c071bbb18d27551d1d6c1852b0e3baa7357727edbb78dfe76dc9f02af80,DL3DV-ALL-480P,DL3DV-ALL-480P,nerf_transforms_images8_colmap_depth,colmap_photometric_bin,transforms_json_opengl_c2w,80,80,12,/home/m/dataset/ltm_datasets/DL3DV-ALL-480P/10K_extracted/a7698c071bbb18d27551d1d6c1852b0e3baa7357727edbb78dfe76dc9f02af80
DL3DV-ALL-480P__10K_extracted__a77b36c59848fd00dd56bb9ff7631f29bc1d7a6db4fbe687fd28434b5c5faa50,DL3DV-ALL-480P/10K_extracted/a77b36c59848fd00dd56bb9ff7631f29bc1d7a6db4fbe687fd28434b5c5faa50,DL3DV-ALL-480P,DL3DV-ALL-480P,nerf_transforms_images8_colmap_depth,colmap_photometric_bin,transforms_json_opengl_c2w,80,80,12,/home/m/dataset/ltm_datasets/DL3DV-ALL-480P/10K_extracted/a77b36c59848fd00dd56bb9ff7631f29bc1d7a6db4fbe687fd28434b5c5faa50
DL3DV-ALL-480P__10K_extracted__a79a53e3dfdf60ccae888869bb5993270747dd9cdcfa1e59a063ee860dc4624c,DL3DV-ALL-480P/10K_extracted/a79a53e3dfdf60ccae888869bb5993270747dd9cdcfa1e59a063ee860dc4624c,DL3DV-ALL-480P,DL3DV-ALL-480P,nerf_transforms_images8_colmap_depth,colmap_photometric_bin,transforms_json_opengl_c2w,80,80,12,/home/m/dataset/ltm_datasets/DL3DV-ALL-480P/10K_extracted/a79a53e3dfdf60ccae888869bb5993270747dd9cdcfa1e59a063ee860dc4624c
DL3DV-ALL-480P__10K_extracted__a81d111bd6ccbf36276db910e7baa2ea1a24cc985d344a37cd3526a6b1b1393a,DL3DV-ALL-480P/10K_extracted/a81d111bd6ccbf36276db910e7baa2ea1a24cc985d344a37cd3526a6b1b1393a,DL3DV-ALL-480P,DL3DV-ALL-480P,nerf_transforms_images8_colmap_depth,colmap_photometric_bin,transforms_json_opengl_c2w,80,80,12,/home/m/dataset/ltm_datasets/DL3DV-ALL-480P/10K_extracted/a81d111bd6ccbf36276db910e7baa2ea1a24cc985d344a37cd3526a6b1b1393a
DL3DV-ALL-480P__10K_extracted__a82da99d2e81b8e0cee8f20ff6defe88d1b5d872c93d150c86aab20c476b345d,DL3DV-ALL-480P/10K_extracted/a82da99d2e81b8e0cee8f20ff6defe88d1b5d872c93d150c86aab20c476b345d,DL3DV-ALL-480P,DL3DV-ALL-480P,nerf_transforms_images8_colmap_depth,colmap_photometric_bin,transforms_json_opengl_c2w,80,80,12,/home/m/dataset/ltm_datasets/DL3DV-ALL-480P/10K_extracted/a82da99d2e81b8e0cee8f20ff6defe88d1b5d872c93d150c86aab20c476b345d
DL3DV-ALL-480P__10K_extracted__a833e74ab82f57ed5511bba545ecc6fd222b32484efc6016b6f48f246847e5e5,DL3DV-ALL-480P/10K_extracted/a833e74ab82f57ed5511bba545ecc6fd222b32484efc6016b6f48f246847e5e5,DL3DV-ALL-480P,DL3DV-ALL-480P,nerf_transforms_images8_colmap_depth,colmap_photometric_bin,transforms_json_opengl_c2w,80,80,12,/home/m/dataset/ltm_datasets/DL3DV-ALL-480P/10K_extracted/a833e74ab82f57ed5511bba545ecc6fd222b32484efc6016b6f48f246847e5e5
DL3DV-ALL-480P__10K_extracted__a84f72e0c8dfe98bea12c502d56ca4affb3d520f0166400a9f26d365ff0ca989,DL3DV-ALL-480P/10K_extracted/a84f72e0c8dfe98bea12c502d56ca4affb3d520f0166400a9f26d365ff0ca989,DL3DV-ALL-480P,DL3DV-ALL-480P,nerf_transforms_images8_colmap_depth,colmap_photometric_bin,transforms_json_opengl_c2w,80,80,12,/home/m/dataset/ltm_datasets/DL3DV-ALL-480P/10K_extracted/a84f72e0c8dfe98bea12c502d56ca4affb3d520f0166400a9f26d365ff0ca989
DL3DV-ALL-480P__10K_extracted__a88962aee5eb7dfd0ff07270d0380cea783a59eb1b88923215ce64f90e115f04,DL3DV-ALL-480P/10K_extracted/a88962aee5eb7dfd0ff07270d0380cea783a59eb1b88923215ce64f90e115f04,DL3DV-ALL-480P,DL3DV-ALL-480P,nerf_transforms_images8_colmap_depth,colmap_photometric_bin,transforms_json_opengl_c2w,80,80,12,/home/m/dataset/ltm_datasets/DL3DV-ALL-480P/10K_extracted/a88962aee5eb7dfd0ff07270d0380cea783a59eb1b88923215ce64f90e115f04
DL3DV-ALL-480P__10K_extracted__a8a3f33cff42071087e9ecc7c223ffd8bf1061c3f67544041eeea3dba7b36bc4,DL3DV-ALL-480P/10K_extracted/a8a3f33cff42071087e9ecc7c223ffd8bf1061c3f67544041eeea3dba7b36bc4,DL3DV-ALL-480P,DL3DV-ALL-480P,nerf_transforms_images8_colmap_depth,colmap_photometric_bin,transforms_json_opengl_c2w,80,80,12,/home/m/dataset/ltm_datasets/DL3DV-ALL-480P/10K_extracted/a8a3f33cff42071087e9ecc7c223ffd8bf1061c3f67544041eeea3dba7b36bc4
DL3DV-ALL-480P__10K_extracted__a8a77dfd87b01b2376cb77869692ab432bd83f4ca8bb735742c25d9bef2670fa,DL3DV-ALL-480P/10K_extracted/a8a77dfd87b01b2376cb77869692ab432bd83f4ca8bb735742c25d9bef2670fa,DL3DV-ALL-480P,DL3DV-ALL-480P,nerf_transforms_images8_colmap_depth,colmap_photometric_bin,transforms_json_opengl_c2w,80,80,12,/home/m/dataset/ltm_datasets/DL3DV-ALL-480P/10K_extracted/a8a77dfd87b01b2376cb77869692ab432bd83f4ca8bb735742c25d9bef2670fa
DL3DV-ALL-480P__10K_extracted__a8bb155bab889d8b0a2f62977dfbe3388ea2226849f42e809522f97d9893688b,DL3DV-ALL-480P/10K_extracted/a8bb155bab889d8b0a2f62977dfbe3388ea2226849f42e809522f97d9893688b,DL3DV-ALL-480P,DL3DV-ALL-480P,nerf_transforms_images8_colmap_depth,colmap_photometric_bin,transforms_json_opengl_c2w,80,80,12,/home/m/dataset/ltm_datasets/DL3DV-ALL-480P/10K_extracted/a8bb155bab889d8b0a2f62977dfbe3388ea2226849f42e809522f97d9893688b
DL3DV-ALL-480P__10K_extracted__a8c6eebc7bf0ee4d6fb7170281ef698711083bbf13de16062a4f0c6c056f02d9,DL3DV-ALL-480P/10K_extracted/a8c6eebc7bf0ee4d6fb7170281ef698711083bbf13de16062a4f0c6c056f02d9,DL3DV-ALL-480P,DL3DV-ALL-480P,nerf_transforms_images8_colmap_depth,colmap_photometric_bin,transforms_json_opengl_c2w,80,80,12,/home/m/dataset/ltm_datasets/DL3DV-ALL-480P/10K_extracted/a8c6eebc7bf0ee4d6fb7170281ef698711083bbf13de16062a4f0c6c056f02d9
DL3DV-ALL-480P__10K_extracted__a8d25e809e379cfc2b7c84eeac63debbc78b0127657cdf029e2ec47bb7220554,DL3DV-ALL-480P/10K_extracted/a8d25e809e379cfc2b7c84eeac63debbc78b0127657cdf029e2ec47bb7220554,DL3DV-ALL-480P,DL3DV-ALL-480P,nerf_transforms_images8_colmap_depth,colmap_photometric_bin,transforms_json_opengl_c2w,80,80,12,/home/m/dataset/ltm_datasets/DL3DV-ALL-480P/10K_extracted/a8d25e809e379cfc2b7c84eeac63debbc78b0127657cdf029e2ec47bb7220554
DL3DV-ALL-480P__10K_extracted__a8d33e1e25c81ac072bd1d810738bbff5dab494bb3c8a45010dc7e537e9354e7,DL3DV-ALL-480P/10K_extracted/a8d33e1e25c81ac072bd1d810738bbff5dab494bb3c8a45010dc7e537e9354e7,DL3DV-ALL-480P,DL3DV-ALL-480P,nerf_transforms_images8_colmap_depth,colmap_photometric_bin,transforms_json_opengl_c2w,80,80,12,/home/m/dataset/ltm_datasets/DL3DV-ALL-480P/10K_extracted/a8d33e1e25c81ac072bd1d810738bbff5dab494bb3c8a45010dc7e537e9354e7
DL3DV-ALL-480P__10K_extracted__a8d8254abe24175357dffb0717616b961b820006fbfe03b4db798520b0c810e0,DL3DV-ALL-480P/10K_extracted/a8d8254abe24175357dffb0717616b961b820006fbfe03b4db798520b0c810e0,DL3DV-ALL-480P,DL3DV-ALL-480P,nerf_transforms_images8_colmap_depth,colmap_photometric_bin,transforms_json_opengl_c2w,80,80,12,/home/m/dataset/ltm_datasets/DL3DV-ALL-480P/10K_extracted/a8d8254abe24175357dffb0717616b961b820006fbfe03b4db798520b0c810e0
DL3DV-ALL-480P__10K_extracted__a8f5ff75fd691bf3ece7f699d15b6d2721291361a531128fc8b769d1d4338eb2,DL3DV-ALL-480P/10K_extracted/a8f5ff75fd691bf3ece7f699d15b6d2721291361a531128fc8b769d1d4338eb2,DL3DV-ALL-480P,DL3DV-ALL-480P,nerf_transforms_images8_colmap_depth,colmap_photometric_bin,transforms_json_opengl_c2w,80,80,12,/home/m/dataset/ltm_datasets/DL3DV-ALL-480P/10K_extracted/a8f5ff75fd691bf3ece7f699d15b6d2721291361a531128fc8b769d1d4338eb2
DL3DV-ALL-480P__10K_extracted__a9583bfeb2125da0184286a12c0b86842f4b6e69ec2dd81a8fe3fe73621a84d7,DL3DV-ALL-480P/10K_extracted/a9583bfeb2125da0184286a12c0b86842f4b6e69ec2dd81a8fe3fe73621a84d7,DL3DV-ALL-480P,DL3DV-ALL-480P,nerf_transforms_images8_colmap_depth,colmap_photometric_bin,transforms_json_opengl_c2w,80,80,12,/home/m/dataset/ltm_datasets/DL3DV-ALL-480P/10K_extracted/a9583bfeb2125da0184286a12c0b86842f4b6e69ec2dd81a8fe3fe73621a84d7
DL3DV-ALL-480P__10K_extracted__a9a1f6ce11cc6acd660545bb6956de596701e005163fbe801a8fa1c7d40c1236,DL3DV-ALL-480P/10K_extracted/a9a1f6ce11cc6acd660545bb6956de596701e005163fbe801a8fa1c7d40c1236,DL3DV-ALL-480P,DL3DV-ALL-480P,nerf_transforms_images8_colmap_depth,colmap_photometric_bin,transforms_json_opengl_c2w,80,80,12,/home/m/dataset/ltm_datasets/DL3DV-ALL-480P/10K_extracted/a9a1f6ce11cc6acd660545bb6956de596701e005163fbe801a8fa1c7d40c1236
DL3DV-ALL-480P__10K_extracted__a9beeea77d1339f75a5a7b6b282ee315d3b92e3e373c8380dddbc29ca23a56e0,DL3DV-ALL-480P/10K_extracted/a9beeea77d1339f75a5a7b6b282ee315d3b92e3e373c8380dddbc29ca23a56e0,DL3DV-ALL-480P,DL3DV-ALL-480P,nerf_transforms_images8_colmap_depth,colmap_photometric_bin,transforms_json_opengl_c2w,80,80,12,/home/m/dataset/ltm_datasets/DL3DV-ALL-480P/10K_extracted/a9beeea77d1339f75a5a7b6b282ee315d3b92e3e373c8380dddbc29ca23a56e0
DL3DV-ALL-480P__10K_extracted__a9dd07805733d67e1d8c3b6a4f402f2a31664d4ff63b47092a70b8eff90a08d6,DL3DV-ALL-480P/10K_extracted/a9dd07805733d67e1d8c3b6a4f402f2a31664d4ff63b47092a70b8eff90a08d6,DL3DV-ALL-480P,DL3DV-ALL-480P,nerf_transforms_images8_colmap_depth,colmap_photometric_bin,transforms_json_opengl_c2w,80,80,12,/home/m/dataset/ltm_datasets/DL3DV-ALL-480P/10K_extracted/a9dd07805733d67e1d8c3b6a4f402f2a31664d4ff63b47092a70b8eff90a08d6
DL3DV-ALL-480P__10K_extracted__a9f1011595e1f906ff4fa671d760c8e80a0097e86262b80b44b48718686f31a9,DL3DV-ALL-480P/10K_extracted/a9f1011595e1f906ff4fa671d760c8e80a0097e86262b80b44b48718686f31a9,DL3DV-ALL-480P,DL3DV-ALL-480P,nerf_transforms_images8_colmap_depth,colmap_photometric_bin,transforms_json_opengl_c2w,80,80,12,/home/m/dataset/ltm_datasets/DL3DV-ALL-480P/10K_extracted/a9f1011595e1f906ff4fa671d760c8e80a0097e86262b80b44b48718686f31a9
DL3DV-ALL-480P__10K_extracted__a9f2704d5bdc14e08cbd950b2a490057c65cfb9d006f994dbaf12d15aa0f3439,DL3DV-ALL-480P/10K_extracted/a9f2704d5bdc14e08cbd950b2a490057c65cfb9d006f994dbaf12d15aa0f3439,DL3DV-ALL-480P,DL3DV-ALL-480P,nerf_transforms_images8_colmap_depth,colmap_photometric_bin,transforms_json_opengl_c2w,80,80,12,/home/m/dataset/ltm_datasets/DL3DV-ALL-480P/10K_extracted/a9f2704d5bdc14e08cbd950b2a490057c65cfb9d006f994dbaf12d15aa0f3439
DL3DV-ALL-480P__10K_extracted__a9fd4a154b08d8dbf1b873181f3221d2c5a11208ae3774c93ef5903da6a91de9,DL3DV-ALL-480P/10K_extracted/a9fd4a154b08d8dbf1b873181f3221d2c5a11208ae3774c93ef5903da6a91de9,DL3DV-ALL-480P,DL3DV-ALL-480P,nerf_transforms_images8_colmap_depth,colmap_photometric_bin,transforms_json_opengl_c2w,80,80,12,/home/m/dataset/ltm_datasets/DL3DV-ALL-480P/10K_extracted/a9fd4a154b08d8dbf1b873181f3221d2c5a11208ae3774c93ef5903da6a91de9
DL3DV-ALL-480P__10K_extracted__aa335ba4703d357bcf9b3552c450e980ebc43a8d55cbcc2c676909bdd38211bb,DL3DV-ALL-480P/10K_extracted/aa335ba4703d357bcf9b3552c450e980ebc43a8d55cbcc2c676909bdd38211bb,DL3DV-ALL-480P,DL3DV-ALL-480P,nerf_transforms_images8_colmap_depth,colmap_photometric_bin,transforms_json_opengl_c2w,80,80,12,/home/m/dataset/ltm_datasets/DL3DV-ALL-480P/10K_extracted/aa335ba4703d357bcf9b3552c450e980ebc43a8d55cbcc2c676909bdd38211bb
DL3DV-ALL-480P__10K_extracted__aa674e42bef6814c5b824f46bd5f4e03635eb8895cae1d8ccc1a7833aac80d97,DL3DV-ALL-480P/10K_extracted/aa674e42bef6814c5b824f46bd5f4e03635eb8895cae1d8ccc1a7833aac80d97,DL3DV-ALL-480P,DL3DV-ALL-480P,nerf_transforms_images8_colmap_depth,colmap_photometric_bin,transforms_json_opengl_c2w,80,80,12,/home/m/dataset/ltm_datasets/DL3DV-ALL-480P/10K_extracted/aa674e42bef6814c5b824f46bd5f4e03635eb8895cae1d8ccc1a7833aac80d97
DL3DV-ALL-480P__10K_extracted__aa910a99227fed216a76ccadcbcfd773749cc274b9f79b797940ff3f60fb65e2,DL3DV-ALL-480P/10K_extracted/aa910a99227fed216a76ccadcbcfd773749cc274b9f79b797940ff3f60fb65e2,DL3DV-ALL-480P,DL3DV-ALL-480P,nerf_transforms_images8_colmap_depth,colmap_photometric_bin,transforms_json_opengl_c2w,80,80,12,/home/m/dataset/ltm_datasets/DL3DV-ALL-480P/10K_extracted/aa910a99227fed216a76ccadcbcfd773749cc274b9f79b797940ff3f60fb65e2
DL3DV-ALL-480P__10K_extracted__aab4a14e90757639bf55f95dcca54359ad618f73a8f5526507acd0f9d9c3e408,DL3DV-ALL-480P/10K_extracted/aab4a14e90757639bf55f95dcca54359ad618f73a8f5526507acd0f9d9c3e408,DL3DV-ALL-480P,DL3DV-ALL-480P,nerf_transforms_images8_colmap_depth,colmap_photometric_bin,transforms_json_opengl_c2w,80,80,12,/home/m/dataset/ltm_datasets/DL3DV-ALL-480P/10K_extracted/aab4a14e90757639bf55f95dcca54359ad618f73a8f5526507acd0f9d9c3e408
DL3DV-ALL-480P__10K_extracted__aacd0400466c5af9454fe7a26126e0591cfa355aeb93820d81c6033a2eeee4a9,DL3DV-ALL-480P/10K_extracted/aacd0400466c5af9454fe7a26126e0591cfa355aeb93820d81c6033a2eeee4a9,DL3DV-ALL-480P,DL3DV-ALL-480P,nerf_transforms_images8_colmap_depth,colmap_photometric_bin,transforms_json_opengl_c2w,80,80,12,/home/m/dataset/ltm_datasets/DL3DV-ALL-480P/10K_extracted/aacd0400466c5af9454fe7a26126e0591cfa355aeb93820d81c6033a2eeee4a9
DL3DV-ALL-480P__10K_extracted__aad829b8d7f35533b42676318c5b8ece6a53ca30bebcc8d3001bc1342f1c1ef2,DL3DV-ALL-480P/10K_extracted/aad829b8d7f35533b42676318c5b8ece6a53ca30bebcc8d3001bc1342f1c1ef2,DL3DV-ALL-480P,DL3DV-ALL-480P,nerf_transforms_images8_colmap_depth,colmap_photometric_bin,transforms_json_opengl_c2w,80,80,12,/home/m/dataset/ltm_datasets/DL3DV-ALL-480P/10K_extracted/aad829b8d7f35533b42676318c5b8ece6a53ca30bebcc8d3001bc1342f1c1ef2
DL3DV-ALL-480P__10K_extracted__aad97ba714ecfe423c96c4856ce866ed54c44ecc08867b0dce28757f10341253,DL3DV-ALL-480P/10K_extracted/aad97ba714ecfe423c96c4856ce866ed54c44ecc08867b0dce28757f10341253,DL3DV-ALL-480P,DL3DV-ALL-480P,nerf_transforms_images8_colmap_depth,colmap_photometric_bin,transforms_json_opengl_c2w,80,80,12,/home/m/dataset/ltm_datasets/DL3DV-ALL-480P/10K_extracted/aad97ba714ecfe423c96c4856ce866ed54c44ecc08867b0dce28757f10341253
DL3DV-ALL-480P__10K_extracted__aaef04c62dfaf29ea2620e817494e44c1a63efa934523dd96a2619668a281b9f,DL3DV-ALL-480P/10K_extracted/aaef04c62dfaf29ea2620e817494e44c1a63efa934523dd96a2619668a281b9f,DL3DV-ALL-480P,DL3DV-ALL-480P,nerf_transforms_images8_colmap_depth,colmap_photometric_bin,transforms_json_opengl_c2w,80,80,12,/home/m/dataset/ltm_datasets/DL3DV-ALL-480P/10K_extracted/aaef04c62dfaf29ea2620e817494e44c1a63efa934523dd96a2619668a281b9f
DL3DV-ALL-480P__10K_extracted__aaef3e57ac78a9ec3f8753bc5a7dfea209262066bc82a730a0f7461682fff46d,DL3DV-ALL-480P/10K_extracted/aaef3e57ac78a9ec3f8753bc5a7dfea209262066bc82a730a0f7461682fff46d,DL3DV-ALL-480P,DL3DV-ALL-480P,nerf_transforms_images8_colmap_depth,colmap_photometric_bin,transforms_json_opengl_c2w,80,80,12,/home/m/dataset/ltm_datasets/DL3DV-ALL-480P/10K_extracted/aaef3e57ac78a9ec3f8753bc5a7dfea209262066bc82a730a0f7461682fff46d
DL3DV-ALL-480P__10K_extracted__ab34a75c526ca6a6a410410a1339071f0c9722d1a493bf6bde7bfcc0204d892c,DL3DV-ALL-480P/10K_extracted/ab34a75c526ca6a6a410410a1339071f0c9722d1a493bf6bde7bfcc0204d892c,DL3DV-ALL-480P,DL3DV-ALL-480P,nerf_transforms_images8_colmap_depth,colmap_photometric_bin,transforms_json_opengl_c2w,80,80,12,/home/m/dataset/ltm_datasets/DL3DV-ALL-480P/10K_extracted/ab34a75c526ca6a6a410410a1339071f0c9722d1a493bf6bde7bfcc0204d892c
DL3DV-ALL-480P__10K_extracted__ab3ec0761978fc389903402992763291142288458d8d34b6ef96c38e85345c89,DL3DV-ALL-480P/10K_extracted/ab3ec0761978fc389903402992763291142288458d8d34b6ef96c38e85345c89,DL3DV-ALL-480P,DL3DV-ALL-480P,nerf_transforms_images8_colmap_depth,colmap_photometric_bin,transforms_json_opengl_c2w,80,80,12,/home/m/dataset/ltm_datasets/DL3DV-ALL-480P/10K_extracted/ab3ec0761978fc389903402992763291142288458d8d34b6ef96c38e85345c89
DL3DV-ALL-480P__10K_extracted__ab4ae1323d587d2e3ca8e2ba95fd9be866324c476f21da89767ee07ba0c24b69,DL3DV-ALL-480P/10K_extracted/ab4ae1323d587d2e3ca8e2ba95fd9be866324c476f21da89767ee07ba0c24b69,DL3DV-ALL-480P,DL3DV-ALL-480P,nerf_transforms_images8_colmap_depth,colmap_photometric_bin,transforms_json_opengl_c2w,80,80,12,/home/m/dataset/ltm_datasets/DL3DV-ALL-480P/10K_extracted/ab4ae1323d587d2e3ca8e2ba95fd9be866324c476f21da89767ee07ba0c24b69
DL3DV-ALL-480P__10K_extracted__ab4bb01bf1cf746a2215fa32de586abe66d4da3e2a39d48e912ca81d5ef3a836,DL3DV-ALL-480P/10K_extracted/ab4bb01bf1cf746a2215fa32de586abe66d4da3e2a39d48e912ca81d5ef3a836,DL3DV-ALL-480P,DL3DV-ALL-480P,nerf_transforms_images8_colmap_depth,colmap_photometric_bin,transforms_json_opengl_c2w,80,80,12,/home/m/dataset/ltm_datasets/DL3DV-ALL-480P/10K_extracted/ab4bb01bf1cf746a2215fa32de586abe66d4da3e2a39d48e912ca81d5ef3a836
DL3DV-ALL-480P__10K_extracted__ab52f823978cb48a26d3f99f4c39ac5a27e4c2c41fbd60038d0ccfac27b6cf11,DL3DV-ALL-480P/10K_extracted/ab52f823978cb48a26d3f99f4c39ac5a27e4c2c41fbd60038d0ccfac27b6cf11,DL3DV-ALL-480P,DL3DV-ALL-480P,nerf_transforms_images8_colmap_depth,colmap_photometric_bin,transforms_json_opengl_c2w,80,80,12,/home/m/dataset/ltm_datasets/DL3DV-ALL-480P/10K_extracted/ab52f823978cb48a26d3f99f4c39ac5a27e4c2c41fbd60038d0ccfac27b6cf11
DL3DV-ALL-480P__10K_extracted__aba726141cb002fbfcb57406fad5aab25d5888e64f57c04e7373f57ced6e9236,DL3DV-ALL-480P/10K_extracted/aba726141cb002fbfcb57406fad5aab25d5888e64f57c04e7373f57ced6e9236,DL3DV-ALL-480P,DL3DV-ALL-480P,nerf_transforms_images8_colmap_depth,colmap_photometric_bin,transforms_json_opengl_c2w,80,80,12,/home/m/dataset/ltm_datasets/DL3DV-ALL-480P/10K_extracted/aba726141cb002fbfcb57406fad5aab25d5888e64f57c04e7373f57ced6e9236
DL3DV-ALL-480P__10K_extracted__abb29dd07817bf751b38ec21eade3f71ddc86bca55373637eed635f8cdb4f983,DL3DV-ALL-480P/10K_extracted/abb29dd07817bf751b38ec21eade3f71ddc86bca55373637eed635f8cdb4f983,DL3DV-ALL-480P,DL3DV-ALL-480P,nerf_transforms_images8_colmap_depth,colmap_photometric_bin,transforms_json_opengl_c2w,80,80,12,/home/m/dataset/ltm_datasets/DL3DV-ALL-480P/10K_extracted/abb29dd07817bf751b38ec21eade3f71ddc86bca55373637eed635f8cdb4f983
DL3DV-ALL-480P__10K_extracted__abc22ea8a12e61f5104489e8e0fc0dd3286d073186c3d72833ecb936bc0df9a5,DL3DV-ALL-480P/10K_extracted/abc22ea8a12e61f5104489e8e0fc0dd3286d073186c3d72833ecb936bc0df9a5,DL3DV-ALL-480P,DL3DV-ALL-480P,nerf_transforms_images8_colmap_depth,colmap_photometric_bin,transforms_json_opengl_c2w,80,80,12,/home/m/dataset/ltm_datasets/DL3DV-ALL-480P/10K_extracted/abc22ea8a12e61f5104489e8e0fc0dd3286d073186c3d72833ecb936bc0df9a5
DL3DV-ALL-480P__10K_extracted__abc861fb7ff0de140be6a8a63ca5ec5bf7f592449d63149b004a93495056c5ec,DL3DV-ALL-480P/10K_extracted/abc861fb7ff0de140be6a8a63ca5ec5bf7f592449d63149b004a93495056c5ec,DL3DV-ALL-480P,DL3DV-ALL-480P,nerf_transforms_images8_colmap_depth,colmap_photometric_bin,transforms_json_opengl_c2w,80,80,12,/home/m/dataset/ltm_datasets/DL3DV-ALL-480P/10K_extracted/abc861fb7ff0de140be6a8a63ca5ec5bf7f592449d63149b004a93495056c5ec
DL3DV-ALL-480P__10K_extracted__abd7097aa5a6e8e99471de3cefe325b48c78ad0af33df39464500dcd41987e53,DL3DV-ALL-480P/10K_extracted/abd7097aa5a6e8e99471de3cefe325b48c78ad0af33df39464500dcd41987e53,DL3DV-ALL-480P,DL3DV-ALL-480P,nerf_transforms_images8_colmap_depth,colmap_photometric_bin,transforms_json_opengl_c2w,80,80,12,/home/m/dataset/ltm_datasets/DL3DV-ALL-480P/10K_extracted/abd7097aa5a6e8e99471de3cefe325b48c78ad0af33df39464500dcd41987e53
DL3DV-ALL-480P__10K_extracted__abdfc47468c86b4a9d77dafa931ddc0dd42b935f90102e39628b3c81e2896578,DL3DV-ALL-480P/10K_extracted/abdfc47468c86b4a9d77dafa931ddc0dd42b935f90102e39628b3c81e2896578,DL3DV-ALL-480P,DL3DV-ALL-480P,nerf_transforms_images8_colmap_depth,colmap_photometric_bin,transforms_json_opengl_c2w,80,80,12,/home/m/dataset/ltm_datasets/DL3DV-ALL-480P/10K_extracted/abdfc47468c86b4a9d77dafa931ddc0dd42b935f90102e39628b3c81e2896578
DL3DV-ALL-480P__10K_extracted__ac00be3bf9cb03f7d7f3215bb56abbccd4cc958e4d26f6ca7177b6856304da95,DL3DV-ALL-480P/10K_extracted/ac00be3bf9cb03f7d7f3215bb56abbccd4cc958e4d26f6ca7177b6856304da95,DL3DV-ALL-480P,DL3DV-ALL-480P,nerf_transforms_images8_colmap_depth,colmap_photometric_bin,transforms_json_opengl_c2w,80,80,12,/home/m/dataset/ltm_datasets/DL3DV-ALL-480P/10K_extracted/ac00be3bf9cb03f7d7f3215bb56abbccd4cc958e4d26f6ca7177b6856304da95
DL3DV-ALL-480P__10K_extracted__ac1adc1b8c8be9dac7a7182db71cbd11209d650717f7d261aa752fee0ea5cafa,DL3DV-ALL-480P/10K_extracted/ac1adc1b8c8be9dac7a7182db71cbd11209d650717f7d261aa752fee0ea5cafa,DL3DV-ALL-480P,DL3DV-ALL-480P,nerf_transforms_images8_colmap_depth,colmap_photometric_bin,transforms_json_opengl_c2w,80,80,12,/home/m/dataset/ltm_datasets/DL3DV-ALL-480P/10K_extracted/ac1adc1b8c8be9dac7a7182db71cbd11209d650717f7d261aa752fee0ea5cafa
DL3DV-ALL-480P__10K_extracted__ac4b62217edf3a198a3eed575c65d4514031947ac51601b0b93ade7b5cffb9d7,DL3DV-ALL-480P/10K_extracted/ac4b62217edf3a198a3eed575c65d4514031947ac51601b0b93ade7b5cffb9d7,DL3DV-ALL-480P,DL3DV-ALL-480P,nerf_transforms_images8_colmap_depth,colmap_photometric_bin,transforms_json_opengl_c2w,80,80,12,/home/m/dataset/ltm_datasets/DL3DV-ALL-480P/10K_extracted/ac4b62217edf3a198a3eed575c65d4514031947ac51601b0b93ade7b5cffb9d7
DL3DV-ALL-480P__10K_extracted__aca63a12ffef9f6ae25f88cebb26ba6077661489e73440d0add16cfcac8723ab,DL3DV-ALL-480P/10K_extracted/aca63a12ffef9f6ae25f88cebb26ba6077661489e73440d0add16cfcac8723ab,DL3DV-ALL-480P,DL3DV-ALL-480P,nerf_transforms_images8_colmap_depth,colmap_photometric_bin,transforms_json_opengl_c2w,80,80,12,/home/m/dataset/ltm_datasets/DL3DV-ALL-480P/10K_extracted/aca63a12ffef9f6ae25f88cebb26ba6077661489e73440d0add16cfcac8723ab
DL3DV-ALL-480P__10K_extracted__aca7fe96a572dafd38a7492eb8da7e7a9fbb6b8ef278d633f6f7755011e8f635,DL3DV-ALL-480P/10K_extracted/aca7fe96a572dafd38a7492eb8da7e7a9fbb6b8ef278d633f6f7755011e8f635,DL3DV-ALL-480P,DL3DV-ALL-480P,nerf_transforms_images8_colmap_depth,colmap_photometric_bin,transforms_json_opengl_c2w,80,80,12,/home/m/dataset/ltm_datasets/DL3DV-ALL-480P/10K_extracted/aca7fe96a572dafd38a7492eb8da7e7a9fbb6b8ef278d633f6f7755011e8f635
DL3DV-ALL-480P__10K_extracted__acb6256d8ef838301999591b6ea84ff69d28e55eb06440f34863795eb0db4391,DL3DV-ALL-480P/10K_extracted/acb6256d8ef838301999591b6ea84ff69d28e55eb06440f34863795eb0db4391,DL3DV-ALL-480P,DL3DV-ALL-480P,nerf_transforms_images8_colmap_depth,colmap_photometric_bin,transforms_json_opengl_c2w,80,80,12,/home/m/dataset/ltm_datasets/DL3DV-ALL-480P/10K_extracted/acb6256d8ef838301999591b6ea84ff69d28e55eb06440f34863795eb0db4391
DL3DV-ALL-480P__10K_extracted__acbbb3864413cc90253eef4ec3a1783e787c2f9e7b157c56a5b383d3443922a8,DL3DV-ALL-480P/10K_extracted/acbbb3864413cc90253eef4ec3a1783e787c2f9e7b157c56a5b383d3443922a8,DL3DV-ALL-480P,DL3DV-ALL-480P,nerf_transforms_images8_colmap_depth,colmap_photometric_bin,transforms_json_opengl_c2w,80,80,12,/home/m/dataset/ltm_datasets/DL3DV-ALL-480P/10K_extracted/acbbb3864413cc90253eef4ec3a1783e787c2f9e7b157c56a5b383d3443922a8
DL3DV-ALL-480P__10K_extracted__acc06889cc0bc9378ad504361398fc4b16c7773710bc7607a6f6f255628eeb12,DL3DV-ALL-480P/10K_extracted/acc06889cc0bc9378ad504361398fc4b16c7773710bc7607a6f6f255628eeb12,DL3DV-ALL-480P,DL3DV-ALL-480P,nerf_transforms_images8_colmap_depth,colmap_photometric_bin,transforms_json_opengl_c2w,80,80,12,/home/m/dataset/ltm_datasets/DL3DV-ALL-480P/10K_extracted/acc06889cc0bc9378ad504361398fc4b16c7773710bc7607a6f6f255628eeb12
DL3DV-ALL-480P__10K_extracted__acc4198372b8fc265994db1a73c6ccbb463f57aa20df899f0b511a708f2285ea,DL3DV-ALL-480P/10K_extracted/acc4198372b8fc265994db1a73c6ccbb463f57aa20df899f0b511a708f2285ea,DL3DV-ALL-480P,DL3DV-ALL-480P,nerf_transforms_images8_colmap_depth,colmap_photometric_bin,transforms_json_opengl_c2w,80,80,12,/home/m/dataset/ltm_datasets/DL3DV-ALL-480P/10K_extracted/acc4198372b8fc265994db1a73c6ccbb463f57aa20df899f0b511a708f2285ea
DL3DV-ALL-480P__10K_extracted__acef52fdca26ff69eb3557a23a69bf4fa4891688f538c55fbf460330d20efd51,DL3DV-ALL-480P/10K_extracted/acef52fdca26ff69eb3557a23a69bf4fa4891688f538c55fbf460330d20efd51,DL3DV-ALL-480P,DL3DV-ALL-480P,nerf_transforms_images8_colmap_depth,colmap_photometric_bin,transforms_json_opengl_c2w,80,80,12,/home/m/dataset/ltm_datasets/DL3DV-ALL-480P/10K_extracted/acef52fdca26ff69eb3557a23a69bf4fa4891688f538c55fbf460330d20efd51
DL3DV-ALL-480P__10K_extracted__ad02a2ca08890d8a83d0a321f21eb247617a209e264734927c35262541fdc8e7,DL3DV-ALL-480P/10K_extracted/ad02a2ca08890d8a83d0a321f21eb247617a209e264734927c35262541fdc8e7,DL3DV-ALL-480P,DL3DV-ALL-480P,nerf_transforms_images8_colmap_depth,colmap_photometric_bin,transforms_json_opengl_c2w,80,80,12,/home/m/dataset/ltm_datasets/DL3DV-ALL-480P/10K_extracted/ad02a2ca08890d8a83d0a321f21eb247617a209e264734927c35262541fdc8e7
DL3DV-ALL-480P__10K_extracted__ad2f1d292305ca76316604015ceb3405218b859e0bdb235bbf5e7f4988a0f68f,DL3DV-ALL-480P/10K_extracted/ad2f1d292305ca76316604015ceb3405218b859e0bdb235bbf5e7f4988a0f68f,DL3DV-ALL-480P,DL3DV-ALL-480P,nerf_transforms_images8_colmap_depth,colmap_photometric_bin,transforms_json_opengl_c2w,80,80,12,/home/m/dataset/ltm_datasets/DL3DV-ALL-480P/10K_extracted/ad2f1d292305ca76316604015ceb3405218b859e0bdb235bbf5e7f4988a0f68f
DL3DV-ALL-480P__10K_extracted__ad395724c980c686a9467b09773c5a26c141acb4dd1c5f765a94b4b46e396f47,DL3DV-ALL-480P/10K_extracted/ad395724c980c686a9467b09773c5a26c141acb4dd1c5f765a94b4b46e396f47,DL3DV-ALL-480P,DL3DV-ALL-480P,nerf_transforms_images8_colmap_depth,colmap_photometric_bin,transforms_json_opengl_c2w,80,80,12,/home/m/dataset/ltm_datasets/DL3DV-ALL-480P/10K_extracted/ad395724c980c686a9467b09773c5a26c141acb4dd1c5f765a94b4b46e396f47
DL3DV-ALL-480P__10K_extracted__ad39abc21ca034cc81b36c2eea5b80db16f156aabb033dd0ebfe55d13e402378,DL3DV-ALL-480P/10K_extracted/ad39abc21ca034cc81b36c2eea5b80db16f156aabb033dd0ebfe55d13e402378,DL3DV-ALL-480P,DL3DV-ALL-480P,nerf_transforms_images8_colmap_depth,colmap_photometric_bin,transforms_json_opengl_c2w,80,80,12,/home/m/dataset/ltm_datasets/DL3DV-ALL-480P/10K_extracted/ad39abc21ca034cc81b36c2eea5b80db16f156aabb033dd0ebfe55d13e402378
DL3DV-ALL-480P__10K_extracted__ad76315256f4d73709990b57358ae68fdfac7612a352a0f2463e0827be196e91,DL3DV-ALL-480P/10K_extracted/ad76315256f4d73709990b57358ae68fdfac7612a352a0f2463e0827be196e91,DL3DV-ALL-480P,DL3DV-ALL-480P,nerf_transforms_images8_colmap_depth,colmap_photometric_bin,transforms_json_opengl_c2w,80,80,12,/home/m/dataset/ltm_datasets/DL3DV-ALL-480P/10K_extracted/ad76315256f4d73709990b57358ae68fdfac7612a352a0f2463e0827be196e91
DL3DV-ALL-480P__10K_extracted__ada6e38db505ada0a1d1577e677ac754e8b413fc27f34a5b8f120cbe4b8a5b70,DL3DV-ALL-480P/10K_extracted/ada6e38db505ada0a1d1577e677ac754e8b413fc27f34a5b8f120cbe4b8a5b70,DL3DV-ALL-480P,DL3DV-ALL-480P,nerf_transforms_images8_colmap_depth,colmap_photometric_bin,transforms_json_opengl_c2w,80,80,12,/home/m/dataset/ltm_datasets/DL3DV-ALL-480P/10K_extracted/ada6e38db505ada0a1d1577e677ac754e8b413fc27f34a5b8f120cbe4b8a5b70
DL3DV-ALL-480P__10K_extracted__adb36e9ea38b13614d0592ad0e5d218f47f93e252ae9f916aae953f8c2a338c7,DL3DV-ALL-480P/10K_extracted/adb36e9ea38b13614d0592ad0e5d218f47f93e252ae9f916aae953f8c2a338c7,DL3DV-ALL-480P,DL3DV-ALL-480P,nerf_transforms_images8_colmap_depth,colmap_photometric_bin,transforms_json_opengl_c2w,80,80,12,/home/m/dataset/ltm_datasets/DL3DV-ALL-480P/10K_extracted/adb36e9ea38b13614d0592ad0e5d218f47f93e252ae9f916aae953f8c2a338c7
DL3DV-ALL-480P__10K_extracted__adcd199c75befcb637031e8c3e9fa90cd2161de5f318172ca009a3df66198064,DL3DV-ALL-480P/10K_extracted/adcd199c75befcb637031e8c3e9fa90cd2161de5f318172ca009a3df66198064,DL3DV-ALL-480P,DL3DV-ALL-480P,nerf_transforms_images8_colmap_depth,colmap_photometric_bin,transforms_json_opengl_c2w,80,80,12,/home/m/dataset/ltm_datasets/DL3DV-ALL-480P/10K_extracted/adcd199c75befcb637031e8c3e9fa90cd2161de5f318172ca009a3df66198064
DL3DV-ALL-480P__10K_extracted__add6e386ec7e8527609be557593d9d9f7ac3135bd5a6eeeff043700f6b2955c4,DL3DV-ALL-480P/10K_extracted/add6e386ec7e8527609be557593d9d9f7ac3135bd5a6eeeff043700f6b2955c4,DL3DV-ALL-480P,DL3DV-ALL-480P,nerf_transforms_images8_colmap_depth,colmap_photometric_bin,transforms_json_opengl_c2w,80,80,12,/home/m/dataset/ltm_datasets/DL3DV-ALL-480P/10K_extracted/add6e386ec7e8527609be557593d9d9f7ac3135bd5a6eeeff043700f6b2955c4
DL3DV-ALL-480P__10K_extracted__ade3a4060747c07aa3cd585fc11155f54267a94b4a05cf32df21410a245cfa7d,DL3DV-ALL-480P/10K_extracted/ade3a4060747c07aa3cd585fc11155f54267a94b4a05cf32df21410a245cfa7d,DL3DV-ALL-480P,DL3DV-ALL-480P,nerf_transforms_images8_colmap_depth,colmap_photometric_bin,transforms_json_opengl_c2w,80,80,12,/home/m/dataset/ltm_datasets/DL3DV-ALL-480P/10K_extracted/ade3a4060747c07aa3cd585fc11155f54267a94b4a05cf32df21410a245cfa7d
DL3DV-ALL-480P__10K_extracted__adecab8c87c864518cc0352fe62b333cddc7204118ec9059382eb4548c32548a,DL3DV-ALL-480P/10K_extracted/adecab8c87c864518cc0352fe62b333cddc7204118ec9059382eb4548c32548a,DL3DV-ALL-480P,DL3DV-ALL-480P,nerf_transforms_images8_colmap_depth,colmap_photometric_bin,transforms_json_opengl_c2w,80,80,12,/home/m/dataset/ltm_datasets/DL3DV-ALL-480P/10K_extracted/adecab8c87c864518cc0352fe62b333cddc7204118ec9059382eb4548c32548a
DL3DV-ALL-480P__10K_extracted__adfcddefd3c0e1904c106bf888c3469513b357d2f2f85e3a465abbf6da2cd112,DL3DV-ALL-480P/10K_extracted/adfcddefd3c0e1904c106bf888c3469513b357d2f2f85e3a465abbf6da2cd112,DL3DV-ALL-480P,DL3DV-ALL-480P,nerf_transforms_images8_colmap_depth,colmap_photometric_bin,transforms_json_opengl_c2w,80,80,12,/home/m/dataset/ltm_datasets/DL3DV-ALL-480P/10K_extracted/adfcddefd3c0e1904c106bf888c3469513b357d2f2f85e3a465abbf6da2cd112
DL3DV-ALL-480P__10K_extracted__ae1c989bc6b416e5e5d0591693e83fc4062be54c3eed6fae9f8ea9d07dc4926f,DL3DV-ALL-480P/10K_extracted/ae1c989bc6b416e5e5d0591693e83fc4062be54c3eed6fae9f8ea9d07dc4926f,DL3DV-ALL-480P,DL3DV-ALL-480P,nerf_transforms_images8_colmap_depth,colmap_photometric_bin,transforms_json_opengl_c2w,80,80,12,/home/m/dataset/ltm_datasets/DL3DV-ALL-480P/10K_extracted/ae1c989bc6b416e5e5d0591693e83fc4062be54c3eed6fae9f8ea9d07dc4926f
DL3DV-ALL-480P__10K_extracted__ae8369563db5a5aa1cac3e6bfe418a6262988caf3271b3002cb95c76f9eeeeaf,DL3DV-ALL-480P/10K_extracted/ae8369563db5a5aa1cac3e6bfe418a6262988caf3271b3002cb95c76f9eeeeaf,DL3DV-ALL-480P,DL3DV-ALL-480P,nerf_transforms_images8_colmap_depth,colmap_photometric_bin,transforms_json_opengl_c2w,80,80,12,/home/m/dataset/ltm_datasets/DL3DV-ALL-480P/10K_extracted/ae8369563db5a5aa1cac3e6bfe418a6262988caf3271b3002cb95c76f9eeeeaf
DL3DV-ALL-480P__10K_extracted__ae8baff72c36f0bca035519cf6827b25314ae0febae1c5857dcd70066239ff21,DL3DV-ALL-480P/10K_extracted/ae8baff72c36f0bca035519cf6827b25314ae0febae1c5857dcd70066239ff21,DL3DV-ALL-480P,DL3DV-ALL-480P,nerf_transforms_images8_colmap_depth,colmap_photometric_bin,transforms_json_opengl_c2w,80,80,12,/home/m/dataset/ltm_datasets/DL3DV-ALL-480P/10K_extracted/ae8baff72c36f0bca035519cf6827b25314ae0febae1c5857dcd70066239ff21
DL3DV-ALL-480P__10K_extracted__aebf2425584f92447835fa62eaeace32822b6ce7957f04dc78149cac7e109542,DL3DV-ALL-480P/10K_extracted/aebf2425584f92447835fa62eaeace32822b6ce7957f04dc78149cac7e109542,DL3DV-ALL-480P,DL3DV-ALL-480P,nerf_transforms_images8_colmap_depth,colmap_photometric_bin,transforms_json_opengl_c2w,80,80,12,/home/m/dataset/ltm_datasets/DL3DV-ALL-480P/10K_extracted/aebf2425584f92447835fa62eaeace32822b6ce7957f04dc78149cac7e109542
DL3DV-ALL-480P__10K_extracted__aecffb99e1fc727683421de3f0af603161a72beacbcbd7ae021bbe336fc9341d,DL3DV-ALL-480P/10K_extracted/aecffb99e1fc727683421de3f0af603161a72beacbcbd7ae021bbe336fc9341d,DL3DV-ALL-480P,DL3DV-ALL-480P,nerf_transforms_images8_colmap_depth,colmap_photometric_bin,transforms_json_opengl_c2w,80,80,12,/home/m/dataset/ltm_datasets/DL3DV-ALL-480P/10K_extracted/aecffb99e1fc727683421de3f0af603161a72beacbcbd7ae021bbe336fc9341d
DL3DV-ALL-480P__10K_extracted__af10d40591e57faba9b528c0624f469882303d2cf36f550f38ec83e4fd08193b,DL3DV-ALL-480P/10K_extracted/af10d40591e57faba9b528c0624f469882303d2cf36f550f38ec83e4fd08193b,DL3DV-ALL-480P,DL3DV-ALL-480P,nerf_transforms_images8_colmap_depth,colmap_photometric_bin,transforms_json_opengl_c2w,80,80,12,/home/m/dataset/ltm_datasets/DL3DV-ALL-480P/10K_extracted/af10d40591e57faba9b528c0624f469882303d2cf36f550f38ec83e4fd08193b
DL3DV-ALL-480P__10K_extracted__af13cf3a95a87f28c419c408bdc88fd410635b13ab2748baccae4e12591f9bb3,DL3DV-ALL-480P/10K_extracted/af13cf3a95a87f28c419c408bdc88fd410635b13ab2748baccae4e12591f9bb3,DL3DV-ALL-480P,DL3DV-ALL-480P,nerf_transforms_images8_colmap_depth,colmap_photometric_bin,transforms_json_opengl_c2w,80,80,12,/home/m/dataset/ltm_datasets/DL3DV-ALL-480P/10K_extracted/af13cf3a95a87f28c419c408bdc88fd410635b13ab2748baccae4e12591f9bb3
DL3DV-ALL-480P__10K_extracted__af240b51fb1c3b7da3cfb6322dc8abfeef48f4b22df19596067ba4487b661551,DL3DV-ALL-480P/10K_extracted/af240b51fb1c3b7da3cfb6322dc8abfeef48f4b22df19596067ba4487b661551,DL3DV-ALL-480P,DL3DV-ALL-480P,nerf_transforms_images8_colmap_depth,colmap_photometric_bin,transforms_json_opengl_c2w,80,80,12,/home/m/dataset/ltm_datasets/DL3DV-ALL-480P/10K_extracted/af240b51fb1c3b7da3cfb6322dc8abfeef48f4b22df19596067ba4487b661551
DL3DV-ALL-480P__10K_extracted__af2d034afbb5976cd37cb908ae2bfb7023f4498c031970681666b351c0973966,DL3DV-ALL-480P/10K_extracted/af2d034afbb5976cd37cb908ae2bfb7023f4498c031970681666b351c0973966,DL3DV-ALL-480P,DL3DV-ALL-480P,nerf_transforms_images8_colmap_depth,colmap_photometric_bin,transforms_json_opengl_c2w,80,80,12,/home/m/dataset/ltm_datasets/DL3DV-ALL-480P/10K_extracted/af2d034afbb5976cd37cb908ae2bfb7023f4498c031970681666b351c0973966
DL3DV-ALL-480P__10K_extracted__af2d12bc2ed4fddce4fd86197acf866638bcdc61d2164ca3f3ca19b732615000,DL3DV-ALL-480P/10K_extracted/af2d12bc2ed4fddce4fd86197acf866638bcdc61d2164ca3f3ca19b732615000,DL3DV-ALL-480P,DL3DV-ALL-480P,nerf_transforms_images8_colmap_depth,colmap_photometric_bin,transforms_json_opengl_c2w,80,80,12,/home/m/dataset/ltm_datasets/DL3DV-ALL-480P/10K_extracted/af2d12bc2ed4fddce4fd86197acf866638bcdc61d2164ca3f3ca19b732615000
DL3DV-ALL-480P__10K_extracted__af645f082f54c231f7997c82a1f203840878f8f4d1a63502873456426ce0d9ab,DL3DV-ALL-480P/10K_extracted/af645f082f54c231f7997c82a1f203840878f8f4d1a63502873456426ce0d9ab,DL3DV-ALL-480P,DL3DV-ALL-480P,nerf_transforms_images8_colmap_depth,colmap_photometric_bin,transforms_json_opengl_c2w,80,80,12,/home/m/dataset/ltm_datasets/DL3DV-ALL-480P/10K_extracted/af645f082f54c231f7997c82a1f203840878f8f4d1a63502873456426ce0d9ab
DL3DV-ALL-480P__10K_extracted__af6a9db048bde51ae3ad6a56bdfad29ef0daf71b76636713782c32f9a6fc46ce,DL3DV-ALL-480P/10K_extracted/af6a9db048bde51ae3ad6a56bdfad29ef0daf71b76636713782c32f9a6fc46ce,DL3DV-ALL-480P,DL3DV-ALL-480P,nerf_transforms_images8_colmap_depth,colmap_photometric_bin,transforms_json_opengl_c2w,80,80,12,/home/m/dataset/ltm_datasets/DL3DV-ALL-480P/10K_extracted/af6a9db048bde51ae3ad6a56bdfad29ef0daf71b76636713782c32f9a6fc46ce
DL3DV-ALL-480P__10K_extracted__afa11da3eaa1c7995585646411c54a9fffd57222280883aec85a2a604dbc7e3f,DL3DV-ALL-480P/10K_extracted/afa11da3eaa1c7995585646411c54a9fffd57222280883aec85a2a604dbc7e3f,DL3DV-ALL-480P,DL3DV-ALL-480P,nerf_transforms_images8_colmap_depth,colmap_photometric_bin,transforms_json_opengl_c2w,80,80,12,/home/m/dataset/ltm_datasets/DL3DV-ALL-480P/10K_extracted/afa11da3eaa1c7995585646411c54a9fffd57222280883aec85a2a604dbc7e3f
DL3DV-ALL-480P__10K_extracted__afa7f8d8722fdc39f719b6daa8c1371a22c193165e5d4b4299b1cc9ea45c582c,DL3DV-ALL-480P/10K_extracted/afa7f8d8722fdc39f719b6daa8c1371a22c193165e5d4b4299b1cc9ea45c582c,DL3DV-ALL-480P,DL3DV-ALL-480P,nerf_transforms_images8_colmap_depth,colmap_photometric_bin,transforms_json_opengl_c2w,80,80,12,/home/m/dataset/ltm_datasets/DL3DV-ALL-480P/10K_extracted/afa7f8d8722fdc39f719b6daa8c1371a22c193165e5d4b4299b1cc9ea45c582c
DL3DV-ALL-480P__10K_extracted__afb173bdfba936bf74c2e04220025cb3f0e7eabbce1d2104520676c38e00a140,DL3DV-ALL-480P/10K_extracted/afb173bdfba936bf74c2e04220025cb3f0e7eabbce1d2104520676c38e00a140,DL3DV-ALL-480P,DL3DV-ALL-480P,nerf_transforms_images8_colmap_depth,colmap_photometric_bin,transforms_json_opengl_c2w,80,80,12,/home/m/dataset/ltm_datasets/DL3DV-ALL-480P/10K_extracted/afb173bdfba936bf74c2e04220025cb3f0e7eabbce1d2104520676c38e00a140
DL3DV-ALL-480P__10K_extracted__afb4ddd7c0dc8ff08ea89915e41d7aaa01a3b0b3870e2c93e1ec6856e04344ee,DL3DV-ALL-480P/10K_extracted/afb4ddd7c0dc8ff08ea89915e41d7aaa01a3b0b3870e2c93e1ec6856e04344ee,DL3DV-ALL-480P,DL3DV-ALL-480P,nerf_transforms_images8_colmap_depth,colmap_photometric_bin,transforms_json_opengl_c2w,80,80,12,/home/m/dataset/ltm_datasets/DL3DV-ALL-480P/10K_extracted/afb4ddd7c0dc8ff08ea89915e41d7aaa01a3b0b3870e2c93e1ec6856e04344ee
DL3DV-ALL-480P__10K_extracted__afbec3d971449c96e3b927feb7da5b2d9112e4ed268ddcd80cdd8c32b960bee0,DL3DV-ALL-480P/10K_extracted/afbec3d971449c96e3b927feb7da5b2d9112e4ed268ddcd80cdd8c32b960bee0,DL3DV-ALL-480P,DL3DV-ALL-480P,nerf_transforms_images8_colmap_depth,colmap_photometric_bin,transforms_json_opengl_c2w,80,80,12,/home/m/dataset/ltm_datasets/DL3DV-ALL-480P/10K_extracted/afbec3d971449c96e3b927feb7da5b2d9112e4ed268ddcd80cdd8c32b960bee0
DL3DV-ALL-480P__10K_extracted__b0308ef4d7878dd627c4c796d3cb53e9644bd0625f557dfd296f21bfd6444020,DL3DV-ALL-480P/10K_extracted/b0308ef4d7878dd627c4c796d3cb53e9644bd0625f557dfd296f21bfd6444020,DL3DV-ALL-480P,DL3DV-ALL-480P,nerf_transforms_images8_colmap_depth,colmap_photometric_bin,transforms_json_opengl_c2w,80,80,12,/home/m/dataset/ltm_datasets/DL3DV-ALL-480P/10K_extracted/b0308ef4d7878dd627c4c796d3cb53e9644bd0625f557dfd296f21bfd6444020
DL3DV-ALL-480P__10K_extracted__b040259c1a5b12a1bef5ded7d40249dd9531fd4221c2f38be4909333da2f3869,DL3DV-ALL-480P/10K_extracted/b040259c1a5b12a1bef5ded7d40249dd9531fd4221c2f38be4909333da2f3869,DL3DV-ALL-480P,DL3DV-ALL-480P,nerf_transforms_images8_colmap_depth,colmap_photometric_bin,transforms_json_opengl_c2w,80,80,12,/home/m/dataset/ltm_datasets/DL3DV-ALL-480P/10K_extracted/b040259c1a5b12a1bef5ded7d40249dd9531fd4221c2f38be4909333da2f3869
DL3DV-ALL-480P__10K_extracted__b0e30a4068c16e32df5a83134a952bcdd4942fcd315013ddf33524ac981034f4,DL3DV-ALL-480P/10K_extracted/b0e30a4068c16e32df5a83134a952bcdd4942fcd315013ddf33524ac981034f4,DL3DV-ALL-480P,DL3DV-ALL-480P,nerf_transforms_images8_colmap_depth,colmap_photometric_bin,transforms_json_opengl_c2w,80,80,12,/home/m/dataset/ltm_datasets/DL3DV-ALL-480P/10K_extracted/b0e30a4068c16e32df5a83134a952bcdd4942fcd315013ddf33524ac981034f4
DL3DV-ALL-480P__10K_extracted__b11438b6861a8bb0e1b9a81dce955ee75f368ed53ef75cc4c9f90959cd5b33ab,DL3DV-ALL-480P/10K_extracted/b11438b6861a8bb0e1b9a81dce955ee75f368ed53ef75cc4c9f90959cd5b33ab,DL3DV-ALL-480P,DL3DV-ALL-480P,nerf_transforms_images8_colmap_depth,colmap_photometric_bin,transforms_json_opengl_c2w,80,80,12,/home/m/dataset/ltm_datasets/DL3DV-ALL-480P/10K_extracted/b11438b6861a8bb0e1b9a81dce955ee75f368ed53ef75cc4c9f90959cd5b33ab
DL3DV-ALL-480P__10K_extracted__b137b3ebefd2c69cf21b63dc9a2cd860d237bb021e2fbe78096b7192d03e2c89,DL3DV-ALL-480P/10K_extracted/b137b3ebefd2c69cf21b63dc9a2cd860d237bb021e2fbe78096b7192d03e2c89,DL3DV-ALL-480P,DL3DV-ALL-480P,nerf_transforms_images8_colmap_depth,colmap_photometric_bin,transforms_json_opengl_c2w,80,80,12,/home/m/dataset/ltm_datasets/DL3DV-ALL-480P/10K_extracted/b137b3ebefd2c69cf21b63dc9a2cd860d237bb021e2fbe78096b7192d03e2c89
DL3DV-ALL-480P__10K_extracted__b1c146f89680c18047487879a7c1e8ea6f04ee51fa6c882b041f7e83087e3315,DL3DV-ALL-480P/10K_extracted/b1c146f89680c18047487879a7c1e8ea6f04ee51fa6c882b041f7e83087e3315,DL3DV-ALL-480P,DL3DV-ALL-480P,nerf_transforms_images8_colmap_depth,colmap_photometric_bin,transforms_json_opengl_c2w,80,80,12,/home/m/dataset/ltm_datasets/DL3DV-ALL-480P/10K_extracted/b1c146f89680c18047487879a7c1e8ea6f04ee51fa6c882b041f7e83087e3315
DL3DV-ALL-480P__10K_extracted__b1e8edb0c8ac0982de0d8094927908cf6bb097b3e0604821944947710bbedd12,DL3DV-ALL-480P/10K_extracted/b1e8edb0c8ac0982de0d8094927908cf6bb097b3e0604821944947710bbedd12,DL3DV-ALL-480P,DL3DV-ALL-480P,nerf_transforms_images8_colmap_depth,colmap_photometric_bin,transforms_json_opengl_c2w,80,80,12,/home/m/dataset/ltm_datasets/DL3DV-ALL-480P/10K_extracted/b1e8edb0c8ac0982de0d8094927908cf6bb097b3e0604821944947710bbedd12
DL3DV-ALL-480P__10K_extracted__b2076bc7231bac445b1a3d0015a410675a3222f25cc219e8178a62a0dd4ac63d,DL3DV-ALL-480P/10K_extracted/b2076bc7231bac445b1a3d0015a410675a3222f25cc219e8178a62a0dd4ac63d,DL3DV-ALL-480P,DL3DV-ALL-480P,nerf_transforms_images8_colmap_depth,colmap_photometric_bin,transforms_json_opengl_c2w,80,80,12,/home/m/dataset/ltm_datasets/DL3DV-ALL-480P/10K_extracted/b2076bc7231bac445b1a3d0015a410675a3222f25cc219e8178a62a0dd4ac63d
DL3DV-ALL-480P__10K_extracted__b254ff35d4593e89ffdef6933fe1416c5f2bbf6ee6e2610aec4558ea029ac8bc,DL3DV-ALL-480P/10K_extracted/b254ff35d4593e89ffdef6933fe1416c5f2bbf6ee6e2610aec4558ea029ac8bc,DL3DV-ALL-480P,DL3DV-ALL-480P,nerf_transforms_images8_colmap_depth,colmap_photometric_bin,transforms_json_opengl_c2w,80,80,12,/home/m/dataset/ltm_datasets/DL3DV-ALL-480P/10K_extracted/b254ff35d4593e89ffdef6933fe1416c5f2bbf6ee6e2610aec4558ea029ac8bc
DL3DV-ALL-480P__10K_extracted__b25d22166b6f0d71300d8371ba4bf606c828b7d692f4f5cb8461eb36ed9a663f,DL3DV-ALL-480P/10K_extracted/b25d22166b6f0d71300d8371ba4bf606c828b7d692f4f5cb8461eb36ed9a663f,DL3DV-ALL-480P,DL3DV-ALL-480P,nerf_transforms_images8_colmap_depth,colmap_photometric_bin,transforms_json_opengl_c2w,80,80,12,/home/m/dataset/ltm_datasets/DL3DV-ALL-480P/10K_extracted/b25d22166b6f0d71300d8371ba4bf606c828b7d692f4f5cb8461eb36ed9a663f
DL3DV-ALL-480P__10K_extracted__b279b763866783ecd9b8a97a89aae208ef7594e4917a366e7c33d7176369dbc2,DL3DV-ALL-480P/10K_extracted/b279b763866783ecd9b8a97a89aae208ef7594e4917a366e7c33d7176369dbc2,DL3DV-ALL-480P,DL3DV-ALL-480P,nerf_transforms_images8_colmap_depth,colmap_photometric_bin,transforms_json_opengl_c2w,80,80,12,/home/m/dataset/ltm_datasets/DL3DV-ALL-480P/10K_extracted/b279b763866783ecd9b8a97a89aae208ef7594e4917a366e7c33d7176369dbc2
DL3DV-ALL-480P__10K_extracted__b2f1195935af44ebc400ec4a8bbbd22243d6ea2a8e394c3c6db0e67781d17dc2,DL3DV-ALL-480P/10K_extracted/b2f1195935af44ebc400ec4a8bbbd22243d6ea2a8e394c3c6db0e67781d17dc2,DL3DV-ALL-480P,DL3DV-ALL-480P,nerf_transforms_images8_colmap_depth,colmap_photometric_bin,transforms_json_opengl_c2w,80,80,12,/home/m/dataset/ltm_datasets/DL3DV-ALL-480P/10K_extracted/b2f1195935af44ebc400ec4a8bbbd22243d6ea2a8e394c3c6db0e67781d17dc2
DL3DV-ALL-480P__10K_extracted__b3389fc03df403ae41e79767685d66f11bfe8ebdb20d926af7e29c981468b0f2,DL3DV-ALL-480P/10K_extracted/b3389fc03df403ae41e79767685d66f11bfe8ebdb20d926af7e29c981468b0f2,DL3DV-ALL-480P,DL3DV-ALL-480P,nerf_transforms_images8_colmap_depth,colmap_photometric_bin,transforms_json_opengl_c2w,80,80,12,/home/m/dataset/ltm_datasets/DL3DV-ALL-480P/10K_extracted/b3389fc03df403ae41e79767685d66f11bfe8ebdb20d926af7e29c981468b0f2
DL3DV-ALL-480P__10K_extracted__b347867d8528dbf70f534703ef3dbf118d3a315f9396c4b8b41db40136d776c9,DL3DV-ALL-480P/10K_extracted/b347867d8528dbf70f534703ef3dbf118d3a315f9396c4b8b41db40136d776c9,DL3DV-ALL-480P,DL3DV-ALL-480P,nerf_transforms_images8_colmap_depth,colmap_photometric_bin,transforms_json_opengl_c2w,80,80,12,/home/m/dataset/ltm_datasets/DL3DV-ALL-480P/10K_extracted/b347867d8528dbf70f534703ef3dbf118d3a315f9396c4b8b41db40136d776c9
DL3DV-ALL-480P__10K_extracted__b35047b0ae99eeff7faa6753a3bac77af480875a59aba36d298d5aade2e2c3af,DL3DV-ALL-480P/10K_extracted/b35047b0ae99eeff7faa6753a3bac77af480875a59aba36d298d5aade2e2c3af,DL3DV-ALL-480P,DL3DV-ALL-480P,nerf_transforms_images8_colmap_depth,colmap_photometric_bin,transforms_json_opengl_c2w,80,80,12,/home/m/dataset/ltm_datasets/DL3DV-ALL-480P/10K_extracted/b35047b0ae99eeff7faa6753a3bac77af480875a59aba36d298d5aade2e2c3af
DL3DV-ALL-480P__10K_extracted__b350d1bd34b4ff00984247371561ed5891408044a68a901185ed83a258f68757,DL3DV-ALL-480P/10K_extracted/b350d1bd34b4ff00984247371561ed5891408044a68a901185ed83a258f68757,DL3DV-ALL-480P,DL3DV-ALL-480P,nerf_transforms_images8_colmap_depth,colmap_photometric_bin,transforms_json_opengl_c2w,80,80,12,/home/m/dataset/ltm_datasets/DL3DV-ALL-480P/10K_extracted/b350d1bd34b4ff00984247371561ed5891408044a68a901185ed83a258f68757
DL3DV-ALL-480P__10K_extracted__b35b1d62b503a1ce7b7576764e30e73546904457963cdd6a16a0ee4ee4b34c4b,DL3DV-ALL-480P/10K_extracted/b35b1d62b503a1ce7b7576764e30e73546904457963cdd6a16a0ee4ee4b34c4b,DL3DV-ALL-480P,DL3DV-ALL-480P,nerf_transforms_images8_colmap_depth,colmap_photometric_bin,transforms_json_opengl_c2w,80,80,12,/home/m/dataset/ltm_datasets/DL3DV-ALL-480P/10K_extracted/b35b1d62b503a1ce7b7576764e30e73546904457963cdd6a16a0ee4ee4b34c4b
DL3DV-ALL-480P__10K_extracted__b371bf2fb8fd85d070dc12a2f03712177509c725f6f55ab6f88c7617714e8463,DL3DV-ALL-480P/10K_extracted/b371bf2fb8fd85d070dc12a2f03712177509c725f6f55ab6f88c7617714e8463,DL3DV-ALL-480P,DL3DV-ALL-480P,nerf_transforms_images8_colmap_depth,colmap_photometric_bin,transforms_json_opengl_c2w,80,80,12,/home/m/dataset/ltm_datasets/DL3DV-ALL-480P/10K_extracted/b371bf2fb8fd85d070dc12a2f03712177509c725f6f55ab6f88c7617714e8463
DL3DV-ALL-480P__10K_extracted__b3752897f94120e9542b596408116539218fed30b4d0f68a80c8aa06fc180d21,DL3DV-ALL-480P/10K_extracted/b3752897f94120e9542b596408116539218fed30b4d0f68a80c8aa06fc180d21,DL3DV-ALL-480P,DL3DV-ALL-480P,nerf_transforms_images8_colmap_depth,colmap_photometric_bin,transforms_json_opengl_c2w,80,80,12,/home/m/dataset/ltm_datasets/DL3DV-ALL-480P/10K_extracted/b3752897f94120e9542b596408116539218fed30b4d0f68a80c8aa06fc180d21
DL3DV-ALL-480P__10K_extracted__b3bec34b72da2f59a41f3b70863d67e9ad5c6fd5ac4da96121f49c295d490f02,DL3DV-ALL-480P/10K_extracted/b3bec34b72da2f59a41f3b70863d67e9ad5c6fd5ac4da96121f49c295d490f02,DL3DV-ALL-480P,DL3DV-ALL-480P,nerf_transforms_images8_colmap_depth,colmap_photometric_bin,transforms_json_opengl_c2w,80,80,12,/home/m/dataset/ltm_datasets/DL3DV-ALL-480P/10K_extracted/b3bec34b72da2f59a41f3b70863d67e9ad5c6fd5ac4da96121f49c295d490f02
DL3DV-ALL-480P__10K_extracted__b3c9a77756d6c17b44bb17c36ce5ae68c781620bc2ffffc007a461e9d2bd19de,DL3DV-ALL-480P/10K_extracted/b3c9a77756d6c17b44bb17c36ce5ae68c781620bc2ffffc007a461e9d2bd19de,DL3DV-ALL-480P,DL3DV-ALL-480P,nerf_transforms_images8_colmap_depth,colmap_photometric_bin,transforms_json_opengl_c2w,80,80,12,/home/m/dataset/ltm_datasets/DL3DV-ALL-480P/10K_extracted/b3c9a77756d6c17b44bb17c36ce5ae68c781620bc2ffffc007a461e9d2bd19de
DL3DV-ALL-480P__10K_extracted__b3e9346ee8b4691f77e8975218a48982859d9dbdb453679ebc01a010d249ac1c,DL3DV-ALL-480P/10K_extracted/b3e9346ee8b4691f77e8975218a48982859d9dbdb453679ebc01a010d249ac1c,DL3DV-ALL-480P,DL3DV-ALL-480P,nerf_transforms_images8_colmap_depth,colmap_photometric_bin,transforms_json_opengl_c2w,80,80,12,/home/m/dataset/ltm_datasets/DL3DV-ALL-480P/10K_extracted/b3e9346ee8b4691f77e8975218a48982859d9dbdb453679ebc01a010d249ac1c
DL3DV-ALL-480P__10K_extracted__b42978d580f33f7b1896ef54be1397bb5b8c9fc49771800ffe24f262a0bee597,DL3DV-ALL-480P/10K_extracted/b42978d580f33f7b1896ef54be1397bb5b8c9fc49771800ffe24f262a0bee597,DL3DV-ALL-480P,DL3DV-ALL-480P,nerf_transforms_images8_colmap_depth,colmap_photometric_bin,transforms_json_opengl_c2w,80,80,12,/home/m/dataset/ltm_datasets/DL3DV-ALL-480P/10K_extracted/b42978d580f33f7b1896ef54be1397bb5b8c9fc49771800ffe24f262a0bee597
DL3DV-ALL-480P__10K_extracted__b4311861f86bd601f697b91a069a2da84f74bade99c35871344e16e55d383bc4,DL3DV-ALL-480P/10K_extracted/b4311861f86bd601f697b91a069a2da84f74bade99c35871344e16e55d383bc4,DL3DV-ALL-480P,DL3DV-ALL-480P,nerf_transforms_images8_colmap_depth,colmap_photometric_bin,transforms_json_opengl_c2w,80,80,12,/home/m/dataset/ltm_datasets/DL3DV-ALL-480P/10K_extracted/b4311861f86bd601f697b91a069a2da84f74bade99c35871344e16e55d383bc4
DL3DV-ALL-480P__10K_extracted__b4350b2d13dd4ebb8e1e1f3eff137fa8d8b58e5d49870465934db176fdac9463,DL3DV-ALL-480P/10K_extracted/b4350b2d13dd4ebb8e1e1f3eff137fa8d8b58e5d49870465934db176fdac9463,DL3DV-ALL-480P,DL3DV-ALL-480P,nerf_transforms_images8_colmap_depth,colmap_photometric_bin,transforms_json_opengl_c2w,80,80,12,/home/m/dataset/ltm_datasets/DL3DV-ALL-480P/10K_extracted/b4350b2d13dd4ebb8e1e1f3eff137fa8d8b58e5d49870465934db176fdac9463
DL3DV-ALL-480P__10K_extracted__b45d305e3a2d5252c13079555b073a5d53a1ec5653fe4052b1de906e5753eaeb,DL3DV-ALL-480P/10K_extracted/b45d305e3a2d5252c13079555b073a5d53a1ec5653fe4052b1de906e5753eaeb,DL3DV-ALL-480P,DL3DV-ALL-480P,nerf_transforms_images8_colmap_depth,colmap_photometric_bin,transforms_json_opengl_c2w,80,80,12,/home/m/dataset/ltm_datasets/DL3DV-ALL-480P/10K_extracted/b45d305e3a2d5252c13079555b073a5d53a1ec5653fe4052b1de906e5753eaeb
DL3DV-ALL-480P__10K_extracted__b46ccc4cee0c08ef80da3a082be22262d122eee33ddc869fb2d201f82f5ab028,DL3DV-ALL-480P/10K_extracted/b46ccc4cee0c08ef80da3a082be22262d122eee33ddc869fb2d201f82f5ab028,DL3DV-ALL-480P,DL3DV-ALL-480P,nerf_transforms_images8_colmap_depth,colmap_photometric_bin,transforms_json_opengl_c2w,80,80,12,/home/m/dataset/ltm_datasets/DL3DV-ALL-480P/10K_extracted/b46ccc4cee0c08ef80da3a082be22262d122eee33ddc869fb2d201f82f5ab028
DL3DV-ALL-480P__10K_extracted__b4a026c71b44d034ffe15d1a5a80a42a3d1e826d718bee801a2a84dd33c6fc40,DL3DV-ALL-480P/10K_extracted/b4a026c71b44d034ffe15d1a5a80a42a3d1e826d718bee801a2a84dd33c6fc40,DL3DV-ALL-480P,DL3DV-ALL-480P,nerf_transforms_images8_colmap_depth,colmap_photometric_bin,transforms_json_opengl_c2w,80,80,12,/home/m/dataset/ltm_datasets/DL3DV-ALL-480P/10K_extracted/b4a026c71b44d034ffe15d1a5a80a42a3d1e826d718bee801a2a84dd33c6fc40
DL3DV-ALL-480P__10K_extracted__b4a6c30cfc85d9715e55d45dd34b85ee02756e3a8f270d66550df6336addfdda,DL3DV-ALL-480P/10K_extracted/b4a6c30cfc85d9715e55d45dd34b85ee02756e3a8f270d66550df6336addfdda,DL3DV-ALL-480P,DL3DV-ALL-480P,nerf_transforms_images8_colmap_depth,colmap_photometric_bin,transforms_json_opengl_c2w,80,80,12,/home/m/dataset/ltm_datasets/DL3DV-ALL-480P/10K_extracted/b4a6c30cfc85d9715e55d45dd34b85ee02756e3a8f270d66550df6336addfdda
DL3DV-ALL-480P__10K_extracted__b4e885acecb1192bb45cf02f81acf3a1382c6eac0eb3b5efc2eb87900ad4a539,DL3DV-ALL-480P/10K_extracted/b4e885acecb1192bb45cf02f81acf3a1382c6eac0eb3b5efc2eb87900ad4a539,DL3DV-ALL-480P,DL3DV-ALL-480P,nerf_transforms_images8_colmap_depth,colmap_photometric_bin,transforms_json_opengl_c2w,80,80,12,/home/m/dataset/ltm_datasets/DL3DV-ALL-480P/10K_extracted/b4e885acecb1192bb45cf02f81acf3a1382c6eac0eb3b5efc2eb87900ad4a539
DL3DV-ALL-480P__10K_extracted__b4f53094fd31dcc2de1c1d1fdfeffac5259e9bdf39d77b552ff948e4bdf1fd8e,DL3DV-ALL-480P/10K_extracted/b4f53094fd31dcc2de1c1d1fdfeffac5259e9bdf39d77b552ff948e4bdf1fd8e,DL3DV-ALL-480P,DL3DV-ALL-480P,nerf_transforms_images8_colmap_depth,colmap_photometric_bin,transforms_json_opengl_c2w,80,80,12,/home/m/dataset/ltm_datasets/DL3DV-ALL-480P/10K_extracted/b4f53094fd31dcc2de1c1d1fdfeffac5259e9bdf39d77b552ff948e4bdf1fd8e
DL3DV-ALL-480P__10K_extracted__b51bf239fabfc0a95c38357956f26eef663d48ce5db8d7048c656cf104cd2089,DL3DV-ALL-480P/10K_extracted/b51bf239fabfc0a95c38357956f26eef663d48ce5db8d7048c656cf104cd2089,DL3DV-ALL-480P,DL3DV-ALL-480P,nerf_transforms_images8_colmap_depth,colmap_photometric_bin,transforms_json_opengl_c2w,80,80,12,/home/m/dataset/ltm_datasets/DL3DV-ALL-480P/10K_extracted/b51bf239fabfc0a95c38357956f26eef663d48ce5db8d7048c656cf104cd2089
DL3DV-ALL-480P__10K_extracted__b581eb7dbe820dd31857cea0097cb2886bfe64d32c4a68e9c76266dceea7d80d,DL3DV-ALL-480P/10K_extracted/b581eb7dbe820dd31857cea0097cb2886bfe64d32c4a68e9c76266dceea7d80d,DL3DV-ALL-480P,DL3DV-ALL-480P,nerf_transforms_images8_colmap_depth,colmap_photometric_bin,transforms_json_opengl_c2w,80,80,12,/home/m/dataset/ltm_datasets/DL3DV-ALL-480P/10K_extracted/b581eb7dbe820dd31857cea0097cb2886bfe64d32c4a68e9c76266dceea7d80d
DL3DV-ALL-480P__10K_extracted__b5b97218eb448ba2b2580573b0149a5914855133243cf67222160c1d1725b820,DL3DV-ALL-480P/10K_extracted/b5b97218eb448ba2b2580573b0149a5914855133243cf67222160c1d1725b820,DL3DV-ALL-480P,DL3DV-ALL-480P,nerf_transforms_images8_colmap_depth,colmap_photometric_bin,transforms_json_opengl_c2w,80,80,12,/home/m/dataset/ltm_datasets/DL3DV-ALL-480P/10K_extracted/b5b97218eb448ba2b2580573b0149a5914855133243cf67222160c1d1725b820
DL3DV-ALL-480P__10K_extracted__b5da01cc1542d2f3f2c67613462254d0dcfd4f1dd2f7f596fcbbdcb52ee1e62f,DL3DV-ALL-480P/10K_extracted/b5da01cc1542d2f3f2c67613462254d0dcfd4f1dd2f7f596fcbbdcb52ee1e62f,DL3DV-ALL-480P,DL3DV-ALL-480P,nerf_transforms_images8_colmap_depth,colmap_photometric_bin,transforms_json_opengl_c2w,80,80,12,/home/m/dataset/ltm_datasets/DL3DV-ALL-480P/10K_extracted/b5da01cc1542d2f3f2c67613462254d0dcfd4f1dd2f7f596fcbbdcb52ee1e62f
DL3DV-ALL-480P__10K_extracted__b5e4a3b1acb45c42f9dacaaa41cefe202e150525458eac37d34781ed65cb7a77,DL3DV-ALL-480P/10K_extracted/b5e4a3b1acb45c42f9dacaaa41cefe202e150525458eac37d34781ed65cb7a77,DL3DV-ALL-480P,DL3DV-ALL-480P,nerf_transforms_images8_colmap_depth,colmap_photometric_bin,transforms_json_opengl_c2w,80,80,12,/home/m/dataset/ltm_datasets/DL3DV-ALL-480P/10K_extracted/b5e4a3b1acb45c42f9dacaaa41cefe202e150525458eac37d34781ed65cb7a77
DL3DV-ALL-480P__10K_extracted__b5faa2a8ce980030125717352086bf9ec16c5d994bae3b3a732da3eb67cf4fa8,DL3DV-ALL-480P/10K_extracted/b5faa2a8ce980030125717352086bf9ec16c5d994bae3b3a732da3eb67cf4fa8,DL3DV-ALL-480P,DL3DV-ALL-480P,nerf_transforms_images8_colmap_depth,colmap_photometric_bin,transforms_json_opengl_c2w,80,80,12,/home/m/dataset/ltm_datasets/DL3DV-ALL-480P/10K_extracted/b5faa2a8ce980030125717352086bf9ec16c5d994bae3b3a732da3eb67cf4fa8
DL3DV-ALL-480P__10K_extracted__b60825f62171ed36fd6b5d35b5547440a76ad6be987406b41209489d2316c5c2,DL3DV-ALL-480P/10K_extracted/b60825f62171ed36fd6b5d35b5547440a76ad6be987406b41209489d2316c5c2,DL3DV-ALL-480P,DL3DV-ALL-480P,nerf_transforms_images8_colmap_depth,colmap_photometric_bin,transforms_json_opengl_c2w,80,80,12,/home/m/dataset/ltm_datasets/DL3DV-ALL-480P/10K_extracted/b60825f62171ed36fd6b5d35b5547440a76ad6be987406b41209489d2316c5c2
DL3DV-ALL-480P__10K_extracted__b6249b4a287f5c033966bcafcd25407528585fef2f8171a40e52a228fe13a163,DL3DV-ALL-480P/10K_extracted/b6249b4a287f5c033966bcafcd25407528585fef2f8171a40e52a228fe13a163,DL3DV-ALL-480P,DL3DV-ALL-480P,nerf_transforms_images8_colmap_depth,colmap_photometric_bin,transforms_json_opengl_c2w,80,80,12,/home/m/dataset/ltm_datasets/DL3DV-ALL-480P/10K_extracted/b6249b4a287f5c033966bcafcd25407528585fef2f8171a40e52a228fe13a163
DL3DV-ALL-480P__10K_extracted__b6705165c85cf0ee29b58d22810422a1ed3d8b52c321a7726f648d0edac8027e,DL3DV-ALL-480P/10K_extracted/b6705165c85cf0ee29b58d22810422a1ed3d8b52c321a7726f648d0edac8027e,DL3DV-ALL-480P,DL3DV-ALL-480P,nerf_transforms_images8_colmap_depth,colmap_photometric_bin,transforms_json_opengl_c2w,80,80,12,/home/m/dataset/ltm_datasets/DL3DV-ALL-480P/10K_extracted/b6705165c85cf0ee29b58d22810422a1ed3d8b52c321a7726f648d0edac8027e
DL3DV-ALL-480P__10K_extracted__b684bb4308888d306ca2c17b1161a4c339589db3146c906c5f3e81629aaad2e7,DL3DV-ALL-480P/10K_extracted/b684bb4308888d306ca2c17b1161a4c339589db3146c906c5f3e81629aaad2e7,DL3DV-ALL-480P,DL3DV-ALL-480P,nerf_transforms_images8_colmap_depth,colmap_photometric_bin,transforms_json_opengl_c2w,80,80,12,/home/m/dataset/ltm_datasets/DL3DV-ALL-480P/10K_extracted/b684bb4308888d306ca2c17b1161a4c339589db3146c906c5f3e81629aaad2e7
DL3DV-ALL-480P__10K_extracted__b68e1f8437b831ab3dda228bf722134585bb0b462c840874d94b1430d98bc955,DL3DV-ALL-480P/10K_extracted/b68e1f8437b831ab3dda228bf722134585bb0b462c840874d94b1430d98bc955,DL3DV-ALL-480P,DL3DV-ALL-480P,nerf_transforms_images8_colmap_depth,colmap_photometric_bin,transforms_json_opengl_c2w,80,80,12,/home/m/dataset/ltm_datasets/DL3DV-ALL-480P/10K_extracted/b68e1f8437b831ab3dda228bf722134585bb0b462c840874d94b1430d98bc955
DL3DV-ALL-480P__10K_extracted__b69db70038b0fa5127d9fca9d32cfa753f0186f4ef9174c01d9a0fd9c923e6c0,DL3DV-ALL-480P/10K_extracted/b69db70038b0fa5127d9fca9d32cfa753f0186f4ef9174c01d9a0fd9c923e6c0,DL3DV-ALL-480P,DL3DV-ALL-480P,nerf_transforms_images8_colmap_depth,colmap_photometric_bin,transforms_json_opengl_c2w,80,80,12,/home/m/dataset/ltm_datasets/DL3DV-ALL-480P/10K_extracted/b69db70038b0fa5127d9fca9d32cfa753f0186f4ef9174c01d9a0fd9c923e6c0
DL3DV-ALL-480P__10K_extracted__b6c0cd74e72ff92b74e9b2978a09ab61a3b80838de1b2127e98aaa86350cf80f,DL3DV-ALL-480P/10K_extracted/b6c0cd74e72ff92b74e9b2978a09ab61a3b80838de1b2127e98aaa86350cf80f,DL3DV-ALL-480P,DL3DV-ALL-480P,nerf_transforms_images8_colmap_depth,colmap_photometric_bin,transforms_json_opengl_c2w,80,80,12,/home/m/dataset/ltm_datasets/DL3DV-ALL-480P/10K_extracted/b6c0cd74e72ff92b74e9b2978a09ab61a3b80838de1b2127e98aaa86350cf80f
DL3DV-ALL-480P__10K_extracted__b6c5424ba72558b2dbb548ca6f42b2c5665aa7cbb8c799f457bfeada0142825e,DL3DV-ALL-480P/10K_extracted/b6c5424ba72558b2dbb548ca6f42b2c5665aa7cbb8c799f457bfeada0142825e,DL3DV-ALL-480P,DL3DV-ALL-480P,nerf_transforms_images8_colmap_depth,colmap_photometric_bin,transforms_json_opengl_c2w,80,80,12,/home/m/dataset/ltm_datasets/DL3DV-ALL-480P/10K_extracted/b6c5424ba72558b2dbb548ca6f42b2c5665aa7cbb8c799f457bfeada0142825e
DL3DV-ALL-480P__10K_extracted__b737a47c72434e1327ee414e4cd03f32afeefdbf3db280a589f351fc2058ed2e,DL3DV-ALL-480P/10K_extracted/b737a47c72434e1327ee414e4cd03f32afeefdbf3db280a589f351fc2058ed2e,DL3DV-ALL-480P,DL3DV-ALL-480P,nerf_transforms_images8_colmap_depth,colmap_photometric_bin,transforms_json_opengl_c2w,80,80,12,/home/m/dataset/ltm_datasets/DL3DV-ALL-480P/10K_extracted/b737a47c72434e1327ee414e4cd03f32afeefdbf3db280a589f351fc2058ed2e
DL3DV-ALL-480P__10K_extracted__b748edb64fb05687b19315b2d42288861ce3f81e2265f421f66aa94fd0350b2b,DL3DV-ALL-480P/10K_extracted/b748edb64fb05687b19315b2d42288861ce3f81e2265f421f66aa94fd0350b2b,DL3DV-ALL-480P,DL3DV-ALL-480P,nerf_transforms_images8_colmap_depth,colmap_photometric_bin,transforms_json_opengl_c2w,80,80,12,/home/m/dataset/ltm_datasets/DL3DV-ALL-480P/10K_extracted/b748edb64fb05687b19315b2d42288861ce3f81e2265f421f66aa94fd0350b2b
DL3DV-ALL-480P__10K_extracted__b76ac3dd7e8232aaf4e405cb3924d71dd89f3dcfe3b355b20d87498a78ca5a90,DL3DV-ALL-480P/10K_extracted/b76ac3dd7e8232aaf4e405cb3924d71dd89f3dcfe3b355b20d87498a78ca5a90,DL3DV-ALL-480P,DL3DV-ALL-480P,nerf_transforms_images8_colmap_depth,colmap_photometric_bin,transforms_json_opengl_c2w,80,80,12,/home/m/dataset/ltm_datasets/DL3DV-ALL-480P/10K_extracted/b76ac3dd7e8232aaf4e405cb3924d71dd89f3dcfe3b355b20d87498a78ca5a90
DL3DV-ALL-480P__10K_extracted__b79c623b0bee94e3f0e889f2e3e9831518f69238ae867b5774e412184e263d4a,DL3DV-ALL-480P/10K_extracted/b79c623b0bee94e3f0e889f2e3e9831518f69238ae867b5774e412184e263d4a,DL3DV-ALL-480P,DL3DV-ALL-480P,nerf_transforms_images8_colmap_depth,colmap_photometric_bin,transforms_json_opengl_c2w,80,80,12,/home/m/dataset/ltm_datasets/DL3DV-ALL-480P/10K_extracted/b79c623b0bee94e3f0e889f2e3e9831518f69238ae867b5774e412184e263d4a
DL3DV-ALL-480P__10K_extracted__b872df50df1f1084b93c45e91c1dbfff21122f1858addd45929803de73226f4f,DL3DV-ALL-480P/10K_extracted/b872df50df1f1084b93c45e91c1dbfff21122f1858addd45929803de73226f4f,DL3DV-ALL-480P,DL3DV-ALL-480P,nerf_transforms_images8_colmap_depth,colmap_photometric_bin,transforms_json_opengl_c2w,80,80,12,/home/m/dataset/ltm_datasets/DL3DV-ALL-480P/10K_extracted/b872df50df1f1084b93c45e91c1dbfff21122f1858addd45929803de73226f4f
DL3DV-ALL-480P__10K_extracted__b94c8747de8f9af30a4371c8b1a559c5ade83f07b474edf701cacecf4955c07f,DL3DV-ALL-480P/10K_extracted/b94c8747de8f9af30a4371c8b1a559c5ade83f07b474edf701cacecf4955c07f,DL3DV-ALL-480P,DL3DV-ALL-480P,nerf_transforms_images8_colmap_depth,colmap_photometric_bin,transforms_json_opengl_c2w,80,80,12,/home/m/dataset/ltm_datasets/DL3DV-ALL-480P/10K_extracted/b94c8747de8f9af30a4371c8b1a559c5ade83f07b474edf701cacecf4955c07f
DL3DV-ALL-480P__10K_extracted__b9633624f111e138adb01f60058c8fba4169f73ec87295cbcea23e3a8a5724ac,DL3DV-ALL-480P/10K_extracted/b9633624f111e138adb01f60058c8fba4169f73ec87295cbcea23e3a8a5724ac,DL3DV-ALL-480P,DL3DV-ALL-480P,nerf_transforms_images8_colmap_depth,colmap_photometric_bin,transforms_json_opengl_c2w,80,80,12,/home/m/dataset/ltm_datasets/DL3DV-ALL-480P/10K_extracted/b9633624f111e138adb01f60058c8fba4169f73ec87295cbcea23e3a8a5724ac
DL3DV-ALL-480P__10K_extracted__b97aba53ae8d178085071687de6e3453275163fe2a3206f1ed5cab03ba25c1ba,DL3DV-ALL-480P/10K_extracted/b97aba53ae8d178085071687de6e3453275163fe2a3206f1ed5cab03ba25c1ba,DL3DV-ALL-480P,DL3DV-ALL-480P,nerf_transforms_images8_colmap_depth,colmap_photometric_bin,transforms_json_opengl_c2w,80,80,12,/home/m/dataset/ltm_datasets/DL3DV-ALL-480P/10K_extracted/b97aba53ae8d178085071687de6e3453275163fe2a3206f1ed5cab03ba25c1ba
DL3DV-ALL-480P__10K_extracted__b9873195bca3fc228f18964ca20b8ada7e9e88b747baab078e09bdfb7535be67,DL3DV-ALL-480P/10K_extracted/b9873195bca3fc228f18964ca20b8ada7e9e88b747baab078e09bdfb7535be67,DL3DV-ALL-480P,DL3DV-ALL-480P,nerf_transforms_images8_colmap_depth,colmap_photometric_bin,transforms_json_opengl_c2w,80,80,12,/home/m/dataset/ltm_datasets/DL3DV-ALL-480P/10K_extracted/b9873195bca3fc228f18964ca20b8ada7e9e88b747baab078e09bdfb7535be67
DL3DV-ALL-480P__10K_extracted__b9b0d3543f0dd2874b4fc6c08d35848ba849eaf31881c9c0888d5031509a8ee2,DL3DV-ALL-480P/10K_extracted/b9b0d3543f0dd2874b4fc6c08d35848ba849eaf31881c9c0888d5031509a8ee2,DL3DV-ALL-480P,DL3DV-ALL-480P,nerf_transforms_images8_colmap_depth,colmap_photometric_bin,transforms_json_opengl_c2w,80,80,12,/home/m/dataset/ltm_datasets/DL3DV-ALL-480P/10K_extracted/b9b0d3543f0dd2874b4fc6c08d35848ba849eaf31881c9c0888d5031509a8ee2
DL3DV-ALL-480P__10K_extracted__b9e620dbcb822a44296a3ff5d575f5e679fb9f0947930dc74c70a4a2700fe8b7,DL3DV-ALL-480P/10K_extracted/b9e620dbcb822a44296a3ff5d575f5e679fb9f0947930dc74c70a4a2700fe8b7,DL3DV-ALL-480P,DL3DV-ALL-480P,nerf_transforms_images8_colmap_depth,colmap_photometric_bin,transforms_json_opengl_c2w,80,80,12,/home/m/dataset/ltm_datasets/DL3DV-ALL-480P/10K_extracted/b9e620dbcb822a44296a3ff5d575f5e679fb9f0947930dc74c70a4a2700fe8b7
DL3DV-ALL-480P__10K_extracted__ba6d45ef19c438be89cda9b20a92b674c988e3ebac1f9b6883b06903c07dadcf,DL3DV-ALL-480P/10K_extracted/ba6d45ef19c438be89cda9b20a92b674c988e3ebac1f9b6883b06903c07dadcf,DL3DV-ALL-480P,DL3DV-ALL-480P,nerf_transforms_images8_colmap_depth,colmap_photometric_bin,transforms_json_opengl_c2w,80,80,12,/home/m/dataset/ltm_datasets/DL3DV-ALL-480P/10K_extracted/ba6d45ef19c438be89cda9b20a92b674c988e3ebac1f9b6883b06903c07dadcf
DL3DV-ALL-480P__10K_extracted__ba801a4b0b7ee7b3b208532b910128950ae6b4363d7d3b695181d1f59a0ea4ce,DL3DV-ALL-480P/10K_extracted/ba801a4b0b7ee7b3b208532b910128950ae6b4363d7d3b695181d1f59a0ea4ce,DL3DV-ALL-480P,DL3DV-ALL-480P,nerf_transforms_images8_colmap_depth,colmap_photometric_bin,transforms_json_opengl_c2w,80,80,12,/home/m/dataset/ltm_datasets/DL3DV-ALL-480P/10K_extracted/ba801a4b0b7ee7b3b208532b910128950ae6b4363d7d3b695181d1f59a0ea4ce
DL3DV-ALL-480P__10K_extracted__bad9f1b0c12827c451199c1bc448701b876e0f00c76adbb197b5de3df3aaac36,DL3DV-ALL-480P/10K_extracted/bad9f1b0c12827c451199c1bc448701b876e0f00c76adbb197b5de3df3aaac36,DL3DV-ALL-480P,DL3DV-ALL-480P,nerf_transforms_images8_colmap_depth,colmap_photometric_bin,transforms_json_opengl_c2w,80,80,12,/home/m/dataset/ltm_datasets/DL3DV-ALL-480P/10K_extracted/bad9f1b0c12827c451199c1bc448701b876e0f00c76adbb197b5de3df3aaac36
DL3DV-ALL-480P__10K_extracted__bb6af58c9930080b0df7bdf8bee555b44570a464627078d4f3c6cee798f57be2,DL3DV-ALL-480P/10K_extracted/bb6af58c9930080b0df7bdf8bee555b44570a464627078d4f3c6cee798f57be2,DL3DV-ALL-480P,DL3DV-ALL-480P,nerf_transforms_images8_colmap_depth,colmap_photometric_bin,transforms_json_opengl_c2w,80,80,12,/home/m/dataset/ltm_datasets/DL3DV-ALL-480P/10K_extracted/bb6af58c9930080b0df7bdf8bee555b44570a464627078d4f3c6cee798f57be2
DL3DV-ALL-480P__10K_extracted__bbbb51635b3642702d52dcae5839610c782db474b1b2184e21c9852598f99d54,DL3DV-ALL-480P/10K_extracted/bbbb51635b3642702d52dcae5839610c782db474b1b2184e21c9852598f99d54,DL3DV-ALL-480P,DL3DV-ALL-480P,nerf_transforms_images8_colmap_depth,colmap_photometric_bin,transforms_json_opengl_c2w,80,80,12,/home/m/dataset/ltm_datasets/DL3DV-ALL-480P/10K_extracted/bbbb51635b3642702d52dcae5839610c782db474b1b2184e21c9852598f99d54
DL3DV-ALL-480P__10K_extracted__bbc16ed81de3f587010c73cf766aaf59199bda2e38b979af9c930206bccc7307,DL3DV-ALL-480P/10K_extracted/bbc16ed81de3f587010c73cf766aaf59199bda2e38b979af9c930206bccc7307,DL3DV-ALL-480P,DL3DV-ALL-480P,nerf_transforms_images8_colmap_depth,colmap_photometric_bin,transforms_json_opengl_c2w,80,80,12,/home/m/dataset/ltm_datasets/DL3DV-ALL-480P/10K_extracted/bbc16ed81de3f587010c73cf766aaf59199bda2e38b979af9c930206bccc7307
DL3DV-ALL-480P__10K_extracted__bbf8caccc9ec641a4383fc177fb0be1d134b4e0b85692b13166fa315eb89287b,DL3DV-ALL-480P/10K_extracted/bbf8caccc9ec641a4383fc177fb0be1d134b4e0b85692b13166fa315eb89287b,DL3DV-ALL-480P,DL3DV-ALL-480P,nerf_transforms_images8_colmap_depth,colmap_photometric_bin,transforms_json_opengl_c2w,80,80,12,/home/m/dataset/ltm_datasets/DL3DV-ALL-480P/10K_extracted/bbf8caccc9ec641a4383fc177fb0be1d134b4e0b85692b13166fa315eb89287b
DL3DV-ALL-480P__10K_extracted__bc50c7017a9232b2f9a057c10350df79071eead3679dfc99070f9a708d6e81ed,DL3DV-ALL-480P/10K_extracted/bc50c7017a9232b2f9a057c10350df79071eead3679dfc99070f9a708d6e81ed,DL3DV-ALL-480P,DL3DV-ALL-480P,nerf_transforms_images8_colmap_depth,colmap_photometric_bin,transforms_json_opengl_c2w,80,80,12,/home/m/dataset/ltm_datasets/DL3DV-ALL-480P/10K_extracted/bc50c7017a9232b2f9a057c10350df79071eead3679dfc99070f9a708d6e81ed
DL3DV-ALL-480P__10K_extracted__bc534ab3b6dcc4a0127efc7a0c074bb67d9f8e9e7ccd0daa2b55d331220866da,DL3DV-ALL-480P/10K_extracted/bc534ab3b6dcc4a0127efc7a0c074bb67d9f8e9e7ccd0daa2b55d331220866da,DL3DV-ALL-480P,DL3DV-ALL-480P,nerf_transforms_images8_colmap_depth,colmap_photometric_bin,transforms_json_opengl_c2w,80,80,12,/home/m/dataset/ltm_datasets/DL3DV-ALL-480P/10K_extracted/bc534ab3b6dcc4a0127efc7a0c074bb67d9f8e9e7ccd0daa2b55d331220866da
DL3DV-ALL-480P__10K_extracted__bc76e1041b601426b81c404a64949efe3c739636a6b6f20ec13cce4bbe899f81,DL3DV-ALL-480P/10K_extracted/bc76e1041b601426b81c404a64949efe3c739636a6b6f20ec13cce4bbe899f81,DL3DV-ALL-480P,DL3DV-ALL-480P,nerf_transforms_images8_colmap_depth,colmap_photometric_bin,transforms_json_opengl_c2w,80,80,12,/home/m/dataset/ltm_datasets/DL3DV-ALL-480P/10K_extracted/bc76e1041b601426b81c404a64949efe3c739636a6b6f20ec13cce4bbe899f81
DL3DV-ALL-480P__10K_extracted__bcb18a469caed50d7dad2ec05a6856965c39eacfa8bd0a7ab8241d6424407501,DL3DV-ALL-480P/10K_extracted/bcb18a469caed50d7dad2ec05a6856965c39eacfa8bd0a7ab8241d6424407501,DL3DV-ALL-480P,DL3DV-ALL-480P,nerf_transforms_images8_colmap_depth,colmap_photometric_bin,transforms_json_opengl_c2w,80,80,12,/home/m/dataset/ltm_datasets/DL3DV-ALL-480P/10K_extracted/bcb18a469caed50d7dad2ec05a6856965c39eacfa8bd0a7ab8241d6424407501
DL3DV-ALL-480P__10K_extracted__bd21aa13de5a6f5630a835d3f7f10341e17f7d29b1f0bd05aab54fee50e423dc,DL3DV-ALL-480P/10K_extracted/bd21aa13de5a6f5630a835d3f7f10341e17f7d29b1f0bd05aab54fee50e423dc,DL3DV-ALL-480P,DL3DV-ALL-480P,nerf_transforms_images8_colmap_depth,colmap_photometric_bin,transforms_json_opengl_c2w,80,80,12,/home/m/dataset/ltm_datasets/DL3DV-ALL-480P/10K_extracted/bd21aa13de5a6f5630a835d3f7f10341e17f7d29b1f0bd05aab54fee50e423dc
DL3DV-ALL-480P__10K_extracted__bd26200629bfdf06859e7d05720c80fb8a9f2f47d30d9e5dabe745d5283e760f,DL3DV-ALL-480P/10K_extracted/bd26200629bfdf06859e7d05720c80fb8a9f2f47d30d9e5dabe745d5283e760f,DL3DV-ALL-480P,DL3DV-ALL-480P,nerf_transforms_images8_colmap_depth,colmap_photometric_bin,transforms_json_opengl_c2w,80,80,12,/home/m/dataset/ltm_datasets/DL3DV-ALL-480P/10K_extracted/bd26200629bfdf06859e7d05720c80fb8a9f2f47d30d9e5dabe745d5283e760f
DL3DV-ALL-480P__10K_extracted__bd492fe2231e22ecc677493ee5a5c54029c3ffc60f095ff056791ee0188da8d5,DL3DV-ALL-480P/10K_extracted/bd492fe2231e22ecc677493ee5a5c54029c3ffc60f095ff056791ee0188da8d5,DL3DV-ALL-480P,DL3DV-ALL-480P,nerf_transforms_images8_colmap_depth,colmap_photometric_bin,transforms_json_opengl_c2w,80,80,12,/home/m/dataset/ltm_datasets/DL3DV-ALL-480P/10K_extracted/bd492fe2231e22ecc677493ee5a5c54029c3ffc60f095ff056791ee0188da8d5
DL3DV-ALL-480P__10K_extracted__bd4eef3b87cff675689983c097ddf66d965b9a5e3b399dd038d080ab5039e79a,DL3DV-ALL-480P/10K_extracted/bd4eef3b87cff675689983c097ddf66d965b9a5e3b399dd038d080ab5039e79a,DL3DV-ALL-480P,DL3DV-ALL-480P,nerf_transforms_images8_colmap_depth,colmap_photometric_bin,transforms_json_opengl_c2w,80,80,12,/home/m/dataset/ltm_datasets/DL3DV-ALL-480P/10K_extracted/bd4eef3b87cff675689983c097ddf66d965b9a5e3b399dd038d080ab5039e79a
DL3DV-ALL-480P__10K_extracted__bd4f31428454188c5d9f3cf26182df26b7c95b07f3eb4ec99d8605921557f7ea,DL3DV-ALL-480P/10K_extracted/bd4f31428454188c5d9f3cf26182df26b7c95b07f3eb4ec99d8605921557f7ea,DL3DV-ALL-480P,DL3DV-ALL-480P,nerf_transforms_images8_colmap_depth,colmap_photometric_bin,transforms_json_opengl_c2w,80,80,12,/home/m/dataset/ltm_datasets/DL3DV-ALL-480P/10K_extracted/bd4f31428454188c5d9f3cf26182df26b7c95b07f3eb4ec99d8605921557f7ea
DL3DV-ALL-480P__10K_extracted__bd6f197e76c8eb45bd408b50fee51763b2d0880c38df051fdb2b15c2996efe77,DL3DV-ALL-480P/10K_extracted/bd6f197e76c8eb45bd408b50fee51763b2d0880c38df051fdb2b15c2996efe77,DL3DV-ALL-480P,DL3DV-ALL-480P,nerf_transforms_images8_colmap_depth,colmap_photometric_bin,transforms_json_opengl_c2w,80,80,12,/home/m/dataset/ltm_datasets/DL3DV-ALL-480P/10K_extracted/bd6f197e76c8eb45bd408b50fee51763b2d0880c38df051fdb2b15c2996efe77
DL3DV-ALL-480P__10K_extracted__bd7486e38e8c2f2d609155842d84b8e478720bfbde6d3d86f5c9027ac86cb963,DL3DV-ALL-480P/10K_extracted/bd7486e38e8c2f2d609155842d84b8e478720bfbde6d3d86f5c9027ac86cb963,DL3DV-ALL-480P,DL3DV-ALL-480P,nerf_transforms_images8_colmap_depth,colmap_photometric_bin,transforms_json_opengl_c2w,80,80,12,/home/m/dataset/ltm_datasets/DL3DV-ALL-480P/10K_extracted/bd7486e38e8c2f2d609155842d84b8e478720bfbde6d3d86f5c9027ac86cb963
DL3DV-ALL-480P__10K_extracted__bd7c0cdb2eac18c45f6f4e7856940796b3170920f7859c76fb7bdcbf04f85d78,DL3DV-ALL-480P/10K_extracted/bd7c0cdb2eac18c45f6f4e7856940796b3170920f7859c76fb7bdcbf04f85d78,DL3DV-ALL-480P,DL3DV-ALL-480P,nerf_transforms_images8_colmap_depth,colmap_photometric_bin,transforms_json_opengl_c2w,80,80,12,/home/m/dataset/ltm_datasets/DL3DV-ALL-480P/10K_extracted/bd7c0cdb2eac18c45f6f4e7856940796b3170920f7859c76fb7bdcbf04f85d78
DL3DV-ALL-480P__10K_extracted__bd8370b9cf342462846696409248034e989cf2b89db7248741524fde5d4cd6e4,DL3DV-ALL-480P/10K_extracted/bd8370b9cf342462846696409248034e989cf2b89db7248741524fde5d4cd6e4,DL3DV-ALL-480P,DL3DV-ALL-480P,nerf_transforms_images8_colmap_depth,colmap_photometric_bin,transforms_json_opengl_c2w,80,80,12,/home/m/dataset/ltm_datasets/DL3DV-ALL-480P/10K_extracted/bd8370b9cf342462846696409248034e989cf2b89db7248741524fde5d4cd6e4
DL3DV-ALL-480P__10K_extracted__bd8ee9d03c03fca7da90e2a5775ad4e453ad6e463712d1c5cef0b56ad52bc018,DL3DV-ALL-480P/10K_extracted/bd8ee9d03c03fca7da90e2a5775ad4e453ad6e463712d1c5cef0b56ad52bc018,DL3DV-ALL-480P,DL3DV-ALL-480P,nerf_transforms_images8_colmap_depth,colmap_photometric_bin,transforms_json_opengl_c2w,80,80,12,/home/m/dataset/ltm_datasets/DL3DV-ALL-480P/10K_extracted/bd8ee9d03c03fca7da90e2a5775ad4e453ad6e463712d1c5cef0b56ad52bc018
DL3DV-ALL-480P__10K_extracted__bdd807b96582a0c2f6ec6e0cabe5199d01a431b1f78f5dd5001b8143aaad138d,DL3DV-ALL-480P/10K_extracted/bdd807b96582a0c2f6ec6e0cabe5199d01a431b1f78f5dd5001b8143aaad138d,DL3DV-ALL-480P,DL3DV-ALL-480P,nerf_transforms_images8_colmap_depth,colmap_photometric_bin,transforms_json_opengl_c2w,80,80,12,/home/m/dataset/ltm_datasets/DL3DV-ALL-480P/10K_extracted/bdd807b96582a0c2f6ec6e0cabe5199d01a431b1f78f5dd5001b8143aaad138d
DL3DV-ALL-480P__10K_extracted__be15844e35d367d40c847720cd03b29e54266a3c9b42537400d1eeaf1d8f36a2,DL3DV-ALL-480P/10K_extracted/be15844e35d367d40c847720cd03b29e54266a3c9b42537400d1eeaf1d8f36a2,DL3DV-ALL-480P,DL3DV-ALL-480P,nerf_transforms_images8_colmap_depth,colmap_photometric_bin,transforms_json_opengl_c2w,80,80,12,/home/m/dataset/ltm_datasets/DL3DV-ALL-480P/10K_extracted/be15844e35d367d40c847720cd03b29e54266a3c9b42537400d1eeaf1d8f36a2
DL3DV-ALL-480P__10K_extracted__be1b9c43182da110f88effb5e17c2b09aa684fbd6f05e4f894521bd2f1b7e11f,DL3DV-ALL-480P/10K_extracted/be1b9c43182da110f88effb5e17c2b09aa684fbd6f05e4f894521bd2f1b7e11f,DL3DV-ALL-480P,DL3DV-ALL-480P,nerf_transforms_images8_colmap_depth,colmap_photometric_bin,transforms_json_opengl_c2w,80,80,12,/home/m/dataset/ltm_datasets/DL3DV-ALL-480P/10K_extracted/be1b9c43182da110f88effb5e17c2b09aa684fbd6f05e4f894521bd2f1b7e11f
DL3DV-ALL-480P__10K_extracted__be3a5808066221d44386ba263c66ecd6b4a42e3b42fde95668f40baf515dbdff,DL3DV-ALL-480P/10K_extracted/be3a5808066221d44386ba263c66ecd6b4a42e3b42fde95668f40baf515dbdff,DL3DV-ALL-480P,DL3DV-ALL-480P,nerf_transforms_images8_colmap_depth,colmap_photometric_bin,transforms_json_opengl_c2w,80,80,12,/home/m/dataset/ltm_datasets/DL3DV-ALL-480P/10K_extracted/be3a5808066221d44386ba263c66ecd6b4a42e3b42fde95668f40baf515dbdff
DL3DV-ALL-480P__10K_extracted__be4309dcd84840f0cc7f6c5640647534f293176d76a6855c5dce4988e12ad75c,DL3DV-ALL-480P/10K_extracted/be4309dcd84840f0cc7f6c5640647534f293176d76a6855c5dce4988e12ad75c,DL3DV-ALL-480P,DL3DV-ALL-480P,nerf_transforms_images8_colmap_depth,colmap_photometric_bin,transforms_json_opengl_c2w,80,80,12,/home/m/dataset/ltm_datasets/DL3DV-ALL-480P/10K_extracted/be4309dcd84840f0cc7f6c5640647534f293176d76a6855c5dce4988e12ad75c
DL3DV-ALL-480P__10K_extracted__be72a42c1925663497b8a66d80467b85e7ed81a1eeba964b2e7f823284c9edd1,DL3DV-ALL-480P/10K_extracted/be72a42c1925663497b8a66d80467b85e7ed81a1eeba964b2e7f823284c9edd1,DL3DV-ALL-480P,DL3DV-ALL-480P,nerf_transforms_images8_colmap_depth,colmap_photometric_bin,transforms_json_opengl_c2w,80,80,12,/home/m/dataset/ltm_datasets/DL3DV-ALL-480P/10K_extracted/be72a42c1925663497b8a66d80467b85e7ed81a1eeba964b2e7f823284c9edd1
DL3DV-ALL-480P__10K_extracted__be816fe104dfc14af0e6a60ae70ff8b764e5bbe0f942033cf0f53e2cf848535a,DL3DV-ALL-480P/10K_extracted/be816fe104dfc14af0e6a60ae70ff8b764e5bbe0f942033cf0f53e2cf848535a,DL3DV-ALL-480P,DL3DV-ALL-480P,nerf_transforms_images8_colmap_depth,colmap_photometric_bin,transforms_json_opengl_c2w,80,80,12,/home/m/dataset/ltm_datasets/DL3DV-ALL-480P/10K_extracted/be816fe104dfc14af0e6a60ae70ff8b764e5bbe0f942033cf0f53e2cf848535a
DL3DV-ALL-480P__10K_extracted__be839b9f122449b84dafc8121e47a177829ab1764c3bba922a31c1695eeb6f08,DL3DV-ALL-480P/10K_extracted/be839b9f122449b84dafc8121e47a177829ab1764c3bba922a31c1695eeb6f08,DL3DV-ALL-480P,DL3DV-ALL-480P,nerf_transforms_images8_colmap_depth,colmap_photometric_bin,transforms_json_opengl_c2w,80,80,12,/home/m/dataset/ltm_datasets/DL3DV-ALL-480P/10K_extracted/be839b9f122449b84dafc8121e47a177829ab1764c3bba922a31c1695eeb6f08
DL3DV-ALL-480P__10K_extracted__be9d8cf3db7f1fb66565a51ecc69bd0e526da393ad4d0b82cce0a30b2344f685,DL3DV-ALL-480P/10K_extracted/be9d8cf3db7f1fb66565a51ecc69bd0e526da393ad4d0b82cce0a30b2344f685,DL3DV-ALL-480P,DL3DV-ALL-480P,nerf_transforms_images8_colmap_depth,colmap_photometric_bin,transforms_json_opengl_c2w,80,80,12,/home/m/dataset/ltm_datasets/DL3DV-ALL-480P/10K_extracted/be9d8cf3db7f1fb66565a51ecc69bd0e526da393ad4d0b82cce0a30b2344f685
DL3DV-ALL-480P__10K_extracted__bec77437ff6eb45b7b33ad327b1cc146a5cc6c21c3154ec964cfa6e35f47b34b,DL3DV-ALL-480P/10K_extracted/bec77437ff6eb45b7b33ad327b1cc146a5cc6c21c3154ec964cfa6e35f47b34b,DL3DV-ALL-480P,DL3DV-ALL-480P,nerf_transforms_images8_colmap_depth,colmap_photometric_bin,transforms_json_opengl_c2w,80,80,12,/home/m/dataset/ltm_datasets/DL3DV-ALL-480P/10K_extracted/bec77437ff6eb45b7b33ad327b1cc146a5cc6c21c3154ec964cfa6e35f47b34b
DL3DV-ALL-480P__10K_extracted__bf46c3d5c5e4e846ce2438ad6ba130255a1fb77fdd68cf61f21549d203b0868d,DL3DV-ALL-480P/10K_extracted/bf46c3d5c5e4e846ce2438ad6ba130255a1fb77fdd68cf61f21549d203b0868d,DL3DV-ALL-480P,DL3DV-ALL-480P,nerf_transforms_images8_colmap_depth,colmap_photometric_bin,transforms_json_opengl_c2w,80,80,12,/home/m/dataset/ltm_datasets/DL3DV-ALL-480P/10K_extracted/bf46c3d5c5e4e846ce2438ad6ba130255a1fb77fdd68cf61f21549d203b0868d
DL3DV-ALL-480P__10K_extracted__bf5a45285ee15fde80b06084d1cb62c78dab36690b9d090e0415a0c8d928a3e9,DL3DV-ALL-480P/10K_extracted/bf5a45285ee15fde80b06084d1cb62c78dab36690b9d090e0415a0c8d928a3e9,DL3DV-ALL-480P,DL3DV-ALL-480P,nerf_transforms_images8_colmap_depth,colmap_photometric_bin,transforms_json_opengl_c2w,80,80,12,/home/m/dataset/ltm_datasets/DL3DV-ALL-480P/10K_extracted/bf5a45285ee15fde80b06084d1cb62c78dab36690b9d090e0415a0c8d928a3e9
DL3DV-ALL-480P__10K_extracted__bf6725750cc5e4b13db269ba176c2c1c8f908231617ae3907e6629f594bf11ba,DL3DV-ALL-480P/10K_extracted/bf6725750cc5e4b13db269ba176c2c1c8f908231617ae3907e6629f594bf11ba,DL3DV-ALL-480P,DL3DV-ALL-480P,nerf_transforms_images8_colmap_depth,colmap_photometric_bin,transforms_json_opengl_c2w,80,80,12,/home/m/dataset/ltm_datasets/DL3DV-ALL-480P/10K_extracted/bf6725750cc5e4b13db269ba176c2c1c8f908231617ae3907e6629f594bf11ba
DL3DV-ALL-480P__10K_extracted__c037e8368372875e3bbe814e4fbd7740bc0b1510759e4ac0d8512c297f7830b0,DL3DV-ALL-480P/10K_extracted/c037e8368372875e3bbe814e4fbd7740bc0b1510759e4ac0d8512c297f7830b0,DL3DV-ALL-480P,DL3DV-ALL-480P,nerf_transforms_images8_colmap_depth,colmap_photometric_bin,transforms_json_opengl_c2w,80,80,12,/home/m/dataset/ltm_datasets/DL3DV-ALL-480P/10K_extracted/c037e8368372875e3bbe814e4fbd7740bc0b1510759e4ac0d8512c297f7830b0
DL3DV-ALL-480P__10K_extracted__c096a616dc9bc06a06b9f5fa7f4f92cd66c7aa34f4d141f7638c50b456fcea8a,DL3DV-ALL-480P/10K_extracted/c096a616dc9bc06a06b9f5fa7f4f92cd66c7aa34f4d141f7638c50b456fcea8a,DL3DV-ALL-480P,DL3DV-ALL-480P,nerf_transforms_images8_colmap_depth,colmap_photometric_bin,transforms_json_opengl_c2w,80,80,12,/home/m/dataset/ltm_datasets/DL3DV-ALL-480P/10K_extracted/c096a616dc9bc06a06b9f5fa7f4f92cd66c7aa34f4d141f7638c50b456fcea8a
DL3DV-ALL-480P__10K_extracted__c0e189690c34efced34bf6feb6e92c38a18938b7b2819d3ac768e8710567c491,DL3DV-ALL-480P/10K_extracted/c0e189690c34efced34bf6feb6e92c38a18938b7b2819d3ac768e8710567c491,DL3DV-ALL-480P,DL3DV-ALL-480P,nerf_transforms_images8_colmap_depth,colmap_photometric_bin,transforms_json_opengl_c2w,80,80,12,/home/m/dataset/ltm_datasets/DL3DV-ALL-480P/10K_extracted/c0e189690c34efced34bf6feb6e92c38a18938b7b2819d3ac768e8710567c491
DL3DV-ALL-480P__10K_extracted__c120e59cdb42755d746931097e4e920dd4d9ffdeb695ec2cbc40f8d79b873f1a,DL3DV-ALL-480P/10K_extracted/c120e59cdb42755d746931097e4e920dd4d9ffdeb695ec2cbc40f8d79b873f1a,DL3DV-ALL-480P,DL3DV-ALL-480P,nerf_transforms_images8_colmap_depth,colmap_photometric_bin,transforms_json_opengl_c2w,80,80,12,/home/m/dataset/ltm_datasets/DL3DV-ALL-480P/10K_extracted/c120e59cdb42755d746931097e4e920dd4d9ffdeb695ec2cbc40f8d79b873f1a
DL3DV-ALL-480P__10K_extracted__c142ee05d9bb2347534377c58125899c195985125a0af797240b59b58a55c8b2,DL3DV-ALL-480P/10K_extracted/c142ee05d9bb2347534377c58125899c195985125a0af797240b59b58a55c8b2,DL3DV-ALL-480P,DL3DV-ALL-480P,nerf_transforms_images8_colmap_depth,colmap_photometric_bin,transforms_json_opengl_c2w,80,80,12,/home/m/dataset/ltm_datasets/DL3DV-ALL-480P/10K_extracted/c142ee05d9bb2347534377c58125899c195985125a0af797240b59b58a55c8b2
DL3DV-ALL-480P__10K_extracted__c20e19e353e0346b69834b0e23bf13caf6c122e8dd7a302b014a0de74e6c8fc1,DL3DV-ALL-480P/10K_extracted/c20e19e353e0346b69834b0e23bf13caf6c122e8dd7a302b014a0de74e6c8fc1,DL3DV-ALL-480P,DL3DV-ALL-480P,nerf_transforms_images8_colmap_depth,colmap_photometric_bin,transforms_json_opengl_c2w,80,80,12,/home/m/dataset/ltm_datasets/DL3DV-ALL-480P/10K_extracted/c20e19e353e0346b69834b0e23bf13caf6c122e8dd7a302b014a0de74e6c8fc1
DL3DV-ALL-480P__10K_extracted__c2374eab923ad36ce9a424c943eb3e7933ea250bc5e6ec92efec1603c454b817,DL3DV-ALL-480P/10K_extracted/c2374eab923ad36ce9a424c943eb3e7933ea250bc5e6ec92efec1603c454b817,DL3DV-ALL-480P,DL3DV-ALL-480P,nerf_transforms_images8_colmap_depth,colmap_photometric_bin,transforms_json_opengl_c2w,80,80,12,/home/m/dataset/ltm_datasets/DL3DV-ALL-480P/10K_extracted/c2374eab923ad36ce9a424c943eb3e7933ea250bc5e6ec92efec1603c454b817
DL3DV-ALL-480P__10K_extracted__c23d72b4b9278ba2bb6eb3f2c10985b36a435a595b4de06d73253a9606e5fb5f,DL3DV-ALL-480P/10K_extracted/c23d72b4b9278ba2bb6eb3f2c10985b36a435a595b4de06d73253a9606e5fb5f,DL3DV-ALL-480P,DL3DV-ALL-480P,nerf_transforms_images8_colmap_depth,colmap_photometric_bin,transforms_json_opengl_c2w,80,80,12,/home/m/dataset/ltm_datasets/DL3DV-ALL-480P/10K_extracted/c23d72b4b9278ba2bb6eb3f2c10985b36a435a595b4de06d73253a9606e5fb5f
DL3DV-ALL-480P__10K_extracted__c249a6d3f6eb0b1b2fdf72e64cfe09433b50a33b5de3862cbe245bca35214ce4,DL3DV-ALL-480P/10K_extracted/c249a6d3f6eb0b1b2fdf72e64cfe09433b50a33b5de3862cbe245bca35214ce4,DL3DV-ALL-480P,DL3DV-ALL-480P,nerf_transforms_images8_colmap_depth,colmap_photometric_bin,transforms_json_opengl_c2w,80,80,12,/home/m/dataset/ltm_datasets/DL3DV-ALL-480P/10K_extracted/c249a6d3f6eb0b1b2fdf72e64cfe09433b50a33b5de3862cbe245bca35214ce4
DL3DV-ALL-480P__10K_extracted__c25384e098213ca175c661f2665bba159440da4a736e7541e61de4d0fce86d37,DL3DV-ALL-480P/10K_extracted/c25384e098213ca175c661f2665bba159440da4a736e7541e61de4d0fce86d37,DL3DV-ALL-480P,DL3DV-ALL-480P,nerf_transforms_images8_colmap_depth,colmap_photometric_bin,transforms_json_opengl_c2w,80,80,12,/home/m/dataset/ltm_datasets/DL3DV-ALL-480P/10K_extracted/c25384e098213ca175c661f2665bba159440da4a736e7541e61de4d0fce86d37
DL3DV-ALL-480P__10K_extracted__c27d09e84cf95170a70fa5b2e8b8991dbffdb37ba7aab5f1d45193ddd395e68a,DL3DV-ALL-480P/10K_extracted/c27d09e84cf95170a70fa5b2e8b8991dbffdb37ba7aab5f1d45193ddd395e68a,DL3DV-ALL-480P,DL3DV-ALL-480P,nerf_transforms_images8_colmap_depth,colmap_photometric_bin,transforms_json_opengl_c2w,80,80,12,/home/m/dataset/ltm_datasets/DL3DV-ALL-480P/10K_extracted/c27d09e84cf95170a70fa5b2e8b8991dbffdb37ba7aab5f1d45193ddd395e68a
DL3DV-ALL-480P__10K_extracted__c285952830ea6a9dadad442afb4b8e57e4167fde5ee53d72ed75e889741b607b,DL3DV-ALL-480P/10K_extracted/c285952830ea6a9dadad442afb4b8e57e4167fde5ee53d72ed75e889741b607b,DL3DV-ALL-480P,DL3DV-ALL-480P,nerf_transforms_images8_colmap_depth,colmap_photometric_bin,transforms_json_opengl_c2w,80,80,12,/home/m/dataset/ltm_datasets/DL3DV-ALL-480P/10K_extracted/c285952830ea6a9dadad442afb4b8e57e4167fde5ee53d72ed75e889741b607b
DL3DV-ALL-480P__10K_extracted__c2ed84c22800c0b6cf420d51c0936ee6dfb56cecfe16b9f1c0a739aef0a5339b,DL3DV-ALL-480P/10K_extracted/c2ed84c22800c0b6cf420d51c0936ee6dfb56cecfe16b9f1c0a739aef0a5339b,DL3DV-ALL-480P,DL3DV-ALL-480P,nerf_transforms_images8_colmap_depth,colmap_photometric_bin,transforms_json_opengl_c2w,80,80,12,/home/m/dataset/ltm_datasets/DL3DV-ALL-480P/10K_extracted/c2ed84c22800c0b6cf420d51c0936ee6dfb56cecfe16b9f1c0a739aef0a5339b
DL3DV-ALL-480P__10K_extracted__c3523c1ac1abef5ca78befcba4a06e6f14e29ea22eda545f8fd2ca08c4c240b7,DL3DV-ALL-480P/10K_extracted/c3523c1ac1abef5ca78befcba4a06e6f14e29ea22eda545f8fd2ca08c4c240b7,DL3DV-ALL-480P,DL3DV-ALL-480P,nerf_transforms_images8_colmap_depth,colmap_photometric_bin,transforms_json_opengl_c2w,80,80,12,/home/m/dataset/ltm_datasets/DL3DV-ALL-480P/10K_extracted/c3523c1ac1abef5ca78befcba4a06e6f14e29ea22eda545f8fd2ca08c4c240b7
DL3DV-ALL-480P__10K_extracted__c357039d7e4aaa4f88a1a7117de0907d3ddefb5b6b842ad074ebefae1eab7d88,DL3DV-ALL-480P/10K_extracted/c357039d7e4aaa4f88a1a7117de0907d3ddefb5b6b842ad074ebefae1eab7d88,DL3DV-ALL-480P,DL3DV-ALL-480P,nerf_transforms_images8_colmap_depth,colmap_photometric_bin,transforms_json_opengl_c2w,80,80,12,/home/m/dataset/ltm_datasets/DL3DV-ALL-480P/10K_extracted/c357039d7e4aaa4f88a1a7117de0907d3ddefb5b6b842ad074ebefae1eab7d88
DL3DV-ALL-480P__10K_extracted__c3585f24f94a8f673c8c628f28b36b46c06d33c948c277469280e2b80beb9e0a,DL3DV-ALL-480P/10K_extracted/c3585f24f94a8f673c8c628f28b36b46c06d33c948c277469280e2b80beb9e0a,DL3DV-ALL-480P,DL3DV-ALL-480P,nerf_transforms_images8_colmap_depth,colmap_photometric_bin,transforms_json_opengl_c2w,80,80,12,/home/m/dataset/ltm_datasets/DL3DV-ALL-480P/10K_extracted/c3585f24f94a8f673c8c628f28b36b46c06d33c948c277469280e2b80beb9e0a
DL3DV-ALL-480P__10K_extracted__c37109a55effe0000f8e40652ca935376e75bcb2a0b56de8eabd20a26e2a0f68,DL3DV-ALL-480P/10K_extracted/c37109a55effe0000f8e40652ca935376e75bcb2a0b56de8eabd20a26e2a0f68,DL3DV-ALL-480P,DL3DV-ALL-480P,nerf_transforms_images8_colmap_depth,colmap_photometric_bin,transforms_json_opengl_c2w,80,80,12,/home/m/dataset/ltm_datasets/DL3DV-ALL-480P/10K_extracted/c37109a55effe0000f8e40652ca935376e75bcb2a0b56de8eabd20a26e2a0f68
DL3DV-ALL-480P__10K_extracted__c38a0cc12558bc9062fe06996449f40a6faed427a5a37991e015896aceaa83e1,DL3DV-ALL-480P/10K_extracted/c38a0cc12558bc9062fe06996449f40a6faed427a5a37991e015896aceaa83e1,DL3DV-ALL-480P,DL3DV-ALL-480P,nerf_transforms_images8_colmap_depth,colmap_photometric_bin,transforms_json_opengl_c2w,80,80,12,/home/m/dataset/ltm_datasets/DL3DV-ALL-480P/10K_extracted/c38a0cc12558bc9062fe06996449f40a6faed427a5a37991e015896aceaa83e1
DL3DV-ALL-480P__10K_extracted__c39c8113dfe04e311f11230411b86ebcfca1dd45f34aace9f8036f80865d7e1e,DL3DV-ALL-480P/10K_extracted/c39c8113dfe04e311f11230411b86ebcfca1dd45f34aace9f8036f80865d7e1e,DL3DV-ALL-480P,DL3DV-ALL-480P,nerf_transforms_images8_colmap_depth,colmap_photometric_bin,transforms_json_opengl_c2w,80,80,12,/home/m/dataset/ltm_datasets/DL3DV-ALL-480P/10K_extracted/c39c8113dfe04e311f11230411b86ebcfca1dd45f34aace9f8036f80865d7e1e
DL3DV-ALL-480P__10K_extracted__c3b6c99842ae19686f557827232c2433651304951af70f76efa5ad195400b570,DL3DV-ALL-480P/10K_extracted/c3b6c99842ae19686f557827232c2433651304951af70f76efa5ad195400b570,DL3DV-ALL-480P,DL3DV-ALL-480P,nerf_transforms_images8_colmap_depth,colmap_photometric_bin,transforms_json_opengl_c2w,80,80,12,/home/m/dataset/ltm_datasets/DL3DV-ALL-480P/10K_extracted/c3b6c99842ae19686f557827232c2433651304951af70f76efa5ad195400b570
DL3DV-ALL-480P__10K_extracted__c3d1b7082d36ec2d49bf9f7f4adc6121413b9dfbe9cecc4d986f4bfb432ccd6b,DL3DV-ALL-480P/10K_extracted/c3d1b7082d36ec2d49bf9f7f4adc6121413b9dfbe9cecc4d986f4bfb432ccd6b,DL3DV-ALL-480P,DL3DV-ALL-480P,nerf_transforms_images8_colmap_depth,colmap_photometric_bin,transforms_json_opengl_c2w,80,80,12,/home/m/dataset/ltm_datasets/DL3DV-ALL-480P/10K_extracted/c3d1b7082d36ec2d49bf9f7f4adc6121413b9dfbe9cecc4d986f4bfb432ccd6b
DL3DV-ALL-480P__10K_extracted__c44b81ab05212e0bb42c0cb90515fb09992c97dcf4c15121a16457116dbd9a59,DL3DV-ALL-480P/10K_extracted/c44b81ab05212e0bb42c0cb90515fb09992c97dcf4c15121a16457116dbd9a59,DL3DV-ALL-480P,DL3DV-ALL-480P,nerf_transforms_images8_colmap_depth,colmap_photometric_bin,transforms_json_opengl_c2w,80,80,12,/home/m/dataset/ltm_datasets/DL3DV-ALL-480P/10K_extracted/c44b81ab05212e0bb42c0cb90515fb09992c97dcf4c15121a16457116dbd9a59
DL3DV-ALL-480P__10K_extracted__c49dd885c26602d2bdb918d6e4b4ef6ea8d8120639b7292f300eeb32fc0c3db5,DL3DV-ALL-480P/10K_extracted/c49dd885c26602d2bdb918d6e4b4ef6ea8d8120639b7292f300eeb32fc0c3db5,DL3DV-ALL-480P,DL3DV-ALL-480P,nerf_transforms_images8_colmap_depth,colmap_photometric_bin,transforms_json_opengl_c2w,80,80,12,/home/m/dataset/ltm_datasets/DL3DV-ALL-480P/10K_extracted/c49dd885c26602d2bdb918d6e4b4ef6ea8d8120639b7292f300eeb32fc0c3db5
DL3DV-ALL-480P__10K_extracted__c4a1c5b8ccc88512d3d7e48111c30c7f83e6396873ca9cbb273df44296623185,DL3DV-ALL-480P/10K_extracted/c4a1c5b8ccc88512d3d7e48111c30c7f83e6396873ca9cbb273df44296623185,DL3DV-ALL-480P,DL3DV-ALL-480P,nerf_transforms_images8_colmap_depth,colmap_photometric_bin,transforms_json_opengl_c2w,80,80,12,/home/m/dataset/ltm_datasets/DL3DV-ALL-480P/10K_extracted/c4a1c5b8ccc88512d3d7e48111c30c7f83e6396873ca9cbb273df44296623185
DL3DV-ALL-480P__10K_extracted__c4ac6c20b97e622f0005a4bf2ed4a0037f4320a74a66d0314773266c5262d4c9,DL3DV-ALL-480P/10K_extracted/c4ac6c20b97e622f0005a4bf2ed4a0037f4320a74a66d0314773266c5262d4c9,DL3DV-ALL-480P,DL3DV-ALL-480P,nerf_transforms_images8_colmap_depth,colmap_photometric_bin,transforms_json_opengl_c2w,80,80,12,/home/m/dataset/ltm_datasets/DL3DV-ALL-480P/10K_extracted/c4ac6c20b97e622f0005a4bf2ed4a0037f4320a74a66d0314773266c5262d4c9
DL3DV-ALL-480P__10K_extracted__c54e29f37afa1e39674e91579ec6738eb24ca300acc7c50b5ab02b0f626d8569,DL3DV-ALL-480P/10K_extracted/c54e29f37afa1e39674e91579ec6738eb24ca300acc7c50b5ab02b0f626d8569,DL3DV-ALL-480P,DL3DV-ALL-480P,nerf_transforms_images8_colmap_depth,colmap_photometric_bin,transforms_json_opengl_c2w,80,80,12,/home/m/dataset/ltm_datasets/DL3DV-ALL-480P/10K_extracted/c54e29f37afa1e39674e91579ec6738eb24ca300acc7c50b5ab02b0f626d8569
DL3DV-ALL-480P__10K_extracted__c576e8cf0bd7741efc96f14cd630575488d9ea0f195cabae7a645733b12c4c2c,DL3DV-ALL-480P/10K_extracted/c576e8cf0bd7741efc96f14cd630575488d9ea0f195cabae7a645733b12c4c2c,DL3DV-ALL-480P,DL3DV-ALL-480P,nerf_transforms_images8_colmap_depth,colmap_photometric_bin,transforms_json_opengl_c2w,80,80,12,/home/m/dataset/ltm_datasets/DL3DV-ALL-480P/10K_extracted/c576e8cf0bd7741efc96f14cd630575488d9ea0f195cabae7a645733b12c4c2c
DL3DV-ALL-480P__10K_extracted__c5873ac6d1783bbfcf3828a89e014613855dd626a8c1b4d7091bbd8e04ea4568,DL3DV-ALL-480P/10K_extracted/c5873ac6d1783bbfcf3828a89e014613855dd626a8c1b4d7091bbd8e04ea4568,DL3DV-ALL-480P,DL3DV-ALL-480P,nerf_transforms_images8_colmap_depth,colmap_photometric_bin,transforms_json_opengl_c2w,80,80,12,/home/m/dataset/ltm_datasets/DL3DV-ALL-480P/10K_extracted/c5873ac6d1783bbfcf3828a89e014613855dd626a8c1b4d7091bbd8e04ea4568
DL3DV-ALL-480P__10K_extracted__c5a627e619e88ef4f614df7e35e6c24d8a42d1c34762f8190e960dcaa98abdc5,DL3DV-ALL-480P/10K_extracted/c5a627e619e88ef4f614df7e35e6c24d8a42d1c34762f8190e960dcaa98abdc5,DL3DV-ALL-480P,DL3DV-ALL-480P,nerf_transforms_images8_colmap_depth,colmap_photometric_bin,transforms_json_opengl_c2w,80,80,12,/home/m/dataset/ltm_datasets/DL3DV-ALL-480P/10K_extracted/c5a627e619e88ef4f614df7e35e6c24d8a42d1c34762f8190e960dcaa98abdc5
DL3DV-ALL-480P__10K_extracted__c5bf313b75820045e31e88d0d9d27db24535a46d2af67e54bc9cc38aeeab1d60,DL3DV-ALL-480P/10K_extracted/c5bf313b75820045e31e88d0d9d27db24535a46d2af67e54bc9cc38aeeab1d60,DL3DV-ALL-480P,DL3DV-ALL-480P,nerf_transforms_images8_colmap_depth,colmap_photometric_bin,transforms_json_opengl_c2w,80,80,12,/home/m/dataset/ltm_datasets/DL3DV-ALL-480P/10K_extracted/c5bf313b75820045e31e88d0d9d27db24535a46d2af67e54bc9cc38aeeab1d60
DL3DV-ALL-480P__10K_extracted__c5dada0e0b20818175b9a125c0f7bc3f3c578e95fd47e0617a582d7a3e0b9e48,DL3DV-ALL-480P/10K_extracted/c5dada0e0b20818175b9a125c0f7bc3f3c578e95fd47e0617a582d7a3e0b9e48,DL3DV-ALL-480P,DL3DV-ALL-480P,nerf_transforms_images8_colmap_depth,colmap_photometric_bin,transforms_json_opengl_c2w,80,80,12,/home/m/dataset/ltm_datasets/DL3DV-ALL-480P/10K_extracted/c5dada0e0b20818175b9a125c0f7bc3f3c578e95fd47e0617a582d7a3e0b9e48
DL3DV-ALL-480P__10K_extracted__c60c80c74e2e10b18c38766ecd1dadecdcf7dec0f0e37bda32f5299cabd7794a,DL3DV-ALL-480P/10K_extracted/c60c80c74e2e10b18c38766ecd1dadecdcf7dec0f0e37bda32f5299cabd7794a,DL3DV-ALL-480P,DL3DV-ALL-480P,nerf_transforms_images8_colmap_depth,colmap_photometric_bin,transforms_json_opengl_c2w,80,80,12,/home/m/dataset/ltm_datasets/DL3DV-ALL-480P/10K_extracted/c60c80c74e2e10b18c38766ecd1dadecdcf7dec0f0e37bda32f5299cabd7794a
DL3DV-ALL-480P__10K_extracted__c6100d9d0d5fdb3c2aee55e79fa1bed04646fefd79b5576a35462e2958369754,DL3DV-ALL-480P/10K_extracted/c6100d9d0d5fdb3c2aee55e79fa1bed04646fefd79b5576a35462e2958369754,DL3DV-ALL-480P,DL3DV-ALL-480P,nerf_transforms_images8_colmap_depth,colmap_photometric_bin,transforms_json_opengl_c2w,80,80,12,/home/m/dataset/ltm_datasets/DL3DV-ALL-480P/10K_extracted/c6100d9d0d5fdb3c2aee55e79fa1bed04646fefd79b5576a35462e2958369754
DL3DV-ALL-480P__10K_extracted__c61a46b036e8849ec35b8d0f6895a353c276d4616ba9b6773c923d40e04a9350,DL3DV-ALL-480P/10K_extracted/c61a46b036e8849ec35b8d0f6895a353c276d4616ba9b6773c923d40e04a9350,DL3DV-ALL-480P,DL3DV-ALL-480P,nerf_transforms_images8_colmap_depth,colmap_photometric_bin,transforms_json_opengl_c2w,80,80,12,/home/m/dataset/ltm_datasets/DL3DV-ALL-480P/10K_extracted/c61a46b036e8849ec35b8d0f6895a353c276d4616ba9b6773c923d40e04a9350
DL3DV-ALL-480P__10K_extracted__c63d8884e1bda595efe8fb65d67757fa3ce02cb7a0eb5c635626f0aec947b441,DL3DV-ALL-480P/10K_extracted/c63d8884e1bda595efe8fb65d67757fa3ce02cb7a0eb5c635626f0aec947b441,DL3DV-ALL-480P,DL3DV-ALL-480P,nerf_transforms_images8_colmap_depth,colmap_photometric_bin,transforms_json_opengl_c2w,80,80,12,/home/m/dataset/ltm_datasets/DL3DV-ALL-480P/10K_extracted/c63d8884e1bda595efe8fb65d67757fa3ce02cb7a0eb5c635626f0aec947b441
DL3DV-ALL-480P__10K_extracted__c6619f7640a00976a3f18569153a3cada8328bd18f61b84817d5cf73bc6ac1fe,DL3DV-ALL-480P/10K_extracted/c6619f7640a00976a3f18569153a3cada8328bd18f61b84817d5cf73bc6ac1fe,DL3DV-ALL-480P,DL3DV-ALL-480P,nerf_transforms_images8_colmap_depth,colmap_photometric_bin,transforms_json_opengl_c2w,80,80,12,/home/m/dataset/ltm_datasets/DL3DV-ALL-480P/10K_extracted/c6619f7640a00976a3f18569153a3cada8328bd18f61b84817d5cf73bc6ac1fe
DL3DV-ALL-480P__10K_extracted__c6fc476b7571cd8448e594d07683c6f7f527a8cea5ad6df843d5b7ad56a5fcda,DL3DV-ALL-480P/10K_extracted/c6fc476b7571cd8448e594d07683c6f7f527a8cea5ad6df843d5b7ad56a5fcda,DL3DV-ALL-480P,DL3DV-ALL-480P,nerf_transforms_images8_colmap_depth,colmap_photometric_bin,transforms_json_opengl_c2w,80,80,12,/home/m/dataset/ltm_datasets/DL3DV-ALL-480P/10K_extracted/c6fc476b7571cd8448e594d07683c6f7f527a8cea5ad6df843d5b7ad56a5fcda
DL3DV-ALL-480P__10K_extracted__c729cc50f9faa60efa9dc6420089acdc3724ed1792b1170b883a041036215019,DL3DV-ALL-480P/10K_extracted/c729cc50f9faa60efa9dc6420089acdc3724ed1792b1170b883a041036215019,DL3DV-ALL-480P,DL3DV-ALL-480P,nerf_transforms_images8_colmap_depth,colmap_photometric_bin,transforms_json_opengl_c2w,80,80,12,/home/m/dataset/ltm_datasets/DL3DV-ALL-480P/10K_extracted/c729cc50f9faa60efa9dc6420089acdc3724ed1792b1170b883a041036215019
DL3DV-ALL-480P__10K_extracted__c72e5c1eaefab0033ee3ed33d709b98a04b7d04918cd28f612f434d66e962677,DL3DV-ALL-480P/10K_extracted/c72e5c1eaefab0033ee3ed33d709b98a04b7d04918cd28f612f434d66e962677,DL3DV-ALL-480P,DL3DV-ALL-480P,nerf_transforms_images8_colmap_depth,colmap_photometric_bin,transforms_json_opengl_c2w,80,80,12,/home/m/dataset/ltm_datasets/DL3DV-ALL-480P/10K_extracted/c72e5c1eaefab0033ee3ed33d709b98a04b7d04918cd28f612f434d66e962677
DL3DV-ALL-480P__10K_extracted__c7302a76068ee87f21dbf47c4f34cc03529cf2d845963a4666c05c6c44704956,DL3DV-ALL-480P/10K_extracted/c7302a76068ee87f21dbf47c4f34cc03529cf2d845963a4666c05c6c44704956,DL3DV-ALL-480P,DL3DV-ALL-480P,nerf_transforms_images8_colmap_depth,colmap_photometric_bin,transforms_json_opengl_c2w,80,80,12,/home/m/dataset/ltm_datasets/DL3DV-ALL-480P/10K_extracted/c7302a76068ee87f21dbf47c4f34cc03529cf2d845963a4666c05c6c44704956
DL3DV-ALL-480P__10K_extracted__c754d9dc9d284cf09d897b4f4a1369ae8b147b55e5e3832a5fec38a86344ed2c,DL3DV-ALL-480P/10K_extracted/c754d9dc9d284cf09d897b4f4a1369ae8b147b55e5e3832a5fec38a86344ed2c,DL3DV-ALL-480P,DL3DV-ALL-480P,nerf_transforms_images8_colmap_depth,colmap_photometric_bin,transforms_json_opengl_c2w,80,80,12,/home/m/dataset/ltm_datasets/DL3DV-ALL-480P/10K_extracted/c754d9dc9d284cf09d897b4f4a1369ae8b147b55e5e3832a5fec38a86344ed2c
DL3DV-ALL-480P__10K_extracted__c761e08c5add833482e35899fdd593b0245198cdf3b2aa956e8e75ac32149f48,DL3DV-ALL-480P/10K_extracted/c761e08c5add833482e35899fdd593b0245198cdf3b2aa956e8e75ac32149f48,DL3DV-ALL-480P,DL3DV-ALL-480P,nerf_transforms_images8_colmap_depth,colmap_photometric_bin,transforms_json_opengl_c2w,80,80,12,/home/m/dataset/ltm_datasets/DL3DV-ALL-480P/10K_extracted/c761e08c5add833482e35899fdd593b0245198cdf3b2aa956e8e75ac32149f48
DL3DV-ALL-480P__10K_extracted__c76a8630b5ca636752fdf210dd90af559e3f3cb257c0d72355cb32b23f18056a,DL3DV-ALL-480P/10K_extracted/c76a8630b5ca636752fdf210dd90af559e3f3cb257c0d72355cb32b23f18056a,DL3DV-ALL-480P,DL3DV-ALL-480P,nerf_transforms_images8_colmap_depth,colmap_photometric_bin,transforms_json_opengl_c2w,80,80,12,/home/m/dataset/ltm_datasets/DL3DV-ALL-480P/10K_extracted/c76a8630b5ca636752fdf210dd90af559e3f3cb257c0d72355cb32b23f18056a
DL3DV-ALL-480P__10K_extracted__c77249c199e51c1e90737f222b2a2a34d85b667e878024570850f5277b5e8a9b,DL3DV-ALL-480P/10K_extracted/c77249c199e51c1e90737f222b2a2a34d85b667e878024570850f5277b5e8a9b,DL3DV-ALL-480P,DL3DV-ALL-480P,nerf_transforms_images8_colmap_depth,colmap_photometric_bin,transforms_json_opengl_c2w,80,80,12,/home/m/dataset/ltm_datasets/DL3DV-ALL-480P/10K_extracted/c77249c199e51c1e90737f222b2a2a34d85b667e878024570850f5277b5e8a9b
DL3DV-ALL-480P__10K_extracted__c7dfa74bee07c4ac6568175cd04ddfe9d0f6ecf535cd802f1b32abdad4e5d66d,DL3DV-ALL-480P/10K_extracted/c7dfa74bee07c4ac6568175cd04ddfe9d0f6ecf535cd802f1b32abdad4e5d66d,DL3DV-ALL-480P,DL3DV-ALL-480P,nerf_transforms_images8_colmap_depth,colmap_photometric_bin,transforms_json_opengl_c2w,80,80,12,/home/m/dataset/ltm_datasets/DL3DV-ALL-480P/10K_extracted/c7dfa74bee07c4ac6568175cd04ddfe9d0f6ecf535cd802f1b32abdad4e5d66d
DL3DV-ALL-480P__10K_extracted__c807870792331f0bbaf02671cf00c61ed3a0fee2aa2db4124f7c4b235a310286,DL3DV-ALL-480P/10K_extracted/c807870792331f0bbaf02671cf00c61ed3a0fee2aa2db4124f7c4b235a310286,DL3DV-ALL-480P,DL3DV-ALL-480P,nerf_transforms_images8_colmap_depth,colmap_photometric_bin,transforms_json_opengl_c2w,80,80,12,/home/m/dataset/ltm_datasets/DL3DV-ALL-480P/10K_extracted/c807870792331f0bbaf02671cf00c61ed3a0fee2aa2db4124f7c4b235a310286
DL3DV-ALL-480P__10K_extracted__c810f32a74147477bc336f30110bae60ab81197fcf8ea542b40cd15248fdc0be,DL3DV-ALL-480P/10K_extracted/c810f32a74147477bc336f30110bae60ab81197fcf8ea542b40cd15248fdc0be,DL3DV-ALL-480P,DL3DV-ALL-480P,nerf_transforms_images8_colmap_depth,colmap_photometric_bin,transforms_json_opengl_c2w,80,80,12,/home/m/dataset/ltm_datasets/DL3DV-ALL-480P/10K_extracted/c810f32a74147477bc336f30110bae60ab81197fcf8ea542b40cd15248fdc0be
DL3DV-ALL-480P__10K_extracted__c81b4066b96a04b08a13f8086c277f181ba6c0772a2ef1515ec5c61572c90f68,DL3DV-ALL-480P/10K_extracted/c81b4066b96a04b08a13f8086c277f181ba6c0772a2ef1515ec5c61572c90f68,DL3DV-ALL-480P,DL3DV-ALL-480P,nerf_transforms_images8_colmap_depth,colmap_photometric_bin,transforms_json_opengl_c2w,80,80,12,/home/m/dataset/ltm_datasets/DL3DV-ALL-480P/10K_extracted/c81b4066b96a04b08a13f8086c277f181ba6c0772a2ef1515ec5c61572c90f68
DL3DV-ALL-480P__10K_extracted__c82685932fd9f11fbe1bfa3c1a3ddb42328adfddd374e7692e662b2d35796b2d,DL3DV-ALL-480P/10K_extracted/c82685932fd9f11fbe1bfa3c1a3ddb42328adfddd374e7692e662b2d35796b2d,DL3DV-ALL-480P,DL3DV-ALL-480P,nerf_transforms_images8_colmap_depth,colmap_photometric_bin,transforms_json_opengl_c2w,80,80,12,/home/m/dataset/ltm_datasets/DL3DV-ALL-480P/10K_extracted/c82685932fd9f11fbe1bfa3c1a3ddb42328adfddd374e7692e662b2d35796b2d
DL3DV-ALL-480P__10K_extracted__c8aed3f88ebc551d6d88bf8a3957b88244eb7f238a3aff208a40506acf088748,DL3DV-ALL-480P/10K_extracted/c8aed3f88ebc551d6d88bf8a3957b88244eb7f238a3aff208a40506acf088748,DL3DV-ALL-480P,DL3DV-ALL-480P,nerf_transforms_images8_colmap_depth,colmap_photometric_bin,transforms_json_opengl_c2w,80,80,12,/home/m/dataset/ltm_datasets/DL3DV-ALL-480P/10K_extracted/c8aed3f88ebc551d6d88bf8a3957b88244eb7f238a3aff208a40506acf088748
DL3DV-ALL-480P__10K_extracted__c8d2952e259c976f3bafa4a2fd12e32a47c7f69acd64539d46a68a1dfa4335c3,DL3DV-ALL-480P/10K_extracted/c8d2952e259c976f3bafa4a2fd12e32a47c7f69acd64539d46a68a1dfa4335c3,DL3DV-ALL-480P,DL3DV-ALL-480P,nerf_transforms_images8_colmap_depth,colmap_photometric_bin,transforms_json_opengl_c2w,80,80,12,/home/m/dataset/ltm_datasets/DL3DV-ALL-480P/10K_extracted/c8d2952e259c976f3bafa4a2fd12e32a47c7f69acd64539d46a68a1dfa4335c3
DL3DV-ALL-480P__10K_extracted__c8f7f5c80d088bbf077c0d76d3a3c2678579bfdc896cceb662fe1f83aeab4e4a,DL3DV-ALL-480P/10K_extracted/c8f7f5c80d088bbf077c0d76d3a3c2678579bfdc896cceb662fe1f83aeab4e4a,DL3DV-ALL-480P,DL3DV-ALL-480P,nerf_transforms_images8_colmap_depth,colmap_photometric_bin,transforms_json_opengl_c2w,80,80,12,/home/m/dataset/ltm_datasets/DL3DV-ALL-480P/10K_extracted/c8f7f5c80d088bbf077c0d76d3a3c2678579bfdc896cceb662fe1f83aeab4e4a
DL3DV-ALL-480P__10K_extracted__c91c9950623ee712441aab9a0cec0c2099cdfb994e14cd8046e1e038f8656d67,DL3DV-ALL-480P/10K_extracted/c91c9950623ee712441aab9a0cec0c2099cdfb994e14cd8046e1e038f8656d67,DL3DV-ALL-480P,DL3DV-ALL-480P,nerf_transforms_images8_colmap_depth,colmap_photometric_bin,transforms_json_opengl_c2w,80,80,12,/home/m/dataset/ltm_datasets/DL3DV-ALL-480P/10K_extracted/c91c9950623ee712441aab9a0cec0c2099cdfb994e14cd8046e1e038f8656d67
DL3DV-ALL-480P__10K_extracted__c9ec4ae70afd611cbce7781a9b6ddc58ce198732266569d353aeffba494397d4,DL3DV-ALL-480P/10K_extracted/c9ec4ae70afd611cbce7781a9b6ddc58ce198732266569d353aeffba494397d4,DL3DV-ALL-480P,DL3DV-ALL-480P,nerf_transforms_images8_colmap_depth,colmap_photometric_bin,transforms_json_opengl_c2w,80,80,12,/home/m/dataset/ltm_datasets/DL3DV-ALL-480P/10K_extracted/c9ec4ae70afd611cbce7781a9b6ddc58ce198732266569d353aeffba494397d4
DL3DV-ALL-480P__10K_extracted__ca09be88170e8f7c7e62f92bf120081b872d695bf524ece2da2948261212844b,DL3DV-ALL-480P/10K_extracted/ca09be88170e8f7c7e62f92bf120081b872d695bf524ece2da2948261212844b,DL3DV-ALL-480P,DL3DV-ALL-480P,nerf_transforms_images8_colmap_depth,colmap_photometric_bin,transforms_json_opengl_c2w,80,80,12,/home/m/dataset/ltm_datasets/DL3DV-ALL-480P/10K_extracted/ca09be88170e8f7c7e62f92bf120081b872d695bf524ece2da2948261212844b
DL3DV-ALL-480P__10K_extracted__caaff2dffcb6563f672693a134a2a4d5f571da9a7e2e11d371d8a486a3e517c6,DL3DV-ALL-480P/10K_extracted/caaff2dffcb6563f672693a134a2a4d5f571da9a7e2e11d371d8a486a3e517c6,DL3DV-ALL-480P,DL3DV-ALL-480P,nerf_transforms_images8_colmap_depth,colmap_photometric_bin,transforms_json_opengl_c2w,80,80,12,/home/m/dataset/ltm_datasets/DL3DV-ALL-480P/10K_extracted/caaff2dffcb6563f672693a134a2a4d5f571da9a7e2e11d371d8a486a3e517c6
DL3DV-ALL-480P__10K_extracted__cac5f13b60c289acef11958c637427ab47fe5667347d62a337597c68f4188d9a,DL3DV-ALL-480P/10K_extracted/cac5f13b60c289acef11958c637427ab47fe5667347d62a337597c68f4188d9a,DL3DV-ALL-480P,DL3DV-ALL-480P,nerf_transforms_images8_colmap_depth,colmap_photometric_bin,transforms_json_opengl_c2w,80,80,12,/home/m/dataset/ltm_datasets/DL3DV-ALL-480P/10K_extracted/cac5f13b60c289acef11958c637427ab47fe5667347d62a337597c68f4188d9a
DL3DV-ALL-480P__10K_extracted__cae59a388e5bc345bab0a19b4d495fb308471789d89447aa30dc3d2666b35910,DL3DV-ALL-480P/10K_extracted/cae59a388e5bc345bab0a19b4d495fb308471789d89447aa30dc3d2666b35910,DL3DV-ALL-480P,DL3DV-ALL-480P,nerf_transforms_images8_colmap_depth,colmap_photometric_bin,transforms_json_opengl_c2w,80,80,12,/home/m/dataset/ltm_datasets/DL3DV-ALL-480P/10K_extracted/cae59a388e5bc345bab0a19b4d495fb308471789d89447aa30dc3d2666b35910
DL3DV-ALL-480P__10K_extracted__caf35e90103817a639c72286755aa7b25718666b337269cf7c577b19722a17df,DL3DV-ALL-480P/10K_extracted/caf35e90103817a639c72286755aa7b25718666b337269cf7c577b19722a17df,DL3DV-ALL-480P,DL3DV-ALL-480P,nerf_transforms_images8_colmap_depth,colmap_photometric_bin,transforms_json_opengl_c2w,80,80,12,/home/m/dataset/ltm_datasets/DL3DV-ALL-480P/10K_extracted/caf35e90103817a639c72286755aa7b25718666b337269cf7c577b19722a17df
DL3DV-ALL-480P__10K_extracted__cb14aee84a24c2103ade451d86cb2c754ff6350b7d8abd04ddf72696d98304d4,DL3DV-ALL-480P/10K_extracted/cb14aee84a24c2103ade451d86cb2c754ff6350b7d8abd04ddf72696d98304d4,DL3DV-ALL-480P,DL3DV-ALL-480P,nerf_transforms_images8_colmap_depth,colmap_photometric_bin,transforms_json_opengl_c2w,80,80,12,/home/m/dataset/ltm_datasets/DL3DV-ALL-480P/10K_extracted/cb14aee84a24c2103ade451d86cb2c754ff6350b7d8abd04ddf72696d98304d4
DL3DV-ALL-480P__10K_extracted__cb2540233f4a96e62d1e63aa25084ebb951505fd205d12ae99b0d15b4318d724,DL3DV-ALL-480P/10K_extracted/cb2540233f4a96e62d1e63aa25084ebb951505fd205d12ae99b0d15b4318d724,DL3DV-ALL-480P,DL3DV-ALL-480P,nerf_transforms_images8_colmap_depth,colmap_photometric_bin,transforms_json_opengl_c2w,80,80,12,/home/m/dataset/ltm_datasets/DL3DV-ALL-480P/10K_extracted/cb2540233f4a96e62d1e63aa25084ebb951505fd205d12ae99b0d15b4318d724
DL3DV-ALL-480P__10K_extracted__cb271056f2bd89e2b53049049409e6275ef972fceb542edd2e83d48ec7514829,DL3DV-ALL-480P/10K_extracted/cb271056f2bd89e2b53049049409e6275ef972fceb542edd2e83d48ec7514829,DL3DV-ALL-480P,DL3DV-ALL-480P,nerf_transforms_images8_colmap_depth,colmap_photometric_bin,transforms_json_opengl_c2w,80,80,12,/home/m/dataset/ltm_datasets/DL3DV-ALL-480P/10K_extracted/cb271056f2bd89e2b53049049409e6275ef972fceb542edd2e83d48ec7514829
DL3DV-ALL-480P__10K_extracted__cb284e21d0320ed73a853fc3343a285c6d6582d45e5f455454c58556927ec9c4,DL3DV-ALL-480P/10K_extracted/cb284e21d0320ed73a853fc3343a285c6d6582d45e5f455454c58556927ec9c4,DL3DV-ALL-480P,DL3DV-ALL-480P,nerf_transforms_images8_colmap_depth,colmap_photometric_bin,transforms_json_opengl_c2w,80,80,12,/home/m/dataset/ltm_datasets/DL3DV-ALL-480P/10K_extracted/cb284e21d0320ed73a853fc3343a285c6d6582d45e5f455454c58556927ec9c4
DL3DV-ALL-480P__10K_extracted__cb915b9960632b0cffabf7ca9915e3c351d613e11b6e1ce93d35739a0c64890f,DL3DV-ALL-480P/10K_extracted/cb915b9960632b0cffabf7ca9915e3c351d613e11b6e1ce93d35739a0c64890f,DL3DV-ALL-480P,DL3DV-ALL-480P,nerf_transforms_images8_colmap_depth,colmap_photometric_bin,transforms_json_opengl_c2w,80,80,12,/home/m/dataset/ltm_datasets/DL3DV-ALL-480P/10K_extracted/cb915b9960632b0cffabf7ca9915e3c351d613e11b6e1ce93d35739a0c64890f
DL3DV-ALL-480P__10K_extracted__cbf6f0430a015d8c77bca770ce94633eb244f7f79295d5a345ce4a3fe1b123e2,DL3DV-ALL-480P/10K_extracted/cbf6f0430a015d8c77bca770ce94633eb244f7f79295d5a345ce4a3fe1b123e2,DL3DV-ALL-480P,DL3DV-ALL-480P,nerf_transforms_images8_colmap_depth,colmap_photometric_bin,transforms_json_opengl_c2w,80,80,12,/home/m/dataset/ltm_datasets/DL3DV-ALL-480P/10K_extracted/cbf6f0430a015d8c77bca770ce94633eb244f7f79295d5a345ce4a3fe1b123e2
DL3DV-ALL-480P__10K_extracted__cbf73c2768e74437ab5a91b445ff19295454dc59f64ec45d82f65cc100b9a7ef,DL3DV-ALL-480P/10K_extracted/cbf73c2768e74437ab5a91b445ff19295454dc59f64ec45d82f65cc100b9a7ef,DL3DV-ALL-480P,DL3DV-ALL-480P,nerf_transforms_images8_colmap_depth,colmap_photometric_bin,transforms_json_opengl_c2w,80,80,12,/home/m/dataset/ltm_datasets/DL3DV-ALL-480P/10K_extracted/cbf73c2768e74437ab5a91b445ff19295454dc59f64ec45d82f65cc100b9a7ef
DL3DV-ALL-480P__10K_extracted__cc00087d5c79e9f78181d576ffbf0da0927c70fcc79a29ed83a978d023d857e5,DL3DV-ALL-480P/10K_extracted/cc00087d5c79e9f78181d576ffbf0da0927c70fcc79a29ed83a978d023d857e5,DL3DV-ALL-480P,DL3DV-ALL-480P,nerf_transforms_images8_colmap_depth,colmap_photometric_bin,transforms_json_opengl_c2w,80,80,12,/home/m/dataset/ltm_datasets/DL3DV-ALL-480P/10K_extracted/cc00087d5c79e9f78181d576ffbf0da0927c70fcc79a29ed83a978d023d857e5
DL3DV-ALL-480P__10K_extracted__cc08c0bdc34ddd2867705d0b17a86ec2a9d7c7926ce99070ed1fdc66a812de07,DL3DV-ALL-480P/10K_extracted/cc08c0bdc34ddd2867705d0b17a86ec2a9d7c7926ce99070ed1fdc66a812de07,DL3DV-ALL-480P,DL3DV-ALL-480P,nerf_transforms_images8_colmap_depth,colmap_photometric_bin,transforms_json_opengl_c2w,80,80,12,/home/m/dataset/ltm_datasets/DL3DV-ALL-480P/10K_extracted/cc08c0bdc34ddd2867705d0b17a86ec2a9d7c7926ce99070ed1fdc66a812de07
DL3DV-ALL-480P__10K_extracted__cc1a74d49f257a449a6b2c112ea3a26f3b5ee1784a1acaac8a10a4969e8bc33e,DL3DV-ALL-480P/10K_extracted/cc1a74d49f257a449a6b2c112ea3a26f3b5ee1784a1acaac8a10a4969e8bc33e,DL3DV-ALL-480P,DL3DV-ALL-480P,nerf_transforms_images8_colmap_depth,colmap_photometric_bin,transforms_json_opengl_c2w,80,80,12,/home/m/dataset/ltm_datasets/DL3DV-ALL-480P/10K_extracted/cc1a74d49f257a449a6b2c112ea3a26f3b5ee1784a1acaac8a10a4969e8bc33e
DL3DV-ALL-480P__10K_extracted__cc1cf8e90b686c73a1375a88f0972a327eb012dac4397966f0741ad7df711db9,DL3DV-ALL-480P/10K_extracted/cc1cf8e90b686c73a1375a88f0972a327eb012dac4397966f0741ad7df711db9,DL3DV-ALL-480P,DL3DV-ALL-480P,nerf_transforms_images8_colmap_depth,colmap_photometric_bin,transforms_json_opengl_c2w,80,80,12,/home/m/dataset/ltm_datasets/DL3DV-ALL-480P/10K_extracted/cc1cf8e90b686c73a1375a88f0972a327eb012dac4397966f0741ad7df711db9
DL3DV-ALL-480P__10K_extracted__cc1f70b8eb206aec660c551ab2a09f9d07de147d9f5641d4933a389850d4b9b1,DL3DV-ALL-480P/10K_extracted/cc1f70b8eb206aec660c551ab2a09f9d07de147d9f5641d4933a389850d4b9b1,DL3DV-ALL-480P,DL3DV-ALL-480P,nerf_transforms_images8_colmap_depth,colmap_photometric_bin,transforms_json_opengl_c2w,80,80,12,/home/m/dataset/ltm_datasets/DL3DV-ALL-480P/10K_extracted/cc1f70b8eb206aec660c551ab2a09f9d07de147d9f5641d4933a389850d4b9b1
DL3DV-ALL-480P__10K_extracted__cc2c8d29ab835d33a0e5a91733c9cfbf4820bf13011f088d6fd8dea4e2897aca,DL3DV-ALL-480P/10K_extracted/cc2c8d29ab835d33a0e5a91733c9cfbf4820bf13011f088d6fd8dea4e2897aca,DL3DV-ALL-480P,DL3DV-ALL-480P,nerf_transforms_images8_colmap_depth,colmap_photometric_bin,transforms_json_opengl_c2w,80,80,12,/home/m/dataset/ltm_datasets/DL3DV-ALL-480P/10K_extracted/cc2c8d29ab835d33a0e5a91733c9cfbf4820bf13011f088d6fd8dea4e2897aca
DL3DV-ALL-480P__10K_extracted__cc2dc09c13b74002970de3d53f8d7ec21d75a43a7b3e7e0442369d56892731cb,DL3DV-ALL-480P/10K_extracted/cc2dc09c13b74002970de3d53f8d7ec21d75a43a7b3e7e0442369d56892731cb,DL3DV-ALL-480P,DL3DV-ALL-480P,nerf_transforms_images8_colmap_depth,colmap_photometric_bin,transforms_json_opengl_c2w,80,80,12,/home/m/dataset/ltm_datasets/DL3DV-ALL-480P/10K_extracted/cc2dc09c13b74002970de3d53f8d7ec21d75a43a7b3e7e0442369d56892731cb
DL3DV-ALL-480P__10K_extracted__cc8b4e8579846dc7c515a80b46636b5b57225ab6b62d5ec5a2f6356e3ba6b71e,DL3DV-ALL-480P/10K_extracted/cc8b4e8579846dc7c515a80b46636b5b57225ab6b62d5ec5a2f6356e3ba6b71e,DL3DV-ALL-480P,DL3DV-ALL-480P,nerf_transforms_images8_colmap_depth,colmap_photometric_bin,transforms_json_opengl_c2w,80,80,12,/home/m/dataset/ltm_datasets/DL3DV-ALL-480P/10K_extracted/cc8b4e8579846dc7c515a80b46636b5b57225ab6b62d5ec5a2f6356e3ba6b71e
DL3DV-ALL-480P__10K_extracted__ccc5483ae11e2ce09201186693a84d78507f9a1e0db3ff61f23e1571a9f54e2c,DL3DV-ALL-480P/10K_extracted/ccc5483ae11e2ce09201186693a84d78507f9a1e0db3ff61f23e1571a9f54e2c,DL3DV-ALL-480P,DL3DV-ALL-480P,nerf_transforms_images8_colmap_depth,colmap_photometric_bin,transforms_json_opengl_c2w,80,80,12,/home/m/dataset/ltm_datasets/DL3DV-ALL-480P/10K_extracted/ccc5483ae11e2ce09201186693a84d78507f9a1e0db3ff61f23e1571a9f54e2c
DL3DV-ALL-480P__10K_extracted__ccf0cd2eea6bc446f80f1d4b0011e63ccd3abdf6347bdc10c27a8791eaf2b31f,DL3DV-ALL-480P/10K_extracted/ccf0cd2eea6bc446f80f1d4b0011e63ccd3abdf6347bdc10c27a8791eaf2b31f,DL3DV-ALL-480P,DL3DV-ALL-480P,nerf_transforms_images8_colmap_depth,colmap_photometric_bin,transforms_json_opengl_c2w,80,80,12,/home/m/dataset/ltm_datasets/DL3DV-ALL-480P/10K_extracted/ccf0cd2eea6bc446f80f1d4b0011e63ccd3abdf6347bdc10c27a8791eaf2b31f
DL3DV-ALL-480P__10K_extracted__ccf6bc7f68cd16162efb612b0cde995058a59816444b3cf1a45512b922073ec6,DL3DV-ALL-480P/10K_extracted/ccf6bc7f68cd16162efb612b0cde995058a59816444b3cf1a45512b922073ec6,DL3DV-ALL-480P,DL3DV-ALL-480P,nerf_transforms_images8_colmap_depth,colmap_photometric_bin,transforms_json_opengl_c2w,80,80,12,/home/m/dataset/ltm_datasets/DL3DV-ALL-480P/10K_extracted/ccf6bc7f68cd16162efb612b0cde995058a59816444b3cf1a45512b922073ec6
DL3DV-ALL-480P__10K_extracted__cd30b32720e22c1b8fdf6865ede507bce5529698046522215182d371654f1968,DL3DV-ALL-480P/10K_extracted/cd30b32720e22c1b8fdf6865ede507bce5529698046522215182d371654f1968,DL3DV-ALL-480P,DL3DV-ALL-480P,nerf_transforms_images8_colmap_depth,colmap_photometric_bin,transforms_json_opengl_c2w,80,80,12,/home/m/dataset/ltm_datasets/DL3DV-ALL-480P/10K_extracted/cd30b32720e22c1b8fdf6865ede507bce5529698046522215182d371654f1968
DL3DV-ALL-480P__10K_extracted__cd442275621848ea11fd053e9bbb2caab2bd37703cceeaa9c99d6107842074cc,DL3DV-ALL-480P/10K_extracted/cd442275621848ea11fd053e9bbb2caab2bd37703cceeaa9c99d6107842074cc,DL3DV-ALL-480P,DL3DV-ALL-480P,nerf_transforms_images8_colmap_depth,colmap_photometric_bin,transforms_json_opengl_c2w,80,80,12,/home/m/dataset/ltm_datasets/DL3DV-ALL-480P/10K_extracted/cd442275621848ea11fd053e9bbb2caab2bd37703cceeaa9c99d6107842074cc
DL3DV-ALL-480P__10K_extracted__cd7acad3fac79ea97b0cb3c1851e4346997076964e77318e93bf6be9da80ccdf,DL3DV-ALL-480P/10K_extracted/cd7acad3fac79ea97b0cb3c1851e4346997076964e77318e93bf6be9da80ccdf,DL3DV-ALL-480P,DL3DV-ALL-480P,nerf_transforms_images8_colmap_depth,colmap_photometric_bin,transforms_json_opengl_c2w,80,80,12,/home/m/dataset/ltm_datasets/DL3DV-ALL-480P/10K_extracted/cd7acad3fac79ea97b0cb3c1851e4346997076964e77318e93bf6be9da80ccdf
DL3DV-ALL-480P__10K_extracted__cd7d889906d6b22d46283d4722c06623f1d9ac85800d76402189c6d621492228,DL3DV-ALL-480P/10K_extracted/cd7d889906d6b22d46283d4722c06623f1d9ac85800d76402189c6d621492228,DL3DV-ALL-480P,DL3DV-ALL-480P,nerf_transforms_images8_colmap_depth,colmap_photometric_bin,transforms_json_opengl_c2w,80,80,12,/home/m/dataset/ltm_datasets/DL3DV-ALL-480P/10K_extracted/cd7d889906d6b22d46283d4722c06623f1d9ac85800d76402189c6d621492228
DL3DV-ALL-480P__10K_extracted__cdaef9b1331cb158f04608e6943d3e71e2be4c18ec840e82770d913b59deb511,DL3DV-ALL-480P/10K_extracted/cdaef9b1331cb158f04608e6943d3e71e2be4c18ec840e82770d913b59deb511,DL3DV-ALL-480P,DL3DV-ALL-480P,nerf_transforms_images8_colmap_depth,colmap_photometric_bin,transforms_json_opengl_c2w,80,80,12,/home/m/dataset/ltm_datasets/DL3DV-ALL-480P/10K_extracted/cdaef9b1331cb158f04608e6943d3e71e2be4c18ec840e82770d913b59deb511
DL3DV-ALL-480P__10K_extracted__cdb9ae7fc3beb66df8d121f1477391b11791ebaf0c9a2bf06a3c8cf3a65a1755,DL3DV-ALL-480P/10K_extracted/cdb9ae7fc3beb66df8d121f1477391b11791ebaf0c9a2bf06a3c8cf3a65a1755,DL3DV-ALL-480P,DL3DV-ALL-480P,nerf_transforms_images8_colmap_depth,colmap_photometric_bin,transforms_json_opengl_c2w,80,80,12,/home/m/dataset/ltm_datasets/DL3DV-ALL-480P/10K_extracted/cdb9ae7fc3beb66df8d121f1477391b11791ebaf0c9a2bf06a3c8cf3a65a1755
DL3DV-ALL-480P__10K_extracted__cdf3b305608f7c05f42acd68b2b457c5837e3d48d71e46105b6d817fe3160c27,DL3DV-ALL-480P/10K_extracted/cdf3b305608f7c05f42acd68b2b457c5837e3d48d71e46105b6d817fe3160c27,DL3DV-ALL-480P,DL3DV-ALL-480P,nerf_transforms_images8_colmap_depth,colmap_photometric_bin,transforms_json_opengl_c2w,80,80,12,/home/m/dataset/ltm_datasets/DL3DV-ALL-480P/10K_extracted/cdf3b305608f7c05f42acd68b2b457c5837e3d48d71e46105b6d817fe3160c27
DL3DV-ALL-480P__10K_extracted__ce241fa8c10ec0290c193849baa291f4621ea662e88f0b17ef9f393e81e20ac3,DL3DV-ALL-480P/10K_extracted/ce241fa8c10ec0290c193849baa291f4621ea662e88f0b17ef9f393e81e20ac3,DL3DV-ALL-480P,DL3DV-ALL-480P,nerf_transforms_images8_colmap_depth,colmap_photometric_bin,transforms_json_opengl_c2w,80,80,12,/home/m/dataset/ltm_datasets/DL3DV-ALL-480P/10K_extracted/ce241fa8c10ec0290c193849baa291f4621ea662e88f0b17ef9f393e81e20ac3
DL3DV-ALL-480P__10K_extracted__ce75d159cbd5ac045e36310dc6f417256b79efee0c8b04746fcbbcbc009124e4,DL3DV-ALL-480P/10K_extracted/ce75d159cbd5ac045e36310dc6f417256b79efee0c8b04746fcbbcbc009124e4,DL3DV-ALL-480P,DL3DV-ALL-480P,nerf_transforms_images8_colmap_depth,colmap_photometric_bin,transforms_json_opengl_c2w,80,80,12,/home/m/dataset/ltm_datasets/DL3DV-ALL-480P/10K_extracted/ce75d159cbd5ac045e36310dc6f417256b79efee0c8b04746fcbbcbc009124e4
DL3DV-ALL-480P__10K_extracted__cef3ef624abef67855c73c9e45c75dfd0f81e96884ef6af5e0c65f20b31c6490,DL3DV-ALL-480P/10K_extracted/cef3ef624abef67855c73c9e45c75dfd0f81e96884ef6af5e0c65f20b31c6490,DL3DV-ALL-480P,DL3DV-ALL-480P,nerf_transforms_images8_colmap_depth,colmap_photometric_bin,transforms_json_opengl_c2w,80,80,12,/home/m/dataset/ltm_datasets/DL3DV-ALL-480P/10K_extracted/cef3ef624abef67855c73c9e45c75dfd0f81e96884ef6af5e0c65f20b31c6490
DL3DV-ALL-480P__10K_extracted__cef625d28efada1bd84e3054ccf87d95084e7601c3a6830807344a8dc12eb074,DL3DV-ALL-480P/10K_extracted/cef625d28efada1bd84e3054ccf87d95084e7601c3a6830807344a8dc12eb074,DL3DV-ALL-480P,DL3DV-ALL-480P,nerf_transforms_images8_colmap_depth,colmap_photometric_bin,transforms_json_opengl_c2w,80,80,12,/home/m/dataset/ltm_datasets/DL3DV-ALL-480P/10K_extracted/cef625d28efada1bd84e3054ccf87d95084e7601c3a6830807344a8dc12eb074
DL3DV-ALL-480P__10K_extracted__cf0cdc7ab3a0f92ab61c7caf0e7b3e34c3d3a7ae0c54424961b37124fd08bd72,DL3DV-ALL-480P/10K_extracted/cf0cdc7ab3a0f92ab61c7caf0e7b3e34c3d3a7ae0c54424961b37124fd08bd72,DL3DV-ALL-480P,DL3DV-ALL-480P,nerf_transforms_images8_colmap_depth,colmap_photometric_bin,transforms_json_opengl_c2w,80,80,12,/home/m/dataset/ltm_datasets/DL3DV-ALL-480P/10K_extracted/cf0cdc7ab3a0f92ab61c7caf0e7b3e34c3d3a7ae0c54424961b37124fd08bd72
DL3DV-ALL-480P__10K_extracted__cf135ca1576654cb5ec46a0ba1d7ffa9dd05da0f92553a78953732356c0c7d8a,DL3DV-ALL-480P/10K_extracted/cf135ca1576654cb5ec46a0ba1d7ffa9dd05da0f92553a78953732356c0c7d8a,DL3DV-ALL-480P,DL3DV-ALL-480P,nerf_transforms_images8_colmap_depth,colmap_photometric_bin,transforms_json_opengl_c2w,80,80,12,/home/m/dataset/ltm_datasets/DL3DV-ALL-480P/10K_extracted/cf135ca1576654cb5ec46a0ba1d7ffa9dd05da0f92553a78953732356c0c7d8a
DL3DV-ALL-480P__10K_extracted__cf2446c0f22fa5b942a2c966097ca466558882cb5127d1093356fb756cee06a5,DL3DV-ALL-480P/10K_extracted/cf2446c0f22fa5b942a2c966097ca466558882cb5127d1093356fb756cee06a5,DL3DV-ALL-480P,DL3DV-ALL-480P,nerf_transforms_images8_colmap_depth,colmap_photometric_bin,transforms_json_opengl_c2w,80,80,12,/home/m/dataset/ltm_datasets/DL3DV-ALL-480P/10K_extracted/cf2446c0f22fa5b942a2c966097ca466558882cb5127d1093356fb756cee06a5
DL3DV-ALL-480P__10K_extracted__cf74c81b81ec1b4beee3dba4fe364bbe38e0d5247d24a09d134596926567e1a5,DL3DV-ALL-480P/10K_extracted/cf74c81b81ec1b4beee3dba4fe364bbe38e0d5247d24a09d134596926567e1a5,DL3DV-ALL-480P,DL3DV-ALL-480P,nerf_transforms_images8_colmap_depth,colmap_photometric_bin,transforms_json_opengl_c2w,80,80,12,/home/m/dataset/ltm_datasets/DL3DV-ALL-480P/10K_extracted/cf74c81b81ec1b4beee3dba4fe364bbe38e0d5247d24a09d134596926567e1a5
DL3DV-ALL-480P__10K_extracted__cff5be1aab3ba11b03bd02c5e0aaab30b113bada421b39e2b801d6bfd816dd5f,DL3DV-ALL-480P/10K_extracted/cff5be1aab3ba11b03bd02c5e0aaab30b113bada421b39e2b801d6bfd816dd5f,DL3DV-ALL-480P,DL3DV-ALL-480P,nerf_transforms_images8_colmap_depth,colmap_photometric_bin,transforms_json_opengl_c2w,80,80,12,/home/m/dataset/ltm_datasets/DL3DV-ALL-480P/10K_extracted/cff5be1aab3ba11b03bd02c5e0aaab30b113bada421b39e2b801d6bfd816dd5f
DL3DV-ALL-480P__10K_extracted__d0432d2ea7a63697623e4bee0ea6173f08aede53cb49c923098e7cebd09b9704,DL3DV-ALL-480P/10K_extracted/d0432d2ea7a63697623e4bee0ea6173f08aede53cb49c923098e7cebd09b9704,DL3DV-ALL-480P,DL3DV-ALL-480P,nerf_transforms_images8_colmap_depth,colmap_photometric_bin,transforms_json_opengl_c2w,80,80,12,/home/m/dataset/ltm_datasets/DL3DV-ALL-480P/10K_extracted/d0432d2ea7a63697623e4bee0ea6173f08aede53cb49c923098e7cebd09b9704
DL3DV-ALL-480P__10K_extracted__d0aea83ce1179b4b2f2e43f7b8b936a9a1aa756c76cb2b5b9816e6065a5e7233,DL3DV-ALL-480P/10K_extracted/d0aea83ce1179b4b2f2e43f7b8b936a9a1aa756c76cb2b5b9816e6065a5e7233,DL3DV-ALL-480P,DL3DV-ALL-480P,nerf_transforms_images8_colmap_depth,colmap_photometric_bin,transforms_json_opengl_c2w,80,80,12,/home/m/dataset/ltm_datasets/DL3DV-ALL-480P/10K_extracted/d0aea83ce1179b4b2f2e43f7b8b936a9a1aa756c76cb2b5b9816e6065a5e7233
DL3DV-ALL-480P__10K_extracted__d0b1288356b74cd68dc5ff1eec5d0bb7eee86b7796aad2a61b9640ed79d3be53,DL3DV-ALL-480P/10K_extracted/d0b1288356b74cd68dc5ff1eec5d0bb7eee86b7796aad2a61b9640ed79d3be53,DL3DV-ALL-480P,DL3DV-ALL-480P,nerf_transforms_images8_colmap_depth,colmap_photometric_bin,transforms_json_opengl_c2w,80,80,12,/home/m/dataset/ltm_datasets/DL3DV-ALL-480P/10K_extracted/d0b1288356b74cd68dc5ff1eec5d0bb7eee86b7796aad2a61b9640ed79d3be53
DL3DV-ALL-480P__10K_extracted__d10553b0d5abc9865ffbed5a0e4a36e6700ed64d2d424f62c8405a6396e7655d,DL3DV-ALL-480P/10K_extracted/d10553b0d5abc9865ffbed5a0e4a36e6700ed64d2d424f62c8405a6396e7655d,DL3DV-ALL-480P,DL3DV-ALL-480P,nerf_transforms_images8_colmap_depth,colmap_photometric_bin,transforms_json_opengl_c2w,80,80,12,/home/m/dataset/ltm_datasets/DL3DV-ALL-480P/10K_extracted/d10553b0d5abc9865ffbed5a0e4a36e6700ed64d2d424f62c8405a6396e7655d
DL3DV-ALL-480P__10K_extracted__d1b550c41b1fd58c6d7a61c9f7920a5f1bb58115dd14722bd6d30845e6a486a7,DL3DV-ALL-480P/10K_extracted/d1b550c41b1fd58c6d7a61c9f7920a5f1bb58115dd14722bd6d30845e6a486a7,DL3DV-ALL-480P,DL3DV-ALL-480P,nerf_transforms_images8_colmap_depth,colmap_photometric_bin,transforms_json_opengl_c2w,80,80,12,/home/m/dataset/ltm_datasets/DL3DV-ALL-480P/10K_extracted/d1b550c41b1fd58c6d7a61c9f7920a5f1bb58115dd14722bd6d30845e6a486a7
DL3DV-ALL-480P__10K_extracted__d1c4dd0e845859bffbc62cb354547da756c7d8dabf144a990c0d92bed31a3ecb,DL3DV-ALL-480P/10K_extracted/d1c4dd0e845859bffbc62cb354547da756c7d8dabf144a990c0d92bed31a3ecb,DL3DV-ALL-480P,DL3DV-ALL-480P,nerf_transforms_images8_colmap_depth,colmap_photometric_bin,transforms_json_opengl_c2w,80,80,12,/home/m/dataset/ltm_datasets/DL3DV-ALL-480P/10K_extracted/d1c4dd0e845859bffbc62cb354547da756c7d8dabf144a990c0d92bed31a3ecb
DL3DV-ALL-480P__10K_extracted__d239a762be9322f6967fca40fa50da0fda6a0614b6a0739a245a73890cbae14e,DL3DV-ALL-480P/10K_extracted/d239a762be9322f6967fca40fa50da0fda6a0614b6a0739a245a73890cbae14e,DL3DV-ALL-480P,DL3DV-ALL-480P,nerf_transforms_images8_colmap_depth,colmap_photometric_bin,transforms_json_opengl_c2w,80,80,12,/home/m/dataset/ltm_datasets/DL3DV-ALL-480P/10K_extracted/d239a762be9322f6967fca40fa50da0fda6a0614b6a0739a245a73890cbae14e
DL3DV-ALL-480P__10K_extracted__d23cf2d6ba3cab66421568ecf03c298efbf5f98352280b30d0198c1a9d0ab58c,DL3DV-ALL-480P/10K_extracted/d23cf2d6ba3cab66421568ecf03c298efbf5f98352280b30d0198c1a9d0ab58c,DL3DV-ALL-480P,DL3DV-ALL-480P,nerf_transforms_images8_colmap_depth,colmap_photometric_bin,transforms_json_opengl_c2w,80,80,12,/home/m/dataset/ltm_datasets/DL3DV-ALL-480P/10K_extracted/d23cf2d6ba3cab66421568ecf03c298efbf5f98352280b30d0198c1a9d0ab58c
DL3DV-ALL-480P__10K_extracted__d24f95970a1cd78b4204a2c82829c5c74b1f281fb613c278abaa02a00cad68c7,DL3DV-ALL-480P/10K_extracted/d24f95970a1cd78b4204a2c82829c5c74b1f281fb613c278abaa02a00cad68c7,DL3DV-ALL-480P,DL3DV-ALL-480P,nerf_transforms_images8_colmap_depth,colmap_photometric_bin,transforms_json_opengl_c2w,80,80,12,/home/m/dataset/ltm_datasets/DL3DV-ALL-480P/10K_extracted/d24f95970a1cd78b4204a2c82829c5c74b1f281fb613c278abaa02a00cad68c7
DL3DV-ALL-480P__10K_extracted__d25b81989c13208cb7285946ac465d40be4e99ea9ef895ddd1c34f8bb61fece0,DL3DV-ALL-480P/10K_extracted/d25b81989c13208cb7285946ac465d40be4e99ea9ef895ddd1c34f8bb61fece0,DL3DV-ALL-480P,DL3DV-ALL-480P,nerf_transforms_images8_colmap_depth,colmap_photometric_bin,transforms_json_opengl_c2w,80,80,12,/home/m/dataset/ltm_datasets/DL3DV-ALL-480P/10K_extracted/d25b81989c13208cb7285946ac465d40be4e99ea9ef895ddd1c34f8bb61fece0
DL3DV-ALL-480P__10K_extracted__d2683b6894294f058f64b9d8ae16e549068bcd531ffc77d149a188db8a83d06e,DL3DV-ALL-480P/10K_extracted/d2683b6894294f058f64b9d8ae16e549068bcd531ffc77d149a188db8a83d06e,DL3DV-ALL-480P,DL3DV-ALL-480P,nerf_transforms_images8_colmap_depth,colmap_photometric_bin,transforms_json_opengl_c2w,80,80,12,/home/m/dataset/ltm_datasets/DL3DV-ALL-480P/10K_extracted/d2683b6894294f058f64b9d8ae16e549068bcd531ffc77d149a188db8a83d06e
DL3DV-ALL-480P__10K_extracted__d2759f16a0428ee3992016ac4aa8f68635d1951282c35448bf21661118a273b3,DL3DV-ALL-480P/10K_extracted/d2759f16a0428ee3992016ac4aa8f68635d1951282c35448bf21661118a273b3,DL3DV-ALL-480P,DL3DV-ALL-480P,nerf_transforms_images8_colmap_depth,colmap_photometric_bin,transforms_json_opengl_c2w,80,80,12,/home/m/dataset/ltm_datasets/DL3DV-ALL-480P/10K_extracted/d2759f16a0428ee3992016ac4aa8f68635d1951282c35448bf21661118a273b3
DL3DV-ALL-480P__10K_extracted__d286c5ea19fe4c5c4db935d68022440b0a61ec8798ff9e770973417adeaf1f20,DL3DV-ALL-480P/10K_extracted/d286c5ea19fe4c5c4db935d68022440b0a61ec8798ff9e770973417adeaf1f20,DL3DV-ALL-480P,DL3DV-ALL-480P,nerf_transforms_images8_colmap_depth,colmap_photometric_bin,transforms_json_opengl_c2w,80,80,12,/home/m/dataset/ltm_datasets/DL3DV-ALL-480P/10K_extracted/d286c5ea19fe4c5c4db935d68022440b0a61ec8798ff9e770973417adeaf1f20
DL3DV-ALL-480P__10K_extracted__d289d3beef482152f488c66a15f081c0962e7261c448c7bdca2454e108540fbf,DL3DV-ALL-480P/10K_extracted/d289d3beef482152f488c66a15f081c0962e7261c448c7bdca2454e108540fbf,DL3DV-ALL-480P,DL3DV-ALL-480P,nerf_transforms_images8_colmap_depth,colmap_photometric_bin,transforms_json_opengl_c2w,80,80,12,/home/m/dataset/ltm_datasets/DL3DV-ALL-480P/10K_extracted/d289d3beef482152f488c66a15f081c0962e7261c448c7bdca2454e108540fbf
DL3DV-ALL-480P__10K_extracted__d29560044b6c223d2fb866505b5be076d0b7c17ef879bc5484bcdae8815af353,DL3DV-ALL-480P/10K_extracted/d29560044b6c223d2fb866505b5be076d0b7c17ef879bc5484bcdae8815af353,DL3DV-ALL-480P,DL3DV-ALL-480P,nerf_transforms_images8_colmap_depth,colmap_photometric_bin,transforms_json_opengl_c2w,80,80,12,/home/m/dataset/ltm_datasets/DL3DV-ALL-480P/10K_extracted/d29560044b6c223d2fb866505b5be076d0b7c17ef879bc5484bcdae8815af353
DL3DV-ALL-480P__10K_extracted__d29884ed82de0d2fb29f76ba628d458cb67b8cd46298fa078d2f51ce8680f34b,DL3DV-ALL-480P/10K_extracted/d29884ed82de0d2fb29f76ba628d458cb67b8cd46298fa078d2f51ce8680f34b,DL3DV-ALL-480P,DL3DV-ALL-480P,nerf_transforms_images8_colmap_depth,colmap_photometric_bin,transforms_json_opengl_c2w,80,80,12,/home/m/dataset/ltm_datasets/DL3DV-ALL-480P/10K_extracted/d29884ed82de0d2fb29f76ba628d458cb67b8cd46298fa078d2f51ce8680f34b
DL3DV-ALL-480P__10K_extracted__d2ab867f3ade0299dd0da500d1f0ce8972ff17ab54839a0297b6adc15f59395c,DL3DV-ALL-480P/10K_extracted/d2ab867f3ade0299dd0da500d1f0ce8972ff17ab54839a0297b6adc15f59395c,DL3DV-ALL-480P,DL3DV-ALL-480P,nerf_transforms_images8_colmap_depth,colmap_photometric_bin,transforms_json_opengl_c2w,80,80,12,/home/m/dataset/ltm_datasets/DL3DV-ALL-480P/10K_extracted/d2ab867f3ade0299dd0da500d1f0ce8972ff17ab54839a0297b6adc15f59395c
DL3DV-ALL-480P__10K_extracted__d2bca626b442276e269df9d6b0f0cc4740c0c1dc0b0458822ff6bdb2caadbcee,DL3DV-ALL-480P/10K_extracted/d2bca626b442276e269df9d6b0f0cc4740c0c1dc0b0458822ff6bdb2caadbcee,DL3DV-ALL-480P,DL3DV-ALL-480P,nerf_transforms_images8_colmap_depth,colmap_photometric_bin,transforms_json_opengl_c2w,80,80,12,/home/m/dataset/ltm_datasets/DL3DV-ALL-480P/10K_extracted/d2bca626b442276e269df9d6b0f0cc4740c0c1dc0b0458822ff6bdb2caadbcee
DL3DV-ALL-480P__10K_extracted__d2cad727a318a1645a5de505033f50ba5066055c30caeaa570ad7d88e012d795,DL3DV-ALL-480P/10K_extracted/d2cad727a318a1645a5de505033f50ba5066055c30caeaa570ad7d88e012d795,DL3DV-ALL-480P,DL3DV-ALL-480P,nerf_transforms_images8_colmap_depth,colmap_photometric_bin,transforms_json_opengl_c2w,80,80,12,/home/m/dataset/ltm_datasets/DL3DV-ALL-480P/10K_extracted/d2cad727a318a1645a5de505033f50ba5066055c30caeaa570ad7d88e012d795
DL3DV-ALL-480P__10K_extracted__d2d352761e81bd293f43d7d09ac6631573decf4c433244866ee241b7f08cbad0,DL3DV-ALL-480P/10K_extracted/d2d352761e81bd293f43d7d09ac6631573decf4c433244866ee241b7f08cbad0,DL3DV-ALL-480P,DL3DV-ALL-480P,nerf_transforms_images8_colmap_depth,colmap_photometric_bin,transforms_json_opengl_c2w,80,80,12,/home/m/dataset/ltm_datasets/DL3DV-ALL-480P/10K_extracted/d2d352761e81bd293f43d7d09ac6631573decf4c433244866ee241b7f08cbad0
DL3DV-ALL-480P__10K_extracted__d2f89e96cda23066ad48dfa5804fec0fb8e0928f2952c7f573e06c59da53c8e2,DL3DV-ALL-480P/10K_extracted/d2f89e96cda23066ad48dfa5804fec0fb8e0928f2952c7f573e06c59da53c8e2,DL3DV-ALL-480P,DL3DV-ALL-480P,nerf_transforms_images8_colmap_depth,colmap_photometric_bin,transforms_json_opengl_c2w,80,80,12,/home/m/dataset/ltm_datasets/DL3DV-ALL-480P/10K_extracted/d2f89e96cda23066ad48dfa5804fec0fb8e0928f2952c7f573e06c59da53c8e2
DL3DV-ALL-480P__10K_extracted__d364d9bdb4f57c44200ad87a0d97d642f90b7578b57654cc48bc622dcc8075f1,DL3DV-ALL-480P/10K_extracted/d364d9bdb4f57c44200ad87a0d97d642f90b7578b57654cc48bc622dcc8075f1,DL3DV-ALL-480P,DL3DV-ALL-480P,nerf_transforms_images8_colmap_depth,colmap_photometric_bin,transforms_json_opengl_c2w,80,80,12,/home/m/dataset/ltm_datasets/DL3DV-ALL-480P/10K_extracted/d364d9bdb4f57c44200ad87a0d97d642f90b7578b57654cc48bc622dcc8075f1
DL3DV-ALL-480P__10K_extracted__d37618e44208c1b3937593396bab1495caaeb69164833cebdab1c03b8dfd0d4f,DL3DV-ALL-480P/10K_extracted/d37618e44208c1b3937593396bab1495caaeb69164833cebdab1c03b8dfd0d4f,DL3DV-ALL-480P,DL3DV-ALL-480P,nerf_transforms_images8_colmap_depth,colmap_photometric_bin,transforms_json_opengl_c2w,80,80,12,/home/m/dataset/ltm_datasets/DL3DV-ALL-480P/10K_extracted/d37618e44208c1b3937593396bab1495caaeb69164833cebdab1c03b8dfd0d4f
DL3DV-ALL-480P__10K_extracted__d3b0e0260e352e1cf163f6b18fd980c17b5939aa0c876b7dca8986eff867f617,DL3DV-ALL-480P/10K_extracted/d3b0e0260e352e1cf163f6b18fd980c17b5939aa0c876b7dca8986eff867f617,DL3DV-ALL-480P,DL3DV-ALL-480P,nerf_transforms_images8_colmap_depth,colmap_photometric_bin,transforms_json_opengl_c2w,80,80,12,/home/m/dataset/ltm_datasets/DL3DV-ALL-480P/10K_extracted/d3b0e0260e352e1cf163f6b18fd980c17b5939aa0c876b7dca8986eff867f617
DL3DV-ALL-480P__10K_extracted__d3caed662503d3d54680856eab43da71e46860a45f1b40586bfe5298cf5a3540,DL3DV-ALL-480P/10K_extracted/d3caed662503d3d54680856eab43da71e46860a45f1b40586bfe5298cf5a3540,DL3DV-ALL-480P,DL3DV-ALL-480P,nerf_transforms_images8_colmap_depth,colmap_photometric_bin,transforms_json_opengl_c2w,80,80,12,/home/m/dataset/ltm_datasets/DL3DV-ALL-480P/10K_extracted/d3caed662503d3d54680856eab43da71e46860a45f1b40586bfe5298cf5a3540
DL3DV-ALL-480P__10K_extracted__d3dc85ef75870b0a6b601f7acb52890cec440a65f7a6ea6099a39a261634d98f,DL3DV-ALL-480P/10K_extracted/d3dc85ef75870b0a6b601f7acb52890cec440a65f7a6ea6099a39a261634d98f,DL3DV-ALL-480P,DL3DV-ALL-480P,nerf_transforms_images8_colmap_depth,colmap_photometric_bin,transforms_json_opengl_c2w,80,80,12,/home/m/dataset/ltm_datasets/DL3DV-ALL-480P/10K_extracted/d3dc85ef75870b0a6b601f7acb52890cec440a65f7a6ea6099a39a261634d98f
DL3DV-ALL-480P__10K_extracted__d431e0544afcf2473b1cd0201dd5cac6c6fadaa606ae438d4e9b9811a8711110,DL3DV-ALL-480P/10K_extracted/d431e0544afcf2473b1cd0201dd5cac6c6fadaa606ae438d4e9b9811a8711110,DL3DV-ALL-480P,DL3DV-ALL-480P,nerf_transforms_images8_colmap_depth,colmap_photometric_bin,transforms_json_opengl_c2w,80,80,12,/home/m/dataset/ltm_datasets/DL3DV-ALL-480P/10K_extracted/d431e0544afcf2473b1cd0201dd5cac6c6fadaa606ae438d4e9b9811a8711110
DL3DV-ALL-480P__10K_extracted__d4419dd7afd7a3ccc5e34d6bf34cde82e2758b29616b0670225c0185309676c1,DL3DV-ALL-480P/10K_extracted/d4419dd7afd7a3ccc5e34d6bf34cde82e2758b29616b0670225c0185309676c1,DL3DV-ALL-480P,DL3DV-ALL-480P,nerf_transforms_images8_colmap_depth,colmap_photometric_bin,transforms_json_opengl_c2w,80,80,12,/home/m/dataset/ltm_datasets/DL3DV-ALL-480P/10K_extracted/d4419dd7afd7a3ccc5e34d6bf34cde82e2758b29616b0670225c0185309676c1
DL3DV-ALL-480P__10K_extracted__d465b6b7b59db7ba81537a7706268d989b85922336040def54f2e758fc5ab00c,DL3DV-ALL-480P/10K_extracted/d465b6b7b59db7ba81537a7706268d989b85922336040def54f2e758fc5ab00c,DL3DV-ALL-480P,DL3DV-ALL-480P,nerf_transforms_images8_colmap_depth,colmap_photometric_bin,transforms_json_opengl_c2w,80,80,12,/home/m/dataset/ltm_datasets/DL3DV-ALL-480P/10K_extracted/d465b6b7b59db7ba81537a7706268d989b85922336040def54f2e758fc5ab00c
DL3DV-ALL-480P__10K_extracted__d467d7d2114534e5ef99fd3da255d3ef36d70856e817270d2994380af3fa9b87,DL3DV-ALL-480P/10K_extracted/d467d7d2114534e5ef99fd3da255d3ef36d70856e817270d2994380af3fa9b87,DL3DV-ALL-480P,DL3DV-ALL-480P,nerf_transforms_images8_colmap_depth,colmap_photometric_bin,transforms_json_opengl_c2w,80,80,12,/home/m/dataset/ltm_datasets/DL3DV-ALL-480P/10K_extracted/d467d7d2114534e5ef99fd3da255d3ef36d70856e817270d2994380af3fa9b87
DL3DV-ALL-480P__10K_extracted__d47de1e5564ff97f4a2e85cf41b78709fd9b9b4b666f7a90cac7411e904d8296,DL3DV-ALL-480P/10K_extracted/d47de1e5564ff97f4a2e85cf41b78709fd9b9b4b666f7a90cac7411e904d8296,DL3DV-ALL-480P,DL3DV-ALL-480P,nerf_transforms_images8_colmap_depth,colmap_photometric_bin,transforms_json_opengl_c2w,80,80,12,/home/m/dataset/ltm_datasets/DL3DV-ALL-480P/10K_extracted/d47de1e5564ff97f4a2e85cf41b78709fd9b9b4b666f7a90cac7411e904d8296
DL3DV-ALL-480P__10K_extracted__d488f3881b147a7d4e66838df839c701ebe7aadda2ce7bd35efaca484dbdb844,DL3DV-ALL-480P/10K_extracted/d488f3881b147a7d4e66838df839c701ebe7aadda2ce7bd35efaca484dbdb844,DL3DV-ALL-480P,DL3DV-ALL-480P,nerf_transforms_images8_colmap_depth,colmap_photometric_bin,transforms_json_opengl_c2w,80,80,12,/home/m/dataset/ltm_datasets/DL3DV-ALL-480P/10K_extracted/d488f3881b147a7d4e66838df839c701ebe7aadda2ce7bd35efaca484dbdb844
DL3DV-ALL-480P__10K_extracted__d4d24764b063a7c93d305bbf5a5067757d09c225f9e8b9b9a7a8685e8506c195,DL3DV-ALL-480P/10K_extracted/d4d24764b063a7c93d305bbf5a5067757d09c225f9e8b9b9a7a8685e8506c195,DL3DV-ALL-480P,DL3DV-ALL-480P,nerf_transforms_images8_colmap_depth,colmap_photometric_bin,transforms_json_opengl_c2w,80,80,12,/home/m/dataset/ltm_datasets/DL3DV-ALL-480P/10K_extracted/d4d24764b063a7c93d305bbf5a5067757d09c225f9e8b9b9a7a8685e8506c195
DL3DV-ALL-480P__10K_extracted__d525d0f7d31b1ce85e134a84de15340491a3ea1de11c3018e679d265d6e15dc6,DL3DV-ALL-480P/10K_extracted/d525d0f7d31b1ce85e134a84de15340491a3ea1de11c3018e679d265d6e15dc6,DL3DV-ALL-480P,DL3DV-ALL-480P,nerf_transforms_images8_colmap_depth,colmap_photometric_bin,transforms_json_opengl_c2w,80,80,12,/home/m/dataset/ltm_datasets/DL3DV-ALL-480P/10K_extracted/d525d0f7d31b1ce85e134a84de15340491a3ea1de11c3018e679d265d6e15dc6
DL3DV-ALL-480P__10K_extracted__d53baa8b39e431071c67a2906b2c8592c020a4a97dfbd37907689ce3402d8e44,DL3DV-ALL-480P/10K_extracted/d53baa8b39e431071c67a2906b2c8592c020a4a97dfbd37907689ce3402d8e44,DL3DV-ALL-480P,DL3DV-ALL-480P,nerf_transforms_images8_colmap_depth,colmap_photometric_bin,transforms_json_opengl_c2w,80,80,12,/home/m/dataset/ltm_datasets/DL3DV-ALL-480P/10K_extracted/d53baa8b39e431071c67a2906b2c8592c020a4a97dfbd37907689ce3402d8e44
DL3DV-ALL-480P__10K_extracted__d54bdf772aa5a5db6bb860413bf4fe8c8804bb8df5ee19eaae9829193cb695f9,DL3DV-ALL-480P/10K_extracted/d54bdf772aa5a5db6bb860413bf4fe8c8804bb8df5ee19eaae9829193cb695f9,DL3DV-ALL-480P,DL3DV-ALL-480P,nerf_transforms_images8_colmap_depth,colmap_photometric_bin,transforms_json_opengl_c2w,80,80,12,/home/m/dataset/ltm_datasets/DL3DV-ALL-480P/10K_extracted/d54bdf772aa5a5db6bb860413bf4fe8c8804bb8df5ee19eaae9829193cb695f9
DL3DV-ALL-480P__10K_extracted__d58d06cff799c7e3ed84c1daecb614ee387985e070f0803e8f93449df38bdc6a,DL3DV-ALL-480P/10K_extracted/d58d06cff799c7e3ed84c1daecb614ee387985e070f0803e8f93449df38bdc6a,DL3DV-ALL-480P,DL3DV-ALL-480P,nerf_transforms_images8_colmap_depth,colmap_photometric_bin,transforms_json_opengl_c2w,80,80,12,/home/m/dataset/ltm_datasets/DL3DV-ALL-480P/10K_extracted/d58d06cff799c7e3ed84c1daecb614ee387985e070f0803e8f93449df38bdc6a
DL3DV-ALL-480P__10K_extracted__d5a2c85660b2f05fae38f38330fc4815aa5b908c0c0e4d49eead05ab630a8ab2,DL3DV-ALL-480P/10K_extracted/d5a2c85660b2f05fae38f38330fc4815aa5b908c0c0e4d49eead05ab630a8ab2,DL3DV-ALL-480P,DL3DV-ALL-480P,nerf_transforms_images8_colmap_depth,colmap_photometric_bin,transforms_json_opengl_c2w,80,80,12,/home/m/dataset/ltm_datasets/DL3DV-ALL-480P/10K_extracted/d5a2c85660b2f05fae38f38330fc4815aa5b908c0c0e4d49eead05ab630a8ab2
DL3DV-ALL-480P__10K_extracted__d5bc375d63a57d9664138576408935bc77c738c99673d8f483c131aaa5099b08,DL3DV-ALL-480P/10K_extracted/d5bc375d63a57d9664138576408935bc77c738c99673d8f483c131aaa5099b08,DL3DV-ALL-480P,DL3DV-ALL-480P,nerf_transforms_images8_colmap_depth,colmap_photometric_bin,transforms_json_opengl_c2w,80,80,12,/home/m/dataset/ltm_datasets/DL3DV-ALL-480P/10K_extracted/d5bc375d63a57d9664138576408935bc77c738c99673d8f483c131aaa5099b08
DL3DV-ALL-480P__10K_extracted__d5c8cc9cb0d5b7260d5ddc95da07ce4530cada7591d1a375bce24576290da17b,DL3DV-ALL-480P/10K_extracted/d5c8cc9cb0d5b7260d5ddc95da07ce4530cada7591d1a375bce24576290da17b,DL3DV-ALL-480P,DL3DV-ALL-480P,nerf_transforms_images8_colmap_depth,colmap_photometric_bin,transforms_json_opengl_c2w,80,80,12,/home/m/dataset/ltm_datasets/DL3DV-ALL-480P/10K_extracted/d5c8cc9cb0d5b7260d5ddc95da07ce4530cada7591d1a375bce24576290da17b
DL3DV-ALL-480P__10K_extracted__d5ed630f18b470b8f3be66a5394b9bb3fe900688cb67479be2cf9e1f2c99357b,DL3DV-ALL-480P/10K_extracted/d5ed630f18b470b8f3be66a5394b9bb3fe900688cb67479be2cf9e1f2c99357b,DL3DV-ALL-480P,DL3DV-ALL-480P,nerf_transforms_images8_colmap_depth,colmap_photometric_bin,transforms_json_opengl_c2w,80,80,12,/home/m/dataset/ltm_datasets/DL3DV-ALL-480P/10K_extracted/d5ed630f18b470b8f3be66a5394b9bb3fe900688cb67479be2cf9e1f2c99357b
DL3DV-ALL-480P__10K_extracted__d5ff2dc1b6a774a578a7a41c8c0ef1f789ab13d1462aabb4ddb8e859dffb3afb,DL3DV-ALL-480P/10K_extracted/d5ff2dc1b6a774a578a7a41c8c0ef1f789ab13d1462aabb4ddb8e859dffb3afb,DL3DV-ALL-480P,DL3DV-ALL-480P,nerf_transforms_images8_colmap_depth,colmap_photometric_bin,transforms_json_opengl_c2w,80,80,12,/home/m/dataset/ltm_datasets/DL3DV-ALL-480P/10K_extracted/d5ff2dc1b6a774a578a7a41c8c0ef1f789ab13d1462aabb4ddb8e859dffb3afb
DL3DV-ALL-480P__10K_extracted__d61e2849bc4742b67461eacc67a8f25d3602c349300b55d6228897d20ec5a076,DL3DV-ALL-480P/10K_extracted/d61e2849bc4742b67461eacc67a8f25d3602c349300b55d6228897d20ec5a076,DL3DV-ALL-480P,DL3DV-ALL-480P,nerf_transforms_images8_colmap_depth,colmap_photometric_bin,transforms_json_opengl_c2w,80,80,12,/home/m/dataset/ltm_datasets/DL3DV-ALL-480P/10K_extracted/d61e2849bc4742b67461eacc67a8f25d3602c349300b55d6228897d20ec5a076
DL3DV-ALL-480P__10K_extracted__d65361429c1e85a7889c03cf1d9166f4d8cda7045a51bd6ab8d81c9ded3944ce,DL3DV-ALL-480P/10K_extracted/d65361429c1e85a7889c03cf1d9166f4d8cda7045a51bd6ab8d81c9ded3944ce,DL3DV-ALL-480P,DL3DV-ALL-480P,nerf_transforms_images8_colmap_depth,colmap_photometric_bin,transforms_json_opengl_c2w,80,80,12,/home/m/dataset/ltm_datasets/DL3DV-ALL-480P/10K_extracted/d65361429c1e85a7889c03cf1d9166f4d8cda7045a51bd6ab8d81c9ded3944ce
DL3DV-ALL-480P__10K_extracted__d6559fc3dd0d3ce577460d609b2f792c27d9b4f25cbba7ccdb1500f203ca7429,DL3DV-ALL-480P/10K_extracted/d6559fc3dd0d3ce577460d609b2f792c27d9b4f25cbba7ccdb1500f203ca7429,DL3DV-ALL-480P,DL3DV-ALL-480P,nerf_transforms_images8_colmap_depth,colmap_photometric_bin,transforms_json_opengl_c2w,80,80,12,/home/m/dataset/ltm_datasets/DL3DV-ALL-480P/10K_extracted/d6559fc3dd0d3ce577460d609b2f792c27d9b4f25cbba7ccdb1500f203ca7429
DL3DV-ALL-480P__10K_extracted__d67ebf21a201b33b5fd90040193960c23145df13c7bb5c5992d29c41232e1652,DL3DV-ALL-480P/10K_extracted/d67ebf21a201b33b5fd90040193960c23145df13c7bb5c5992d29c41232e1652,DL3DV-ALL-480P,DL3DV-ALL-480P,nerf_transforms_images8_colmap_depth,colmap_photometric_bin,transforms_json_opengl_c2w,80,80,12,/home/m/dataset/ltm_datasets/DL3DV-ALL-480P/10K_extracted/d67ebf21a201b33b5fd90040193960c23145df13c7bb5c5992d29c41232e1652
DL3DV-ALL-480P__10K_extracted__d6ca8013be0537ae6806571217a1dd7394dcb3b3a1f24c1f1c41cc3ab5730077,DL3DV-ALL-480P/10K_extracted/d6ca8013be0537ae6806571217a1dd7394dcb3b3a1f24c1f1c41cc3ab5730077,DL3DV-ALL-480P,DL3DV-ALL-480P,nerf_transforms_images8_colmap_depth,colmap_photometric_bin,transforms_json_opengl_c2w,80,80,12,/home/m/dataset/ltm_datasets/DL3DV-ALL-480P/10K_extracted/d6ca8013be0537ae6806571217a1dd7394dcb3b3a1f24c1f1c41cc3ab5730077
DL3DV-ALL-480P__10K_extracted__d700e41f0cbc82c7fccf51c0c80b14fd6038e8445695dedd9ca344b2c32039e3,DL3DV-ALL-480P/10K_extracted/d700e41f0cbc82c7fccf51c0c80b14fd6038e8445695dedd9ca344b2c32039e3,DL3DV-ALL-480P,DL3DV-ALL-480P,nerf_transforms_images8_colmap_depth,colmap_photometric_bin,transforms_json_opengl_c2w,80,80,12,/home/m/dataset/ltm_datasets/DL3DV-ALL-480P/10K_extracted/d700e41f0cbc82c7fccf51c0c80b14fd6038e8445695dedd9ca344b2c32039e3
DL3DV-ALL-480P__10K_extracted__d73a11c61417e712a228dc3c86d0719493b8878ddb16a52f787db6d0925f54ea,DL3DV-ALL-480P/10K_extracted/d73a11c61417e712a228dc3c86d0719493b8878ddb16a52f787db6d0925f54ea,DL3DV-ALL-480P,DL3DV-ALL-480P,nerf_transforms_images8_colmap_depth,colmap_photometric_bin,transforms_json_opengl_c2w,80,80,12,/home/m/dataset/ltm_datasets/DL3DV-ALL-480P/10K_extracted/d73a11c61417e712a228dc3c86d0719493b8878ddb16a52f787db6d0925f54ea
DL3DV-ALL-480P__10K_extracted__d748a6bfe4a53701719eedf61816cbdb380b0d6b2cf379980398a33fdb3d1a44,DL3DV-ALL-480P/10K_extracted/d748a6bfe4a53701719eedf61816cbdb380b0d6b2cf379980398a33fdb3d1a44,DL3DV-ALL-480P,DL3DV-ALL-480P,nerf_transforms_images8_colmap_depth,colmap_photometric_bin,transforms_json_opengl_c2w,80,80,12,/home/m/dataset/ltm_datasets/DL3DV-ALL-480P/10K_extracted/d748a6bfe4a53701719eedf61816cbdb380b0d6b2cf379980398a33fdb3d1a44
DL3DV-ALL-480P__10K_extracted__d753b4f983444ee8b9ee182d7a8769784f23d4104c6f5443857e3f513203bd6f,DL3DV-ALL-480P/10K_extracted/d753b4f983444ee8b9ee182d7a8769784f23d4104c6f5443857e3f513203bd6f,DL3DV-ALL-480P,DL3DV-ALL-480P,nerf_transforms_images8_colmap_depth,colmap_photometric_bin,transforms_json_opengl_c2w,80,80,12,/home/m/dataset/ltm_datasets/DL3DV-ALL-480P/10K_extracted/d753b4f983444ee8b9ee182d7a8769784f23d4104c6f5443857e3f513203bd6f
DL3DV-ALL-480P__10K_extracted__d76e3faed70e5b029a48e023b98c2c9013cd2ccb19f8ef43c4d03d4d67a2f255,DL3DV-ALL-480P/10K_extracted/d76e3faed70e5b029a48e023b98c2c9013cd2ccb19f8ef43c4d03d4d67a2f255,DL3DV-ALL-480P,DL3DV-ALL-480P,nerf_transforms_images8_colmap_depth,colmap_photometric_bin,transforms_json_opengl_c2w,80,80,12,/home/m/dataset/ltm_datasets/DL3DV-ALL-480P/10K_extracted/d76e3faed70e5b029a48e023b98c2c9013cd2ccb19f8ef43c4d03d4d67a2f255
DL3DV-ALL-480P__10K_extracted__d77580a7d20c338a9c9edd0b9a7d1acb8b32c98573d7066c47d3dc3aab0efdb8,DL3DV-ALL-480P/10K_extracted/d77580a7d20c338a9c9edd0b9a7d1acb8b32c98573d7066c47d3dc3aab0efdb8,DL3DV-ALL-480P,DL3DV-ALL-480P,nerf_transforms_images8_colmap_depth,colmap_photometric_bin,transforms_json_opengl_c2w,80,80,12,/home/m/dataset/ltm_datasets/DL3DV-ALL-480P/10K_extracted/d77580a7d20c338a9c9edd0b9a7d1acb8b32c98573d7066c47d3dc3aab0efdb8
DL3DV-ALL-480P__10K_extracted__d789f0951b114e09fa16318c6383b52fc41dc7ce22f8ae927b484e46377a3a96,DL3DV-ALL-480P/10K_extracted/d789f0951b114e09fa16318c6383b52fc41dc7ce22f8ae927b484e46377a3a96,DL3DV-ALL-480P,DL3DV-ALL-480P,nerf_transforms_images8_colmap_depth,colmap_photometric_bin,transforms_json_opengl_c2w,80,80,12,/home/m/dataset/ltm_datasets/DL3DV-ALL-480P/10K_extracted/d789f0951b114e09fa16318c6383b52fc41dc7ce22f8ae927b484e46377a3a96
DL3DV-ALL-480P__10K_extracted__d7c42dee9ca35f2a6928d43adf7fb7165173d92230bb8838429ba0e1ae782c2c,DL3DV-ALL-480P/10K_extracted/d7c42dee9ca35f2a6928d43adf7fb7165173d92230bb8838429ba0e1ae782c2c,DL3DV-ALL-480P,DL3DV-ALL-480P,nerf_transforms_images8_colmap_depth,colmap_photometric_bin,transforms_json_opengl_c2w,80,80,12,/home/m/dataset/ltm_datasets/DL3DV-ALL-480P/10K_extracted/d7c42dee9ca35f2a6928d43adf7fb7165173d92230bb8838429ba0e1ae782c2c
DL3DV-ALL-480P__10K_extracted__d7cca331717e74d737b6b8da77f012aa7171bacb24c4fb971a2342bcafed5fec,DL3DV-ALL-480P/10K_extracted/d7cca331717e74d737b6b8da77f012aa7171bacb24c4fb971a2342bcafed5fec,DL3DV-ALL-480P,DL3DV-ALL-480P,nerf_transforms_images8_colmap_depth,colmap_photometric_bin,transforms_json_opengl_c2w,80,80,12,/home/m/dataset/ltm_datasets/DL3DV-ALL-480P/10K_extracted/d7cca331717e74d737b6b8da77f012aa7171bacb24c4fb971a2342bcafed5fec
DL3DV-ALL-480P__10K_extracted__d7d698599e6c03e3fa40f9c4d38cfda9b274571e24cf581448a208973655a654,DL3DV-ALL-480P/10K_extracted/d7d698599e6c03e3fa40f9c4d38cfda9b274571e24cf581448a208973655a654,DL3DV-ALL-480P,DL3DV-ALL-480P,nerf_transforms_images8_colmap_depth,colmap_photometric_bin,transforms_json_opengl_c2w,80,80,12,/home/m/dataset/ltm_datasets/DL3DV-ALL-480P/10K_extracted/d7d698599e6c03e3fa40f9c4d38cfda9b274571e24cf581448a208973655a654
DL3DV-ALL-480P__10K_extracted__d7f749267a12361acdd46a9abb15361dae60d94d37c0289febfc169e019ce3ad,DL3DV-ALL-480P/10K_extracted/d7f749267a12361acdd46a9abb15361dae60d94d37c0289febfc169e019ce3ad,DL3DV-ALL-480P,DL3DV-ALL-480P,nerf_transforms_images8_colmap_depth,colmap_photometric_bin,transforms_json_opengl_c2w,80,80,12,/home/m/dataset/ltm_datasets/DL3DV-ALL-480P/10K_extracted/d7f749267a12361acdd46a9abb15361dae60d94d37c0289febfc169e019ce3ad
DL3DV-ALL-480P__10K_extracted__d81534b0e3a5a237dec936b31d7f83d8a45913fc92c1b472910a61a4d9a027f8,DL3DV-ALL-480P/10K_extracted/d81534b0e3a5a237dec936b31d7f83d8a45913fc92c1b472910a61a4d9a027f8,DL3DV-ALL-480P,DL3DV-ALL-480P,nerf_transforms_images8_colmap_depth,colmap_photometric_bin,transforms_json_opengl_c2w,80,80,12,/home/m/dataset/ltm_datasets/DL3DV-ALL-480P/10K_extracted/d81534b0e3a5a237dec936b31d7f83d8a45913fc92c1b472910a61a4d9a027f8
DL3DV-ALL-480P__10K_extracted__d8222074a7cf1f6512fedb22d001e690c3f41a4150d435637a2b679c1649fa9b,DL3DV-ALL-480P/10K_extracted/d8222074a7cf1f6512fedb22d001e690c3f41a4150d435637a2b679c1649fa9b,DL3DV-ALL-480P,DL3DV-ALL-480P,nerf_transforms_images8_colmap_depth,colmap_photometric_bin,transforms_json_opengl_c2w,80,80,12,/home/m/dataset/ltm_datasets/DL3DV-ALL-480P/10K_extracted/d8222074a7cf1f6512fedb22d001e690c3f41a4150d435637a2b679c1649fa9b
DL3DV-ALL-480P__10K_extracted__d822c746e037df22269db15cde96521d3f629cd71d2e5b920a0331ea524272ed,DL3DV-ALL-480P/10K_extracted/d822c746e037df22269db15cde96521d3f629cd71d2e5b920a0331ea524272ed,DL3DV-ALL-480P,DL3DV-ALL-480P,nerf_transforms_images8_colmap_depth,colmap_photometric_bin,transforms_json_opengl_c2w,80,80,12,/home/m/dataset/ltm_datasets/DL3DV-ALL-480P/10K_extracted/d822c746e037df22269db15cde96521d3f629cd71d2e5b920a0331ea524272ed
DL3DV-ALL-480P__10K_extracted__d83c2f2db59dddb8838e065dd7368df28a9d1caf5c393a7b8c96b02ecf2e8c15,DL3DV-ALL-480P/10K_extracted/d83c2f2db59dddb8838e065dd7368df28a9d1caf5c393a7b8c96b02ecf2e8c15,DL3DV-ALL-480P,DL3DV-ALL-480P,nerf_transforms_images8_colmap_depth,colmap_photometric_bin,transforms_json_opengl_c2w,80,80,12,/home/m/dataset/ltm_datasets/DL3DV-ALL-480P/10K_extracted/d83c2f2db59dddb8838e065dd7368df28a9d1caf5c393a7b8c96b02ecf2e8c15
DL3DV-ALL-480P__10K_extracted__d879067ebd0332b54128141bbde382c34b2db942a8d4216a1ccfd8806a93a2c3,DL3DV-ALL-480P/10K_extracted/d879067ebd0332b54128141bbde382c34b2db942a8d4216a1ccfd8806a93a2c3,DL3DV-ALL-480P,DL3DV-ALL-480P,nerf_transforms_images8_colmap_depth,colmap_photometric_bin,transforms_json_opengl_c2w,80,80,12,/home/m/dataset/ltm_datasets/DL3DV-ALL-480P/10K_extracted/d879067ebd0332b54128141bbde382c34b2db942a8d4216a1ccfd8806a93a2c3
DL3DV-ALL-480P__10K_extracted__d893da128361fc7b90e7c32df9eb09108dfa8a1bc6a641edead5069c718da79f,DL3DV-ALL-480P/10K_extracted/d893da128361fc7b90e7c32df9eb09108dfa8a1bc6a641edead5069c718da79f,DL3DV-ALL-480P,DL3DV-ALL-480P,nerf_transforms_images8_colmap_depth,colmap_photometric_bin,transforms_json_opengl_c2w,80,80,12,/home/m/dataset/ltm_datasets/DL3DV-ALL-480P/10K_extracted/d893da128361fc7b90e7c32df9eb09108dfa8a1bc6a641edead5069c718da79f
DL3DV-ALL-480P__10K_extracted__d8b06e57f77c003911b753552013394616d17fa5363c9aeedeceed0898e8d3ba,DL3DV-ALL-480P/10K_extracted/d8b06e57f77c003911b753552013394616d17fa5363c9aeedeceed0898e8d3ba,DL3DV-ALL-480P,DL3DV-ALL-480P,nerf_transforms_images8_colmap_depth,colmap_photometric_bin,transforms_json_opengl_c2w,80,80,12,/home/m/dataset/ltm_datasets/DL3DV-ALL-480P/10K_extracted/d8b06e57f77c003911b753552013394616d17fa5363c9aeedeceed0898e8d3ba
DL3DV-ALL-480P__10K_extracted__d8c6e9f8eadf384aa2c5157908dbffab1d80ef9bc8738775e4b79900f6f39cf6,DL3DV-ALL-480P/10K_extracted/d8c6e9f8eadf384aa2c5157908dbffab1d80ef9bc8738775e4b79900f6f39cf6,DL3DV-ALL-480P,DL3DV-ALL-480P,nerf_transforms_images8_colmap_depth,colmap_photometric_bin,transforms_json_opengl_c2w,80,80,12,/home/m/dataset/ltm_datasets/DL3DV-ALL-480P/10K_extracted/d8c6e9f8eadf384aa2c5157908dbffab1d80ef9bc8738775e4b79900f6f39cf6
DL3DV-ALL-480P__10K_extracted__d95d1ff2cc8e5027f813132c1a91296565aa31e25dc4d17919ef60e5708c82ca,DL3DV-ALL-480P/10K_extracted/d95d1ff2cc8e5027f813132c1a91296565aa31e25dc4d17919ef60e5708c82ca,DL3DV-ALL-480P,DL3DV-ALL-480P,nerf_transforms_images8_colmap_depth,colmap_photometric_bin,transforms_json_opengl_c2w,80,80,12,/home/m/dataset/ltm_datasets/DL3DV-ALL-480P/10K_extracted/d95d1ff2cc8e5027f813132c1a91296565aa31e25dc4d17919ef60e5708c82ca
DL3DV-ALL-480P__10K_extracted__d97227b206f387d1c3f0c4653870adc91bfabeccb7219c26503a57c4003481f3,DL3DV-ALL-480P/10K_extracted/d97227b206f387d1c3f0c4653870adc91bfabeccb7219c26503a57c4003481f3,DL3DV-ALL-480P,DL3DV-ALL-480P,nerf_transforms_images8_colmap_depth,colmap_photometric_bin,transforms_json_opengl_c2w,80,80,12,/home/m/dataset/ltm_datasets/DL3DV-ALL-480P/10K_extracted/d97227b206f387d1c3f0c4653870adc91bfabeccb7219c26503a57c4003481f3
DL3DV-ALL-480P__10K_extracted__d97d513b9b0f551a6820b675acf5d8aebb8ee41c62d5aa51921e0517aa3b68e1,DL3DV-ALL-480P/10K_extracted/d97d513b9b0f551a6820b675acf5d8aebb8ee41c62d5aa51921e0517aa3b68e1,DL3DV-ALL-480P,DL3DV-ALL-480P,nerf_transforms_images8_colmap_depth,colmap_photometric_bin,transforms_json_opengl_c2w,80,80,12,/home/m/dataset/ltm_datasets/DL3DV-ALL-480P/10K_extracted/d97d513b9b0f551a6820b675acf5d8aebb8ee41c62d5aa51921e0517aa3b68e1
DL3DV-ALL-480P__10K_extracted__d98b20dbbfdd122b9e05ae23ad682d4433cd8dd4a101390c61444e19b7c29dac,DL3DV-ALL-480P/10K_extracted/d98b20dbbfdd122b9e05ae23ad682d4433cd8dd4a101390c61444e19b7c29dac,DL3DV-ALL-480P,DL3DV-ALL-480P,nerf_transforms_images8_colmap_depth,colmap_photometric_bin,transforms_json_opengl_c2w,80,80,12,/home/m/dataset/ltm_datasets/DL3DV-ALL-480P/10K_extracted/d98b20dbbfdd122b9e05ae23ad682d4433cd8dd4a101390c61444e19b7c29dac
DL3DV-ALL-480P__10K_extracted__da3bdbf77fa7fc015de0490ba401be3ae5c2011d96a8b3d072e443ff2ac158b8,DL3DV-ALL-480P/10K_extracted/da3bdbf77fa7fc015de0490ba401be3ae5c2011d96a8b3d072e443ff2ac158b8,DL3DV-ALL-480P,DL3DV-ALL-480P,nerf_transforms_images8_colmap_depth,colmap_photometric_bin,transforms_json_opengl_c2w,80,80,12,/home/m/dataset/ltm_datasets/DL3DV-ALL-480P/10K_extracted/da3bdbf77fa7fc015de0490ba401be3ae5c2011d96a8b3d072e443ff2ac158b8
DL3DV-ALL-480P__10K_extracted__da79e5b33a0190e29166faf4367b1c07b45d59bd6fd3d6bc265019ccd9d13ca7,DL3DV-ALL-480P/10K_extracted/da79e5b33a0190e29166faf4367b1c07b45d59bd6fd3d6bc265019ccd9d13ca7,DL3DV-ALL-480P,DL3DV-ALL-480P,nerf_transforms_images8_colmap_depth,colmap_photometric_bin,transforms_json_opengl_c2w,80,80,12,/home/m/dataset/ltm_datasets/DL3DV-ALL-480P/10K_extracted/da79e5b33a0190e29166faf4367b1c07b45d59bd6fd3d6bc265019ccd9d13ca7
DL3DV-ALL-480P__10K_extracted__da7a42df25265fe334230111a58bd1024c0ca7b8d2165f39582ab51c83c3ded1,DL3DV-ALL-480P/10K_extracted/da7a42df25265fe334230111a58bd1024c0ca7b8d2165f39582ab51c83c3ded1,DL3DV-ALL-480P,DL3DV-ALL-480P,nerf_transforms_images8_colmap_depth,colmap_photometric_bin,transforms_json_opengl_c2w,80,80,12,/home/m/dataset/ltm_datasets/DL3DV-ALL-480P/10K_extracted/da7a42df25265fe334230111a58bd1024c0ca7b8d2165f39582ab51c83c3ded1
DL3DV-ALL-480P__10K_extracted__dac5270121523f2f97d1d14a13c62b8dd498b4853c59c81ca01966420d2edd7d,DL3DV-ALL-480P/10K_extracted/dac5270121523f2f97d1d14a13c62b8dd498b4853c59c81ca01966420d2edd7d,DL3DV-ALL-480P,DL3DV-ALL-480P,nerf_transforms_images8_colmap_depth,colmap_photometric_bin,transforms_json_opengl_c2w,80,80,12,/home/m/dataset/ltm_datasets/DL3DV-ALL-480P/10K_extracted/dac5270121523f2f97d1d14a13c62b8dd498b4853c59c81ca01966420d2edd7d
DL3DV-ALL-480P__10K_extracted__db035c10a683e01d9119ecffbdddee6168c7b184e84c84ca67bf9d89d76abf94,DL3DV-ALL-480P/10K_extracted/db035c10a683e01d9119ecffbdddee6168c7b184e84c84ca67bf9d89d76abf94,DL3DV-ALL-480P,DL3DV-ALL-480P,nerf_transforms_images8_colmap_depth,colmap_photometric_bin,transforms_json_opengl_c2w,80,80,12,/home/m/dataset/ltm_datasets/DL3DV-ALL-480P/10K_extracted/db035c10a683e01d9119ecffbdddee6168c7b184e84c84ca67bf9d89d76abf94
DL3DV-ALL-480P__10K_extracted__db28879d5a37193e5f6f494e12473f4448da7834b8b6af074d966c5c2dc00c6b,DL3DV-ALL-480P/10K_extracted/db28879d5a37193e5f6f494e12473f4448da7834b8b6af074d966c5c2dc00c6b,DL3DV-ALL-480P,DL3DV-ALL-480P,nerf_transforms_images8_colmap_depth,colmap_photometric_bin,transforms_json_opengl_c2w,80,80,12,/home/m/dataset/ltm_datasets/DL3DV-ALL-480P/10K_extracted/db28879d5a37193e5f6f494e12473f4448da7834b8b6af074d966c5c2dc00c6b
DL3DV-ALL-480P__10K_extracted__db31cd4e8e44ed773e5c64fba645145039f49c610499e9ce7b62ca97c738093d,DL3DV-ALL-480P/10K_extracted/db31cd4e8e44ed773e5c64fba645145039f49c610499e9ce7b62ca97c738093d,DL3DV-ALL-480P,DL3DV-ALL-480P,nerf_transforms_images8_colmap_depth,colmap_photometric_bin,transforms_json_opengl_c2w,80,80,12,/home/m/dataset/ltm_datasets/DL3DV-ALL-480P/10K_extracted/db31cd4e8e44ed773e5c64fba645145039f49c610499e9ce7b62ca97c738093d
DL3DV-ALL-480P__10K_extracted__db3f1a25f28d7d490bc611574f4356162b2a815f9f8d09112381157ad677653d,DL3DV-ALL-480P/10K_extracted/db3f1a25f28d7d490bc611574f4356162b2a815f9f8d09112381157ad677653d,DL3DV-ALL-480P,DL3DV-ALL-480P,nerf_transforms_images8_colmap_depth,colmap_photometric_bin,transforms_json_opengl_c2w,80,80,12,/home/m/dataset/ltm_datasets/DL3DV-ALL-480P/10K_extracted/db3f1a25f28d7d490bc611574f4356162b2a815f9f8d09112381157ad677653d
DL3DV-ALL-480P__10K_extracted__db5c926a4c248222b307406db87142f4c10fa55d7e82b4a93375f80fc5e45a27,DL3DV-ALL-480P/10K_extracted/db5c926a4c248222b307406db87142f4c10fa55d7e82b4a93375f80fc5e45a27,DL3DV-ALL-480P,DL3DV-ALL-480P,nerf_transforms_images8_colmap_depth,colmap_photometric_bin,transforms_json_opengl_c2w,80,80,12,/home/m/dataset/ltm_datasets/DL3DV-ALL-480P/10K_extracted/db5c926a4c248222b307406db87142f4c10fa55d7e82b4a93375f80fc5e45a27
DL3DV-ALL-480P__10K_extracted__db6404b2a812bbfafae59106d31152ea5ab71200ad5b410dc9ffad00dd68f797,DL3DV-ALL-480P/10K_extracted/db6404b2a812bbfafae59106d31152ea5ab71200ad5b410dc9ffad00dd68f797,DL3DV-ALL-480P,DL3DV-ALL-480P,nerf_transforms_images8_colmap_depth,colmap_photometric_bin,transforms_json_opengl_c2w,80,80,12,/home/m/dataset/ltm_datasets/DL3DV-ALL-480P/10K_extracted/db6404b2a812bbfafae59106d31152ea5ab71200ad5b410dc9ffad00dd68f797
DL3DV-ALL-480P__10K_extracted__db741a1146c73459be655aa1c2ddca588fc9a260d6bea9726a9c8bdce15412eb,DL3DV-ALL-480P/10K_extracted/db741a1146c73459be655aa1c2ddca588fc9a260d6bea9726a9c8bdce15412eb,DL3DV-ALL-480P,DL3DV-ALL-480P,nerf_transforms_images8_colmap_depth,colmap_photometric_bin,transforms_json_opengl_c2w,80,80,12,/home/m/dataset/ltm_datasets/DL3DV-ALL-480P/10K_extracted/db741a1146c73459be655aa1c2ddca588fc9a260d6bea9726a9c8bdce15412eb
DL3DV-ALL-480P__10K_extracted__db842229d9a5ed7a5162774191307a83da7e8ade2e7c75c64e3f9f1a109da5fd,DL3DV-ALL-480P/10K_extracted/db842229d9a5ed7a5162774191307a83da7e8ade2e7c75c64e3f9f1a109da5fd,DL3DV-ALL-480P,DL3DV-ALL-480P,nerf_transforms_images8_colmap_depth,colmap_photometric_bin,transforms_json_opengl_c2w,80,80,12,/home/m/dataset/ltm_datasets/DL3DV-ALL-480P/10K_extracted/db842229d9a5ed7a5162774191307a83da7e8ade2e7c75c64e3f9f1a109da5fd
DL3DV-ALL-480P__10K_extracted__db94adef63262008eb8525aa05df6387bd48b57a15294f4f19b1fae4e7f66f2f,DL3DV-ALL-480P/10K_extracted/db94adef63262008eb8525aa05df6387bd48b57a15294f4f19b1fae4e7f66f2f,DL3DV-ALL-480P,DL3DV-ALL-480P,nerf_transforms_images8_colmap_depth,colmap_photometric_bin,transforms_json_opengl_c2w,80,80,12,/home/m/dataset/ltm_datasets/DL3DV-ALL-480P/10K_extracted/db94adef63262008eb8525aa05df6387bd48b57a15294f4f19b1fae4e7f66f2f
DL3DV-ALL-480P__10K_extracted__dba94d0ed3870c2d64253ee005c75338fd3d0605f3a5a9ad050ab05b0f6e70c0,DL3DV-ALL-480P/10K_extracted/dba94d0ed3870c2d64253ee005c75338fd3d0605f3a5a9ad050ab05b0f6e70c0,DL3DV-ALL-480P,DL3DV-ALL-480P,nerf_transforms_images8_colmap_depth,colmap_photometric_bin,transforms_json_opengl_c2w,80,80,12,/home/m/dataset/ltm_datasets/DL3DV-ALL-480P/10K_extracted/dba94d0ed3870c2d64253ee005c75338fd3d0605f3a5a9ad050ab05b0f6e70c0
DL3DV-ALL-480P__10K_extracted__dbaa386e89750dd385f9978ee414c013556f46d2b56a6e823d94aa417c12d7c6,DL3DV-ALL-480P/10K_extracted/dbaa386e89750dd385f9978ee414c013556f46d2b56a6e823d94aa417c12d7c6,DL3DV-ALL-480P,DL3DV-ALL-480P,nerf_transforms_images8_colmap_depth,colmap_photometric_bin,transforms_json_opengl_c2w,80,80,12,/home/m/dataset/ltm_datasets/DL3DV-ALL-480P/10K_extracted/dbaa386e89750dd385f9978ee414c013556f46d2b56a6e823d94aa417c12d7c6
DL3DV-ALL-480P__10K_extracted__dbe5cf545498826740f028ec0f05fd3cf844c38a383c60d1e9126955245123f3,DL3DV-ALL-480P/10K_extracted/dbe5cf545498826740f028ec0f05fd3cf844c38a383c60d1e9126955245123f3,DL3DV-ALL-480P,DL3DV-ALL-480P,nerf_transforms_images8_colmap_depth,colmap_photometric_bin,transforms_json_opengl_c2w,80,80,12,/home/m/dataset/ltm_datasets/DL3DV-ALL-480P/10K_extracted/dbe5cf545498826740f028ec0f05fd3cf844c38a383c60d1e9126955245123f3
DL3DV-ALL-480P__10K_extracted__dbf60c899f576d5ea4cb8c94d1c1dbcaab11ba35a18e7b045233916fdd8fa890,DL3DV-ALL-480P/10K_extracted/dbf60c899f576d5ea4cb8c94d1c1dbcaab11ba35a18e7b045233916fdd8fa890,DL3DV-ALL-480P,DL3DV-ALL-480P,nerf_transforms_images8_colmap_depth,colmap_photometric_bin,transforms_json_opengl_c2w,80,80,12,/home/m/dataset/ltm_datasets/DL3DV-ALL-480P/10K_extracted/dbf60c899f576d5ea4cb8c94d1c1dbcaab11ba35a18e7b045233916fdd8fa890
DL3DV-ALL-480P__10K_extracted__dbf7ab4a65787489f3d96ac0cd5a0291f79260e25811b88c1bccdaffd0d408cb,DL3DV-ALL-480P/10K_extracted/dbf7ab4a65787489f3d96ac0cd5a0291f79260e25811b88c1bccdaffd0d408cb,DL3DV-ALL-480P,DL3DV-ALL-480P,nerf_transforms_images8_colmap_depth,colmap_photometric_bin,transforms_json_opengl_c2w,80,80,12,/home/m/dataset/ltm_datasets/DL3DV-ALL-480P/10K_extracted/dbf7ab4a65787489f3d96ac0cd5a0291f79260e25811b88c1bccdaffd0d408cb
DL3DV-ALL-480P__10K_extracted__dc044cdf90c1a32a9d859a5c867bf01ae966910fef5f2b6d6b089f322c2963b2,DL3DV-ALL-480P/10K_extracted/dc044cdf90c1a32a9d859a5c867bf01ae966910fef5f2b6d6b089f322c2963b2,DL3DV-ALL-480P,DL3DV-ALL-480P,nerf_transforms_images8_colmap_depth,colmap_photometric_bin,transforms_json_opengl_c2w,80,80,12,/home/m/dataset/ltm_datasets/DL3DV-ALL-480P/10K_extracted/dc044cdf90c1a32a9d859a5c867bf01ae966910fef5f2b6d6b089f322c2963b2
DL3DV-ALL-480P__10K_extracted__dc5edbaa2bc96af657ae2d4e02bd00882e426f1c616ddb9fdc1d284b69983bb4,DL3DV-ALL-480P/10K_extracted/dc5edbaa2bc96af657ae2d4e02bd00882e426f1c616ddb9fdc1d284b69983bb4,DL3DV-ALL-480P,DL3DV-ALL-480P,nerf_transforms_images8_colmap_depth,colmap_photometric_bin,transforms_json_opengl_c2w,80,80,12,/home/m/dataset/ltm_datasets/DL3DV-ALL-480P/10K_extracted/dc5edbaa2bc96af657ae2d4e02bd00882e426f1c616ddb9fdc1d284b69983bb4
DL3DV-ALL-480P__10K_extracted__dc6d46aeafd38d0f22ed6e363b3cf216b646e8d2327739127ebd7fbc5ebb8f29,DL3DV-ALL-480P/10K_extracted/dc6d46aeafd38d0f22ed6e363b3cf216b646e8d2327739127ebd7fbc5ebb8f29,DL3DV-ALL-480P,DL3DV-ALL-480P,nerf_transforms_images8_colmap_depth,colmap_photometric_bin,transforms_json_opengl_c2w,80,80,12,/home/m/dataset/ltm_datasets/DL3DV-ALL-480P/10K_extracted/dc6d46aeafd38d0f22ed6e363b3cf216b646e8d2327739127ebd7fbc5ebb8f29
DL3DV-ALL-480P__10K_extracted__dc9e18849eb7082792176dfc43a29fb103cca60252db2dd5906dbaeb7f0a4416,DL3DV-ALL-480P/10K_extracted/dc9e18849eb7082792176dfc43a29fb103cca60252db2dd5906dbaeb7f0a4416,DL3DV-ALL-480P,DL3DV-ALL-480P,nerf_transforms_images8_colmap_depth,colmap_photometric_bin,transforms_json_opengl_c2w,80,80,12,/home/m/dataset/ltm_datasets/DL3DV-ALL-480P/10K_extracted/dc9e18849eb7082792176dfc43a29fb103cca60252db2dd5906dbaeb7f0a4416
DL3DV-ALL-480P__10K_extracted__dcb83ab34c4824434b56a4b34ddde18eeab825d0e55abb645fcc5d75cf4e65c7,DL3DV-ALL-480P/10K_extracted/dcb83ab34c4824434b56a4b34ddde18eeab825d0e55abb645fcc5d75cf4e65c7,DL3DV-ALL-480P,DL3DV-ALL-480P,nerf_transforms_images8_colmap_depth,colmap_photometric_bin,transforms_json_opengl_c2w,80,80,12,/home/m/dataset/ltm_datasets/DL3DV-ALL-480P/10K_extracted/dcb83ab34c4824434b56a4b34ddde18eeab825d0e55abb645fcc5d75cf4e65c7
DL3DV-ALL-480P__10K_extracted__dceff440a2f103e8d763cad686459a5aae1425d735a5f918fb2f932bf534bdf3,DL3DV-ALL-480P/10K_extracted/dceff440a2f103e8d763cad686459a5aae1425d735a5f918fb2f932bf534bdf3,DL3DV-ALL-480P,DL3DV-ALL-480P,nerf_transforms_images8_colmap_depth,colmap_photometric_bin,transforms_json_opengl_c2w,80,80,12,/home/m/dataset/ltm_datasets/DL3DV-ALL-480P/10K_extracted/dceff440a2f103e8d763cad686459a5aae1425d735a5f918fb2f932bf534bdf3
DL3DV-ALL-480P__10K_extracted__dcf69fedacfd0383b91645c480c90340553b717b4df096081bc9edbab55b19fa,DL3DV-ALL-480P/10K_extracted/dcf69fedacfd0383b91645c480c90340553b717b4df096081bc9edbab55b19fa,DL3DV-ALL-480P,DL3DV-ALL-480P,nerf_transforms_images8_colmap_depth,colmap_photometric_bin,transforms_json_opengl_c2w,80,80,12,/home/m/dataset/ltm_datasets/DL3DV-ALL-480P/10K_extracted/dcf69fedacfd0383b91645c480c90340553b717b4df096081bc9edbab55b19fa
DL3DV-ALL-480P__10K_extracted__dd4a200dbdbf09c133ba08a36a0f75ff1a05e33f0a1cb0028a909f504055232a,DL3DV-ALL-480P/10K_extracted/dd4a200dbdbf09c133ba08a36a0f75ff1a05e33f0a1cb0028a909f504055232a,DL3DV-ALL-480P,DL3DV-ALL-480P,nerf_transforms_images8_colmap_depth,colmap_photometric_bin,transforms_json_opengl_c2w,80,80,12,/home/m/dataset/ltm_datasets/DL3DV-ALL-480P/10K_extracted/dd4a200dbdbf09c133ba08a36a0f75ff1a05e33f0a1cb0028a909f504055232a
DL3DV-ALL-480P__10K_extracted__dd7016792bf9559c76a2d533255a7c2f64bc6dfa7671409500b880a754a4b3d5,DL3DV-ALL-480P/10K_extracted/dd7016792bf9559c76a2d533255a7c2f64bc6dfa7671409500b880a754a4b3d5,DL3DV-ALL-480P,DL3DV-ALL-480P,nerf_transforms_images8_colmap_depth,colmap_photometric_bin,transforms_json_opengl_c2w,80,80,12,/home/m/dataset/ltm_datasets/DL3DV-ALL-480P/10K_extracted/dd7016792bf9559c76a2d533255a7c2f64bc6dfa7671409500b880a754a4b3d5
DL3DV-ALL-480P__10K_extracted__dd727571a1a17c24f4a1f3ed70b24bad7dfea77bc0c821da3dc11c455dd7c45a,DL3DV-ALL-480P/10K_extracted/dd727571a1a17c24f4a1f3ed70b24bad7dfea77bc0c821da3dc11c455dd7c45a,DL3DV-ALL-480P,DL3DV-ALL-480P,nerf_transforms_images8_colmap_depth,colmap_photometric_bin,transforms_json_opengl_c2w,80,80,12,/home/m/dataset/ltm_datasets/DL3DV-ALL-480P/10K_extracted/dd727571a1a17c24f4a1f3ed70b24bad7dfea77bc0c821da3dc11c455dd7c45a
DL3DV-ALL-480P__10K_extracted__dda20531d26b3d24606f24c03c783b1518834fc9903b58d8481692233476e46f,DL3DV-ALL-480P/10K_extracted/dda20531d26b3d24606f24c03c783b1518834fc9903b58d8481692233476e46f,DL3DV-ALL-480P,DL3DV-ALL-480P,nerf_transforms_images8_colmap_depth,colmap_photometric_bin,transforms_json_opengl_c2w,80,80,12,/home/m/dataset/ltm_datasets/DL3DV-ALL-480P/10K_extracted/dda20531d26b3d24606f24c03c783b1518834fc9903b58d8481692233476e46f
DL3DV-ALL-480P__10K_extracted__ddbbb5431a325b5eb2e7b713773493e55868f5548eea82c151199b2085088811,DL3DV-ALL-480P/10K_extracted/ddbbb5431a325b5eb2e7b713773493e55868f5548eea82c151199b2085088811,DL3DV-ALL-480P,DL3DV-ALL-480P,nerf_transforms_images8_colmap_depth,colmap_photometric_bin,transforms_json_opengl_c2w,80,80,12,/home/m/dataset/ltm_datasets/DL3DV-ALL-480P/10K_extracted/ddbbb5431a325b5eb2e7b713773493e55868f5548eea82c151199b2085088811
DL3DV-ALL-480P__10K_extracted__ddfeee3a629773ce3ec5d5ed44b9751b6260a42875fcb59ee33f850d357011cb,DL3DV-ALL-480P/10K_extracted/ddfeee3a629773ce3ec5d5ed44b9751b6260a42875fcb59ee33f850d357011cb,DL3DV-ALL-480P,DL3DV-ALL-480P,nerf_transforms_images8_colmap_depth,colmap_photometric_bin,transforms_json_opengl_c2w,80,80,12,/home/m/dataset/ltm_datasets/DL3DV-ALL-480P/10K_extracted/ddfeee3a629773ce3ec5d5ed44b9751b6260a42875fcb59ee33f850d357011cb
DL3DV-ALL-480P__10K_extracted__de2cff6cdca62da16504555942bd89816102f30832ed6c9653eef6d7c320e1a9,DL3DV-ALL-480P/10K_extracted/de2cff6cdca62da16504555942bd89816102f30832ed6c9653eef6d7c320e1a9,DL3DV-ALL-480P,DL3DV-ALL-480P,nerf_transforms_images8_colmap_depth,colmap_photometric_bin,transforms_json_opengl_c2w,80,80,12,/home/m/dataset/ltm_datasets/DL3DV-ALL-480P/10K_extracted/de2cff6cdca62da16504555942bd89816102f30832ed6c9653eef6d7c320e1a9
DL3DV-ALL-480P__10K_extracted__de528493b25012a5dc241d7ea176379ec8241047525321635af80c45c9754845,DL3DV-ALL-480P/10K_extracted/de528493b25012a5dc241d7ea176379ec8241047525321635af80c45c9754845,DL3DV-ALL-480P,DL3DV-ALL-480P,nerf_transforms_images8_colmap_depth,colmap_photometric_bin,transforms_json_opengl_c2w,80,80,12,/home/m/dataset/ltm_datasets/DL3DV-ALL-480P/10K_extracted/de528493b25012a5dc241d7ea176379ec8241047525321635af80c45c9754845
DL3DV-ALL-480P__10K_extracted__de62a57443498f4bb160c9dd3af45600ce8b8bca580936563c3f2f2816282e39,DL3DV-ALL-480P/10K_extracted/de62a57443498f4bb160c9dd3af45600ce8b8bca580936563c3f2f2816282e39,DL3DV-ALL-480P,DL3DV-ALL-480P,nerf_transforms_images8_colmap_depth,colmap_photometric_bin,transforms_json_opengl_c2w,80,80,12,/home/m/dataset/ltm_datasets/DL3DV-ALL-480P/10K_extracted/de62a57443498f4bb160c9dd3af45600ce8b8bca580936563c3f2f2816282e39
DL3DV-ALL-480P__10K_extracted__de732ea6f14814fb9da9b4bc2330daf740faf8cdb1f397723b132b0b35b8ecb7,DL3DV-ALL-480P/10K_extracted/de732ea6f14814fb9da9b4bc2330daf740faf8cdb1f397723b132b0b35b8ecb7,DL3DV-ALL-480P,DL3DV-ALL-480P,nerf_transforms_images8_colmap_depth,colmap_photometric_bin,transforms_json_opengl_c2w,80,80,12,/home/m/dataset/ltm_datasets/DL3DV-ALL-480P/10K_extracted/de732ea6f14814fb9da9b4bc2330daf740faf8cdb1f397723b132b0b35b8ecb7
DL3DV-ALL-480P__10K_extracted__ded515732a87ba2ad4f6848c8fb6fc91edab6d2a816ef0df34e51dd49eaa45e9,DL3DV-ALL-480P/10K_extracted/ded515732a87ba2ad4f6848c8fb6fc91edab6d2a816ef0df34e51dd49eaa45e9,DL3DV-ALL-480P,DL3DV-ALL-480P,nerf_transforms_images8_colmap_depth,colmap_photometric_bin,transforms_json_opengl_c2w,80,80,12,/home/m/dataset/ltm_datasets/DL3DV-ALL-480P/10K_extracted/ded515732a87ba2ad4f6848c8fb6fc91edab6d2a816ef0df34e51dd49eaa45e9
DL3DV-ALL-480P__10K_extracted__df3f063d1b78bc7fe28e613b7d166b32e6a3c1b48ec8eb5e929878a80b3491a2,DL3DV-ALL-480P/10K_extracted/df3f063d1b78bc7fe28e613b7d166b32e6a3c1b48ec8eb5e929878a80b3491a2,DL3DV-ALL-480P,DL3DV-ALL-480P,nerf_transforms_images8_colmap_depth,colmap_photometric_bin,transforms_json_opengl_c2w,80,80,12,/home/m/dataset/ltm_datasets/DL3DV-ALL-480P/10K_extracted/df3f063d1b78bc7fe28e613b7d166b32e6a3c1b48ec8eb5e929878a80b3491a2
DL3DV-ALL-480P__10K_extracted__e0309c987863c6bd37b4d5f7def07bae88a9429fbbb7f466c39c2ebab97ed88c,DL3DV-ALL-480P/10K_extracted/e0309c987863c6bd37b4d5f7def07bae88a9429fbbb7f466c39c2ebab97ed88c,DL3DV-ALL-480P,DL3DV-ALL-480P,nerf_transforms_images8_colmap_depth,colmap_photometric_bin,transforms_json_opengl_c2w,80,80,12,/home/m/dataset/ltm_datasets/DL3DV-ALL-480P/10K_extracted/e0309c987863c6bd37b4d5f7def07bae88a9429fbbb7f466c39c2ebab97ed88c
DL3DV-ALL-480P__10K_extracted__e06968ac9eb8639a7d86d42ff17a5bde92a189d70fb20d255f96a628d75b327f,DL3DV-ALL-480P/10K_extracted/e06968ac9eb8639a7d86d42ff17a5bde92a189d70fb20d255f96a628d75b327f,DL3DV-ALL-480P,DL3DV-ALL-480P,nerf_transforms_images8_colmap_depth,colmap_photometric_bin,transforms_json_opengl_c2w,80,80,12,/home/m/dataset/ltm_datasets/DL3DV-ALL-480P/10K_extracted/e06968ac9eb8639a7d86d42ff17a5bde92a189d70fb20d255f96a628d75b327f
DL3DV-ALL-480P__10K_extracted__e06fb7d1429708ab95fdd5cb1053148f41e8bbf2cd3cfb4249c4819fcda49715,DL3DV-ALL-480P/10K_extracted/e06fb7d1429708ab95fdd5cb1053148f41e8bbf2cd3cfb4249c4819fcda49715,DL3DV-ALL-480P,DL3DV-ALL-480P,nerf_transforms_images8_colmap_depth,colmap_photometric_bin,transforms_json_opengl_c2w,80,80,12,/home/m/dataset/ltm_datasets/DL3DV-ALL-480P/10K_extracted/e06fb7d1429708ab95fdd5cb1053148f41e8bbf2cd3cfb4249c4819fcda49715
DL3DV-ALL-480P__10K_extracted__e097d07bd89ddda6adbf5d355c3af0189c30dfa339ac0d834d21771f0b242ae2,DL3DV-ALL-480P/10K_extracted/e097d07bd89ddda6adbf5d355c3af0189c30dfa339ac0d834d21771f0b242ae2,DL3DV-ALL-480P,DL3DV-ALL-480P,nerf_transforms_images8_colmap_depth,colmap_photometric_bin,transforms_json_opengl_c2w,80,80,12,/home/m/dataset/ltm_datasets/DL3DV-ALL-480P/10K_extracted/e097d07bd89ddda6adbf5d355c3af0189c30dfa339ac0d834d21771f0b242ae2
DL3DV-ALL-480P__10K_extracted__e0b835634ac6016f022799c21dda816e16418223c8081e39a67e838e3112da69,DL3DV-ALL-480P/10K_extracted/e0b835634ac6016f022799c21dda816e16418223c8081e39a67e838e3112da69,DL3DV-ALL-480P,DL3DV-ALL-480P,nerf_transforms_images8_colmap_depth,colmap_photometric_bin,transforms_json_opengl_c2w,80,80,12,/home/m/dataset/ltm_datasets/DL3DV-ALL-480P/10K_extracted/e0b835634ac6016f022799c21dda816e16418223c8081e39a67e838e3112da69
DL3DV-ALL-480P__10K_extracted__e0caab6088056e6562cbbfa749780fcc4ffb7ec67d978974df61fb1d4758cd45,DL3DV-ALL-480P/10K_extracted/e0caab6088056e6562cbbfa749780fcc4ffb7ec67d978974df61fb1d4758cd45,DL3DV-ALL-480P,DL3DV-ALL-480P,nerf_transforms_images8_colmap_depth,colmap_photometric_bin,transforms_json_opengl_c2w,80,80,12,/home/m/dataset/ltm_datasets/DL3DV-ALL-480P/10K_extracted/e0caab6088056e6562cbbfa749780fcc4ffb7ec67d978974df61fb1d4758cd45
DL3DV-ALL-480P__10K_extracted__e10f80755f517212db3a367a481be262763255399ee9d86b44d4495f75daf507,DL3DV-ALL-480P/10K_extracted/e10f80755f517212db3a367a481be262763255399ee9d86b44d4495f75daf507,DL3DV-ALL-480P,DL3DV-ALL-480P,nerf_transforms_images8_colmap_depth,colmap_photometric_bin,transforms_json_opengl_c2w,80,80,12,/home/m/dataset/ltm_datasets/DL3DV-ALL-480P/10K_extracted/e10f80755f517212db3a367a481be262763255399ee9d86b44d4495f75daf507
DL3DV-ALL-480P__10K_extracted__e11400bc335f63900eef67d6c6eb7d3c1c46b15fe2981628ab0d561e892e0333,DL3DV-ALL-480P/10K_extracted/e11400bc335f63900eef67d6c6eb7d3c1c46b15fe2981628ab0d561e892e0333,DL3DV-ALL-480P,DL3DV-ALL-480P,nerf_transforms_images8_colmap_depth,colmap_photometric_bin,transforms_json_opengl_c2w,80,80,12,/home/m/dataset/ltm_datasets/DL3DV-ALL-480P/10K_extracted/e11400bc335f63900eef67d6c6eb7d3c1c46b15fe2981628ab0d561e892e0333
DL3DV-ALL-480P__10K_extracted__e1331217c50e55a564401104d1469b0f08d3b63c9f7a8081d66fab81495e26da,DL3DV-ALL-480P/10K_extracted/e1331217c50e55a564401104d1469b0f08d3b63c9f7a8081d66fab81495e26da,DL3DV-ALL-480P,DL3DV-ALL-480P,nerf_transforms_images8_colmap_depth,colmap_photometric_bin,transforms_json_opengl_c2w,80,80,12,/home/m/dataset/ltm_datasets/DL3DV-ALL-480P/10K_extracted/e1331217c50e55a564401104d1469b0f08d3b63c9f7a8081d66fab81495e26da
DL3DV-ALL-480P__10K_extracted__e17e2cf45f7f57c3b4cff2cd4f01774894f56083dd56152dc14f3136fd080c03,DL3DV-ALL-480P/10K_extracted/e17e2cf45f7f57c3b4cff2cd4f01774894f56083dd56152dc14f3136fd080c03,DL3DV-ALL-480P,DL3DV-ALL-480P,nerf_transforms_images8_colmap_depth,colmap_photometric_bin,transforms_json_opengl_c2w,80,80,12,/home/m/dataset/ltm_datasets/DL3DV-ALL-480P/10K_extracted/e17e2cf45f7f57c3b4cff2cd4f01774894f56083dd56152dc14f3136fd080c03
DL3DV-ALL-480P__10K_extracted__e18a6e956251f4223701a5a4c3f7ecbd159eb8778031c8cef3cd19f2fb778f84,DL3DV-ALL-480P/10K_extracted/e18a6e956251f4223701a5a4c3f7ecbd159eb8778031c8cef3cd19f2fb778f84,DL3DV-ALL-480P,DL3DV-ALL-480P,nerf_transforms_images8_colmap_depth,colmap_photometric_bin,transforms_json_opengl_c2w,80,80,12,/home/m/dataset/ltm_datasets/DL3DV-ALL-480P/10K_extracted/e18a6e956251f4223701a5a4c3f7ecbd159eb8778031c8cef3cd19f2fb778f84
DL3DV-ALL-480P__10K_extracted__e1a07d9df49f03107784135f3b040c21597d6f9f40d8f7907a150850dc2b62d7,DL3DV-ALL-480P/10K_extracted/e1a07d9df49f03107784135f3b040c21597d6f9f40d8f7907a150850dc2b62d7,DL3DV-ALL-480P,DL3DV-ALL-480P,nerf_transforms_images8_colmap_depth,colmap_photometric_bin,transforms_json_opengl_c2w,80,80,12,/home/m/dataset/ltm_datasets/DL3DV-ALL-480P/10K_extracted/e1a07d9df49f03107784135f3b040c21597d6f9f40d8f7907a150850dc2b62d7
DL3DV-ALL-480P__10K_extracted__e1d047f311d1a22e1737c777d224a170495c9f112216f2feeee78657c4a9d495,DL3DV-ALL-480P/10K_extracted/e1d047f311d1a22e1737c777d224a170495c9f112216f2feeee78657c4a9d495,DL3DV-ALL-480P,DL3DV-ALL-480P,nerf_transforms_images8_colmap_depth,colmap_photometric_bin,transforms_json_opengl_c2w,80,80,12,/home/m/dataset/ltm_datasets/DL3DV-ALL-480P/10K_extracted/e1d047f311d1a22e1737c777d224a170495c9f112216f2feeee78657c4a9d495
DL3DV-ALL-480P__10K_extracted__e1f4eb1f293dfd87ddfe36859f1f1d0b143e2f85904318956145c955b3081505,DL3DV-ALL-480P/10K_extracted/e1f4eb1f293dfd87ddfe36859f1f1d0b143e2f85904318956145c955b3081505,DL3DV-ALL-480P,DL3DV-ALL-480P,nerf_transforms_images8_colmap_depth,colmap_photometric_bin,transforms_json_opengl_c2w,80,80,12,/home/m/dataset/ltm_datasets/DL3DV-ALL-480P/10K_extracted/e1f4eb1f293dfd87ddfe36859f1f1d0b143e2f85904318956145c955b3081505
DL3DV-ALL-480P__10K_extracted__e2196c8c94d9315bb6741d7db5f8f858204ac00be0c0ab9f87a3cb864e3139b8,DL3DV-ALL-480P/10K_extracted/e2196c8c94d9315bb6741d7db5f8f858204ac00be0c0ab9f87a3cb864e3139b8,DL3DV-ALL-480P,DL3DV-ALL-480P,nerf_transforms_images8_colmap_depth,colmap_photometric_bin,transforms_json_opengl_c2w,80,80,12,/home/m/dataset/ltm_datasets/DL3DV-ALL-480P/10K_extracted/e2196c8c94d9315bb6741d7db5f8f858204ac00be0c0ab9f87a3cb864e3139b8
DL3DV-ALL-480P__10K_extracted__e2533fc1cd14573b40659ab023aa9081e4aaeef986b1b9e072b8e895fc6f6403,DL3DV-ALL-480P/10K_extracted/e2533fc1cd14573b40659ab023aa9081e4aaeef986b1b9e072b8e895fc6f6403,DL3DV-ALL-480P,DL3DV-ALL-480P,nerf_transforms_images8_colmap_depth,colmap_photometric_bin,transforms_json_opengl_c2w,80,80,12,/home/m/dataset/ltm_datasets/DL3DV-ALL-480P/10K_extracted/e2533fc1cd14573b40659ab023aa9081e4aaeef986b1b9e072b8e895fc6f6403
DL3DV-ALL-480P__10K_extracted__e255e4b689c924ec10a78d0ec014cbf730811f198c77b986e9a5d8dc4213bf1e,DL3DV-ALL-480P/10K_extracted/e255e4b689c924ec10a78d0ec014cbf730811f198c77b986e9a5d8dc4213bf1e,DL3DV-ALL-480P,DL3DV-ALL-480P,nerf_transforms_images8_colmap_depth,colmap_photometric_bin,transforms_json_opengl_c2w,80,80,12,/home/m/dataset/ltm_datasets/DL3DV-ALL-480P/10K_extracted/e255e4b689c924ec10a78d0ec014cbf730811f198c77b986e9a5d8dc4213bf1e
DL3DV-ALL-480P__10K_extracted__e27d1088659576eee91a832032612cc7540d6cc9f0fdb21974d47a08ed3dc3ba,DL3DV-ALL-480P/10K_extracted/e27d1088659576eee91a832032612cc7540d6cc9f0fdb21974d47a08ed3dc3ba,DL3DV-ALL-480P,DL3DV-ALL-480P,nerf_transforms_images8_colmap_depth,colmap_photometric_bin,transforms_json_opengl_c2w,80,80,12,/home/m/dataset/ltm_datasets/DL3DV-ALL-480P/10K_extracted/e27d1088659576eee91a832032612cc7540d6cc9f0fdb21974d47a08ed3dc3ba
DL3DV-ALL-480P__10K_extracted__e27fd7d476e9065fd8a9697494abb1e9587243ef125b0c07739ce796cc686988,DL3DV-ALL-480P/10K_extracted/e27fd7d476e9065fd8a9697494abb1e9587243ef125b0c07739ce796cc686988,DL3DV-ALL-480P,DL3DV-ALL-480P,nerf_transforms_images8_colmap_depth,colmap_photometric_bin,transforms_json_opengl_c2w,80,80,12,/home/m/dataset/ltm_datasets/DL3DV-ALL-480P/10K_extracted/e27fd7d476e9065fd8a9697494abb1e9587243ef125b0c07739ce796cc686988
DL3DV-ALL-480P__10K_extracted__e281cb6ffd9ae65b6ad571e3316dab94243ef4e2482a3c16564c7dbc8ac9da16,DL3DV-ALL-480P/10K_extracted/e281cb6ffd9ae65b6ad571e3316dab94243ef4e2482a3c16564c7dbc8ac9da16,DL3DV-ALL-480P,DL3DV-ALL-480P,nerf_transforms_images8_colmap_depth,colmap_photometric_bin,transforms_json_opengl_c2w,80,80,12,/home/m/dataset/ltm_datasets/DL3DV-ALL-480P/10K_extracted/e281cb6ffd9ae65b6ad571e3316dab94243ef4e2482a3c16564c7dbc8ac9da16
DL3DV-ALL-480P__10K_extracted__e2b57dfd0557060342a6dd1e3468aec06d72b6a8dda21b2d9b188be1156d865a,DL3DV-ALL-480P/10K_extracted/e2b57dfd0557060342a6dd1e3468aec06d72b6a8dda21b2d9b188be1156d865a,DL3DV-ALL-480P,DL3DV-ALL-480P,nerf_transforms_images8_colmap_depth,colmap_photometric_bin,transforms_json_opengl_c2w,80,80,12,/home/m/dataset/ltm_datasets/DL3DV-ALL-480P/10K_extracted/e2b57dfd0557060342a6dd1e3468aec06d72b6a8dda21b2d9b188be1156d865a
DL3DV-ALL-480P__10K_extracted__e2d2d41584ebc480eb6ae2f9dba47d4ac4bd21d4c23af1f893add12ee8bdb5db,DL3DV-ALL-480P/10K_extracted/e2d2d41584ebc480eb6ae2f9dba47d4ac4bd21d4c23af1f893add12ee8bdb5db,DL3DV-ALL-480P,DL3DV-ALL-480P,nerf_transforms_images8_colmap_depth,colmap_photometric_bin,transforms_json_opengl_c2w,80,80,12,/home/m/dataset/ltm_datasets/DL3DV-ALL-480P/10K_extracted/e2d2d41584ebc480eb6ae2f9dba47d4ac4bd21d4c23af1f893add12ee8bdb5db
DL3DV-ALL-480P__10K_extracted__e3181b8a25dd09aa4801705c5761762903dffd7275d4f20a64be24924c0730f3,DL3DV-ALL-480P/10K_extracted/e3181b8a25dd09aa4801705c5761762903dffd7275d4f20a64be24924c0730f3,DL3DV-ALL-480P,DL3DV-ALL-480P,nerf_transforms_images8_colmap_depth,colmap_photometric_bin,transforms_json_opengl_c2w,80,80,12,/home/m/dataset/ltm_datasets/DL3DV-ALL-480P/10K_extracted/e3181b8a25dd09aa4801705c5761762903dffd7275d4f20a64be24924c0730f3
DL3DV-ALL-480P__10K_extracted__e362d67349502b8af6abb1dfe11f4fe2ad89948a903983e7a5479d14ad56bbf9,DL3DV-ALL-480P/10K_extracted/e362d67349502b8af6abb1dfe11f4fe2ad89948a903983e7a5479d14ad56bbf9,DL3DV-ALL-480P,DL3DV-ALL-480P,nerf_transforms_images8_colmap_depth,colmap_photometric_bin,transforms_json_opengl_c2w,80,80,12,/home/m/dataset/ltm_datasets/DL3DV-ALL-480P/10K_extracted/e362d67349502b8af6abb1dfe11f4fe2ad89948a903983e7a5479d14ad56bbf9
DL3DV-ALL-480P__10K_extracted__e36953f97f0aa0de7b0759370cc3ca1a6b7a9b2ef5a9ffc2e02c710de97c391b,DL3DV-ALL-480P/10K_extracted/e36953f97f0aa0de7b0759370cc3ca1a6b7a9b2ef5a9ffc2e02c710de97c391b,DL3DV-ALL-480P,DL3DV-ALL-480P,nerf_transforms_images8_colmap_depth,colmap_photometric_bin,transforms_json_opengl_c2w,80,80,12,/home/m/dataset/ltm_datasets/DL3DV-ALL-480P/10K_extracted/e36953f97f0aa0de7b0759370cc3ca1a6b7a9b2ef5a9ffc2e02c710de97c391b
DL3DV-ALL-480P__10K_extracted__e3c12fd671dafefaf70e07467769c4540e1eab8d2024503f2dec72ceeeae01bb,DL3DV-ALL-480P/10K_extracted/e3c12fd671dafefaf70e07467769c4540e1eab8d2024503f2dec72ceeeae01bb,DL3DV-ALL-480P,DL3DV-ALL-480P,nerf_transforms_images8_colmap_depth,colmap_photometric_bin,transforms_json_opengl_c2w,80,80,12,/home/m/dataset/ltm_datasets/DL3DV-ALL-480P/10K_extracted/e3c12fd671dafefaf70e07467769c4540e1eab8d2024503f2dec72ceeeae01bb
DL3DV-ALL-480P__10K_extracted__e3d2cd5796a484d9c9c51fb003f33fcacce84059ab7094f0b6245af41d2f6452,DL3DV-ALL-480P/10K_extracted/e3d2cd5796a484d9c9c51fb003f33fcacce84059ab7094f0b6245af41d2f6452,DL3DV-ALL-480P,DL3DV-ALL-480P,nerf_transforms_images8_colmap_depth,colmap_photometric_bin,transforms_json_opengl_c2w,80,80,12,/home/m/dataset/ltm_datasets/DL3DV-ALL-480P/10K_extracted/e3d2cd5796a484d9c9c51fb003f33fcacce84059ab7094f0b6245af41d2f6452
DL3DV-ALL-480P__10K_extracted__e4149b7d5fb47f2683bef1c358e49c1f72766eba0f701b33383ede09d7825774,DL3DV-ALL-480P/10K_extracted/e4149b7d5fb47f2683bef1c358e49c1f72766eba0f701b33383ede09d7825774,DL3DV-ALL-480P,DL3DV-ALL-480P,nerf_transforms_images8_colmap_depth,colmap_photometric_bin,transforms_json_opengl_c2w,80,80,12,/home/m/dataset/ltm_datasets/DL3DV-ALL-480P/10K_extracted/e4149b7d5fb47f2683bef1c358e49c1f72766eba0f701b33383ede09d7825774
DL3DV-ALL-480P__10K_extracted__e47aede6b65b2ff9898be60650aa3d3e110c2311f36df209ed8cb5ae5265feea,DL3DV-ALL-480P/10K_extracted/e47aede6b65b2ff9898be60650aa3d3e110c2311f36df209ed8cb5ae5265feea,DL3DV-ALL-480P,DL3DV-ALL-480P,nerf_transforms_images8_colmap_depth,colmap_photometric_bin,transforms_json_opengl_c2w,80,80,12,/home/m/dataset/ltm_datasets/DL3DV-ALL-480P/10K_extracted/e47aede6b65b2ff9898be60650aa3d3e110c2311f36df209ed8cb5ae5265feea
wildrgbd_harrison__TV__scene_016,wildrgbd_harrison/TV/scene_016,wildrgbd_harrison,wildrgbd_harrison:TV,wildrgbd_rgb_depth_npz_pose,sensor_depth_png,npz_camera_pose,100,100,12,/home/m/dataset/ltm_datasets/wildrgbd_harrison/TV/scenes/scene_016
wildrgbd_harrison__TV__scene_019,wildrgbd_harrison/TV/scene_019,wildrgbd_harrison,wildrgbd_harrison:TV,wildrgbd_rgb_depth_npz_pose,sensor_depth_png,npz_camera_pose,100,100,12,/home/m/dataset/ltm_datasets/wildrgbd_harrison/TV/scenes/scene_019
wildrgbd_harrison__TV__scene_022,wildrgbd_harrison/TV/scene_022,wildrgbd_harrison,wildrgbd_harrison:TV,wildrgbd_rgb_depth_npz_pose,sensor_depth_png,npz_camera_pose,100,100,12,/home/m/dataset/ltm_datasets/wildrgbd_harrison/TV/scenes/scene_022
wildrgbd_harrison__TV__scene_024,wildrgbd_harrison/TV/scene_024,wildrgbd_harrison,wildrgbd_harrison:TV,wildrgbd_rgb_depth_npz_pose,sensor_depth_png,npz_camera_pose,100,100,12,/home/m/dataset/ltm_datasets/wildrgbd_harrison/TV/scenes/scene_024
wildrgbd_harrison__TV__scene_034,wildrgbd_harrison/TV/scene_034,wildrgbd_harrison,wildrgbd_harrison:TV,wildrgbd_rgb_depth_npz_pose,sensor_depth_png,npz_camera_pose,100,100,12,/home/m/dataset/ltm_datasets/wildrgbd_harrison/TV/scenes/scene_034
wildrgbd_harrison__TV__scene_056,wildrgbd_harrison/TV/scene_056,wildrgbd_harrison,wildrgbd_harrison:TV,wildrgbd_rgb_depth_npz_pose,sensor_depth_png,npz_camera_pose,100,100,12,/home/m/dataset/ltm_datasets/wildrgbd_harrison/TV/scenes/scene_056
wildrgbd_harrison__TV__scene_058,wildrgbd_harrison/TV/scene_058,wildrgbd_harrison,wildrgbd_harrison:TV,wildrgbd_rgb_depth_npz_pose,sensor_depth_png,npz_camera_pose,100,100,12,/home/m/dataset/ltm_datasets/wildrgbd_harrison/TV/scenes/scene_058
wildrgbd_harrison__TV__scene_059,wildrgbd_harrison/TV/scene_059,wildrgbd_harrison,wildrgbd_harrison:TV,wildrgbd_rgb_depth_npz_pose,sensor_depth_png,npz_camera_pose,100,100,12,/home/m/dataset/ltm_datasets/wildrgbd_harrison/TV/scenes/scene_059
wildrgbd_harrison__TV__scene_075,wildrgbd_harrison/TV/scene_075,wildrgbd_harrison,wildrgbd_harrison:TV,wildrgbd_rgb_depth_npz_pose,sensor_depth_png,npz_camera_pose,100,100,12,/home/m/dataset/ltm_datasets/wildrgbd_harrison/TV/scenes/scene_075
wildrgbd_harrison__TV__scene_081,wildrgbd_harrison/TV/scene_081,wildrgbd_harrison,wildrgbd_harrison:TV,wildrgbd_rgb_depth_npz_pose,sensor_depth_png,npz_camera_pose,100,100,12,/home/m/dataset/ltm_datasets/wildrgbd_harrison/TV/scenes/scene_081
wildrgbd_harrison__TV__scene_086,wildrgbd_harrison/TV/scene_086,wildrgbd_harrison,wildrgbd_harrison:TV,wildrgbd_rgb_depth_npz_pose,sensor_depth_png,npz_camera_pose,100,100,12,/home/m/dataset/ltm_datasets/wildrgbd_harrison/TV/scenes/scene_086
wildrgbd_harrison__TV__scene_091,wildrgbd_harrison/TV/scene_091,wildrgbd_harrison,wildrgbd_harrison:TV,wildrgbd_rgb_depth_npz_pose,sensor_depth_png,npz_camera_pose,100,100,12,/home/m/dataset/ltm_datasets/wildrgbd_harrison/TV/scenes/scene_091
wildrgbd_harrison__apple__scene_036,wildrgbd_harrison/apple/scene_036,wildrgbd_harrison,wildrgbd_harrison:apple,wildrgbd_rgb_depth_npz_pose,sensor_depth_png,npz_camera_pose,100,100,12,/home/m/dataset/ltm_datasets/wildrgbd_harrison/apple/scenes/scene_036
wildrgbd_harrison__apple__scene_058,wildrgbd_harrison/apple/scene_058,wildrgbd_harrison,wildrgbd_harrison:apple,wildrgbd_rgb_depth_npz_pose,sensor_depth_png,npz_camera_pose,100,100,12,/home/m/dataset/ltm_datasets/wildrgbd_harrison/apple/scenes/scene_058
wildrgbd_harrison__apple__scene_096,wildrgbd_harrison/apple/scene_096,wildrgbd_harrison,wildrgbd_harrison:apple,wildrgbd_rgb_depth_npz_pose,sensor_depth_png,npz_camera_pose,100,100,12,/home/m/dataset/ltm_datasets/wildrgbd_harrison/apple/scenes/scene_096
wildrgbd_harrison__apple__scene_098,wildrgbd_harrison/apple/scene_098,wildrgbd_harrison,wildrgbd_harrison:apple,wildrgbd_rgb_depth_npz_pose,sensor_depth_png,npz_camera_pose,100,100,12,/home/m/dataset/ltm_datasets/wildrgbd_harrison/apple/scenes/scene_098
wildrgbd_harrison__apple__scene_130,wildrgbd_harrison/apple/scene_130,wildrgbd_harrison,wildrgbd_harrison:apple,wildrgbd_rgb_depth_npz_pose,sensor_depth_png,npz_camera_pose,100,100,12,/home/m/dataset/ltm_datasets/wildrgbd_harrison/apple/scenes/scene_130
wildrgbd_harrison__apple__scene_154,wildrgbd_harrison/apple/scene_154,wildrgbd_harrison,wildrgbd_harrison:apple,wildrgbd_rgb_depth_npz_pose,sensor_depth_png,npz_camera_pose,100,100,12,/home/m/dataset/ltm_datasets/wildrgbd_harrison/apple/scenes/scene_154
wildrgbd_harrison__apple__scene_164,wildrgbd_harrison/apple/scene_164,wildrgbd_harrison,wildrgbd_harrison:apple,wildrgbd_rgb_depth_npz_pose,sensor_depth_png,npz_camera_pose,100,100,12,/home/m/dataset/ltm_datasets/wildrgbd_harrison/apple/scenes/scene_164
wildrgbd_harrison__apple__scene_190,wildrgbd_harrison/apple/scene_190,wildrgbd_harrison,wildrgbd_harrison:apple,wildrgbd_rgb_depth_npz_pose,sensor_depth_png,npz_camera_pose,100,100,12,/home/m/dataset/ltm_datasets/wildrgbd_harrison/apple/scenes/scene_190
wildrgbd_harrison__backpack__scene_019,wildrgbd_harrison/backpack/scene_019,wildrgbd_harrison,wildrgbd_harrison:backpack,wildrgbd_rgb_depth_npz_pose,sensor_depth_png,npz_camera_pose,100,100,12,/home/m/dataset/ltm_datasets/wildrgbd_harrison/backpack/scenes/scene_019
wildrgbd_harrison__backpack__scene_039,wildrgbd_harrison/backpack/scene_039,wildrgbd_harrison,wildrgbd_harrison:backpack,wildrgbd_rgb_depth_npz_pose,sensor_depth_png,npz_camera_pose,100,100,12,/home/m/dataset/ltm_datasets/wildrgbd_harrison/backpack/scenes/scene_039
wildrgbd_harrison__backpack__scene_076,wildrgbd_harrison/backpack/scene_076,wildrgbd_harrison,wildrgbd_harrison:backpack,wildrgbd_rgb_depth_npz_pose,sensor_depth_png,npz_camera_pose,100,100,12,/home/m/dataset/ltm_datasets/wildrgbd_harrison/backpack/scenes/scene_076
wildrgbd_harrison__backpack__scene_117,wildrgbd_harrison/backpack/scene_117,wildrgbd_harrison,wildrgbd_harrison:backpack,wildrgbd_rgb_depth_npz_pose,sensor_depth_png,npz_camera_pose,100,100,12,/home/m/dataset/ltm_datasets/wildrgbd_harrison/backpack/scenes/scene_117
wildrgbd_harrison__backpack__scene_195,wildrgbd_harrison/backpack/scene_195,wildrgbd_harrison,wildrgbd_harrison:backpack,wildrgbd_rgb_depth_npz_pose,sensor_depth_png,npz_camera_pose,100,100,12,/home/m/dataset/ltm_datasets/wildrgbd_harrison/backpack/scenes/scene_195
wildrgbd_harrison__backpack__scene_232,wildrgbd_harrison/backpack/scene_232,wildrgbd_harrison,wildrgbd_harrison:backpack,wildrgbd_rgb_depth_npz_pose,sensor_depth_png,npz_camera_pose,100,100,12,/home/m/dataset/ltm_datasets/wildrgbd_harrison/backpack/scenes/scene_232
wildrgbd_harrison__backpack__scene_251,wildrgbd_harrison/backpack/scene_251,wildrgbd_harrison,wildrgbd_harrison:backpack,wildrgbd_rgb_depth_npz_pose,sensor_depth_png,npz_camera_pose,100,100,12,/home/m/dataset/ltm_datasets/wildrgbd_harrison/backpack/scenes/scene_251
wildrgbd_harrison__backpack__scene_312,wildrgbd_harrison/backpack/scene_312,wildrgbd_harrison,wildrgbd_harrison:backpack,wildrgbd_rgb_depth_npz_pose,sensor_depth_png,npz_camera_pose,100,100,12,/home/m/dataset/ltm_datasets/wildrgbd_harrison/backpack/scenes/scene_312
wildrgbd_harrison__backpack__scene_345,wildrgbd_harrison/backpack/scene_345,wildrgbd_harrison,wildrgbd_harrison:backpack,wildrgbd_rgb_depth_npz_pose,sensor_depth_png,npz_camera_pose,100,100,12,/home/m/dataset/ltm_datasets/wildrgbd_harrison/backpack/scenes/scene_345
wildrgbd_harrison__backpack__scene_432,wildrgbd_harrison/backpack/scene_432,wildrgbd_harrison,wildrgbd_harrison:backpack,wildrgbd_rgb_depth_npz_pose,sensor_depth_png,npz_camera_pose,100,100,12,/home/m/dataset/ltm_datasets/wildrgbd_harrison/backpack/scenes/scene_432
wildrgbd_harrison__backpack__scene_510,wildrgbd_harrison/backpack/scene_510,wildrgbd_harrison,wildrgbd_harrison:backpack,wildrgbd_rgb_depth_npz_pose,sensor_depth_png,npz_camera_pose,100,100,12,/home/m/dataset/ltm_datasets/wildrgbd_harrison/backpack/scenes/scene_510
wildrgbd_harrison__backpack__scene_553,wildrgbd_harrison/backpack/scene_553,wildrgbd_harrison,wildrgbd_harrison:backpack,wildrgbd_rgb_depth_npz_pose,sensor_depth_png,npz_camera_pose,100,100,12,/home/m/dataset/ltm_datasets/wildrgbd_harrison/backpack/scenes/scene_553
wildrgbd_harrison__ball__scene_048,wildrgbd_harrison/ball/scene_048,wildrgbd_harrison,wildrgbd_harrison:ball,wildrgbd_rgb_depth_npz_pose,sensor_depth_png,npz_camera_pose,100,100,12,/home/m/dataset/ltm_datasets/wildrgbd_harrison/ball/scenes/scene_048
wildrgbd_harrison__ball__scene_091,wildrgbd_harrison/ball/scene_091,wildrgbd_harrison,wildrgbd_harrison:ball,wildrgbd_rgb_depth_npz_pose,sensor_depth_png,npz_camera_pose,100,100,12,/home/m/dataset/ltm_datasets/wildrgbd_harrison/ball/scenes/scene_091
wildrgbd_harrison__ball__scene_107,wildrgbd_harrison/ball/scene_107,wildrgbd_harrison,wildrgbd_harrison:ball,wildrgbd_rgb_depth_npz_pose,sensor_depth_png,npz_camera_pose,100,100,12,/home/m/dataset/ltm_datasets/wildrgbd_harrison/ball/scenes/scene_107
wildrgbd_harrison__ball__scene_135,wildrgbd_harrison/ball/scene_135,wildrgbd_harrison,wildrgbd_harrison:ball,wildrgbd_rgb_depth_npz_pose,sensor_depth_png,npz_camera_pose,100,100,12,/home/m/dataset/ltm_datasets/wildrgbd_harrison/ball/scenes/scene_135
wildrgbd_harrison__ball__scene_170,wildrgbd_harrison/ball/scene_170,wildrgbd_harrison,wildrgbd_harrison:ball,wildrgbd_rgb_depth_npz_pose,sensor_depth_png,npz_camera_pose,100,100,12,/home/m/dataset/ltm_datasets/wildrgbd_harrison/ball/scenes/scene_170
wildrgbd_harrison__ball__scene_206,wildrgbd_harrison/ball/scene_206,wildrgbd_harrison,wildrgbd_harrison:ball,wildrgbd_rgb_depth_npz_pose,sensor_depth_png,npz_camera_pose,100,100,12,/home/m/dataset/ltm_datasets/wildrgbd_harrison/ball/scenes/scene_206
wildrgbd_harrison__ball__scene_214,wildrgbd_harrison/ball/scene_214,wildrgbd_harrison,wildrgbd_harrison:ball,wildrgbd_rgb_depth_npz_pose,sensor_depth_png,npz_camera_pose,100,100,12,/home/m/dataset/ltm_datasets/wildrgbd_harrison/ball/scenes/scene_214
wildrgbd_harrison__ball__scene_219,wildrgbd_harrison/ball/scene_219,wildrgbd_harrison,wildrgbd_harrison:ball,wildrgbd_rgb_depth_npz_pose,sensor_depth_png,npz_camera_pose,100,100,12,/home/m/dataset/ltm_datasets/wildrgbd_harrison/ball/scenes/scene_219
wildrgbd_harrison__ball__scene_236,wildrgbd_harrison/ball/scene_236,wildrgbd_harrison,wildrgbd_harrison:ball,wildrgbd_rgb_depth_npz_pose,sensor_depth_png,npz_camera_pose,100,100,12,/home/m/dataset/ltm_datasets/wildrgbd_harrison/ball/scenes/scene_236
wildrgbd_harrison__ball__scene_261,wildrgbd_harrison/ball/scene_261,wildrgbd_harrison,wildrgbd_harrison:ball,wildrgbd_rgb_depth_npz_pose,sensor_depth_png,npz_camera_pose,100,100,12,/home/m/dataset/ltm_datasets/wildrgbd_harrison/ball/scenes/scene_261
wildrgbd_harrison__ball__scene_263,wildrgbd_harrison/ball/scene_263,wildrgbd_harrison,wildrgbd_harrison:ball,wildrgbd_rgb_depth_npz_pose,sensor_depth_png,npz_camera_pose,100,100,12,/home/m/dataset/ltm_datasets/wildrgbd_harrison/ball/scenes/scene_263
wildrgbd_harrison__ball__scene_296,wildrgbd_harrison/ball/scene_296,wildrgbd_harrison,wildrgbd_harrison:ball,wildrgbd_rgb_depth_npz_pose,sensor_depth_png,npz_camera_pose,100,100,12,/home/m/dataset/ltm_datasets/wildrgbd_harrison/ball/scenes/scene_296
wildrgbd_harrison__ball__scene_340,wildrgbd_harrison/ball/scene_340,wildrgbd_harrison,wildrgbd_harrison:ball,wildrgbd_rgb_depth_npz_pose,sensor_depth_png,npz_camera_pose,100,100,12,/home/m/dataset/ltm_datasets/wildrgbd_harrison/ball/scenes/scene_340
wildrgbd_harrison__ball__scene_361,wildrgbd_harrison/ball/scene_361,wildrgbd_harrison,wildrgbd_harrison:ball,wildrgbd_rgb_depth_npz_pose,sensor_depth_png,npz_camera_pose,100,100,12,/home/m/dataset/ltm_datasets/wildrgbd_harrison/ball/scenes/scene_361
wildrgbd_harrison__ball__scene_383,wildrgbd_harrison/ball/scene_383,wildrgbd_harrison,wildrgbd_harrison:ball,wildrgbd_rgb_depth_npz_pose,sensor_depth_png,npz_camera_pose,100,100,12,/home/m/dataset/ltm_datasets/wildrgbd_harrison/ball/scenes/scene_383
wildrgbd_harrison__ball__scene_388,wildrgbd_harrison/ball/scene_388,wildrgbd_harrison,wildrgbd_harrison:ball,wildrgbd_rgb_depth_npz_pose,sensor_depth_png,npz_camera_pose,100,100,12,/home/m/dataset/ltm_datasets/wildrgbd_harrison/ball/scenes/scene_388
wildrgbd_harrison__banana__scene_015,wildrgbd_harrison/banana/scene_015,wildrgbd_harrison,wildrgbd_harrison:banana,wildrgbd_rgb_depth_npz_pose,sensor_depth_png,npz_camera_pose,100,100,12,/home/m/dataset/ltm_datasets/wildrgbd_harrison/banana/scenes/scene_015
wildrgbd_harrison__banana__scene_029,wildrgbd_harrison/banana/scene_029,wildrgbd_harrison,wildrgbd_harrison:banana,wildrgbd_rgb_depth_npz_pose,sensor_depth_png,npz_camera_pose,100,100,12,/home/m/dataset/ltm_datasets/wildrgbd_harrison/banana/scenes/scene_029
wildrgbd_harrison__banana__scene_039,wildrgbd_harrison/banana/scene_039,wildrgbd_harrison,wildrgbd_harrison:banana,wildrgbd_rgb_depth_npz_pose,sensor_depth_png,npz_camera_pose,100,100,12,/home/m/dataset/ltm_datasets/wildrgbd_harrison/banana/scenes/scene_039
wildrgbd_harrison__banana__scene_066,wildrgbd_harrison/banana/scene_066,wildrgbd_harrison,wildrgbd_harrison:banana,wildrgbd_rgb_depth_npz_pose,sensor_depth_png,npz_camera_pose,100,100,12,/home/m/dataset/ltm_datasets/wildrgbd_harrison/banana/scenes/scene_066
wildrgbd_harrison__banana__scene_072,wildrgbd_harrison/banana/scene_072,wildrgbd_harrison,wildrgbd_harrison:banana,wildrgbd_rgb_depth_npz_pose,sensor_depth_png,npz_camera_pose,100,100,12,/home/m/dataset/ltm_datasets/wildrgbd_harrison/banana/scenes/scene_072
wildrgbd_harrison__banana__scene_103,wildrgbd_harrison/banana/scene_103,wildrgbd_harrison,wildrgbd_harrison:banana,wildrgbd_rgb_depth_npz_pose,sensor_depth_png,npz_camera_pose,100,100,12,/home/m/dataset/ltm_datasets/wildrgbd_harrison/banana/scenes/scene_103
wildrgbd_harrison__banana__scene_105,wildrgbd_harrison/banana/scene_105,wildrgbd_harrison,wildrgbd_harrison:banana,wildrgbd_rgb_depth_npz_pose,sensor_depth_png,npz_camera_pose,100,100,12,/home/m/dataset/ltm_datasets/wildrgbd_harrison/banana/scenes/scene_105
wildrgbd_harrison__banana__scene_123,wildrgbd_harrison/banana/scene_123,wildrgbd_harrison,wildrgbd_harrison:banana,wildrgbd_rgb_depth_npz_pose,sensor_depth_png,npz_camera_pose,100,100,12,/home/m/dataset/ltm_datasets/wildrgbd_harrison/banana/scenes/scene_123
wildrgbd_harrison__banana__scene_164,wildrgbd_harrison/banana/scene_164,wildrgbd_harrison,wildrgbd_harrison:banana,wildrgbd_rgb_depth_npz_pose,sensor_depth_png,npz_camera_pose,100,100,12,/home/m/dataset/ltm_datasets/wildrgbd_harrison/banana/scenes/scene_164
wildrgbd_harrison__banana__scene_187,wildrgbd_harrison/banana/scene_187,wildrgbd_harrison,wildrgbd_harrison:banana,wildrgbd_rgb_depth_npz_pose,sensor_depth_png,npz_camera_pose,100,100,12,/home/m/dataset/ltm_datasets/wildrgbd_harrison/banana/scenes/scene_187
wildrgbd_harrison__banana__scene_189,wildrgbd_harrison/banana/scene_189,wildrgbd_harrison,wildrgbd_harrison:banana,wildrgbd_rgb_depth_npz_pose,sensor_depth_png,npz_camera_pose,100,100,12,/home/m/dataset/ltm_datasets/wildrgbd_harrison/banana/scenes/scene_189
wildrgbd_harrison__banana__scene_190,wildrgbd_harrison/banana/scene_190,wildrgbd_harrison,wildrgbd_harrison:banana,wildrgbd_rgb_depth_npz_pose,sensor_depth_png,npz_camera_pose,100,100,12,/home/m/dataset/ltm_datasets/wildrgbd_harrison/banana/scenes/scene_190
wildrgbd_harrison__boat__scene_016,wildrgbd_harrison/boat/scene_016,wildrgbd_harrison,wildrgbd_harrison:boat,wildrgbd_rgb_depth_npz_pose,sensor_depth_png,npz_camera_pose,100,100,12,/home/m/dataset/ltm_datasets/wildrgbd_harrison/boat/scenes/scene_016
wildrgbd_harrison__boat__scene_029,wildrgbd_harrison/boat/scene_029,wildrgbd_harrison,wildrgbd_harrison:boat,wildrgbd_rgb_depth_npz_pose,sensor_depth_png,npz_camera_pose,100,100,12,/home/m/dataset/ltm_datasets/wildrgbd_harrison/boat/scenes/scene_029
wildrgbd_harrison__boat__scene_033,wildrgbd_harrison/boat/scene_033,wildrgbd_harrison,wildrgbd_harrison:boat,wildrgbd_rgb_depth_npz_pose,sensor_depth_png,npz_camera_pose,100,100,12,/home/m/dataset/ltm_datasets/wildrgbd_harrison/boat/scenes/scene_033
wildrgbd_harrison__boat__scene_039,wildrgbd_harrison/boat/scene_039,wildrgbd_harrison,wildrgbd_harrison:boat,wildrgbd_rgb_depth_npz_pose,sensor_depth_png,npz_camera_pose,100,100,12,/home/m/dataset/ltm_datasets/wildrgbd_harrison/boat/scenes/scene_039
wildrgbd_harrison__boat__scene_073,wildrgbd_harrison/boat/scene_073,wildrgbd_harrison,wildrgbd_harrison:boat,wildrgbd_rgb_depth_npz_pose,sensor_depth_png,npz_camera_pose,100,100,12,/home/m/dataset/ltm_datasets/wildrgbd_harrison/boat/scenes/scene_073
wildrgbd_harrison__boat__scene_088,wildrgbd_harrison/boat/scene_088,wildrgbd_harrison,wildrgbd_harrison:boat,wildrgbd_rgb_depth_npz_pose,sensor_depth_png,npz_camera_pose,100,100,12,/home/m/dataset/ltm_datasets/wildrgbd_harrison/boat/scenes/scene_088
wildrgbd_harrison__boat__scene_099,wildrgbd_harrison/boat/scene_099,wildrgbd_harrison,wildrgbd_harrison:boat,wildrgbd_rgb_depth_npz_pose,sensor_depth_png,npz_camera_pose,100,100,12,/home/m/dataset/ltm_datasets/wildrgbd_harrison/boat/scenes/scene_099
wildrgbd_harrison__boat__scene_105,wildrgbd_harrison/boat/scene_105,wildrgbd_harrison,wildrgbd_harrison:boat,wildrgbd_rgb_depth_npz_pose,sensor_depth_png,npz_camera_pose,100,100,12,/home/m/dataset/ltm_datasets/wildrgbd_harrison/boat/scenes/scene_105
wildrgbd_harrison__boat__scene_107,wildrgbd_harrison/boat/scene_107,wildrgbd_harrison,wildrgbd_harrison:boat,wildrgbd_rgb_depth_npz_pose,sensor_depth_png,npz_camera_pose,100,100,12,/home/m/dataset/ltm_datasets/wildrgbd_harrison/boat/scenes/scene_107
wildrgbd_harrison__boat__scene_118,wildrgbd_harrison/boat/scene_118,wildrgbd_harrison,wildrgbd_harrison:boat,wildrgbd_rgb_depth_npz_pose,sensor_depth_png,npz_camera_pose,100,100,12,/home/m/dataset/ltm_datasets/wildrgbd_harrison/boat/scenes/scene_118
wildrgbd_harrison__boat__scene_157,wildrgbd_harrison/boat/scene_157,wildrgbd_harrison,wildrgbd_harrison:boat,wildrgbd_rgb_depth_npz_pose,sensor_depth_png,npz_camera_pose,100,100,12,/home/m/dataset/ltm_datasets/wildrgbd_harrison/boat/scenes/scene_157
wildrgbd_harrison__book__scene_063,wildrgbd_harrison/book/scene_063,wildrgbd_harrison,wildrgbd_harrison:book,wildrgbd_rgb_depth_npz_pose,sensor_depth_png,npz_camera_pose,100,100,12,/home/m/dataset/ltm_datasets/wildrgbd_harrison/book/scenes/scene_063
wildrgbd_harrison__book__scene_077,wildrgbd_harrison/book/scene_077,wildrgbd_harrison,wildrgbd_harrison:book,wildrgbd_rgb_depth_npz_pose,sensor_depth_png,npz_camera_pose,100,100,12,/home/m/dataset/ltm_datasets/wildrgbd_harrison/book/scenes/scene_077
wildrgbd_harrison__book__scene_171,wildrgbd_harrison/book/scene_171,wildrgbd_harrison,wildrgbd_harrison:book,wildrgbd_rgb_depth_npz_pose,sensor_depth_png,npz_camera_pose,100,100,12,/home/m/dataset/ltm_datasets/wildrgbd_harrison/book/scenes/scene_171
wildrgbd_harrison__book__scene_226,wildrgbd_harrison/book/scene_226,wildrgbd_harrison,wildrgbd_harrison:book,wildrgbd_rgb_depth_npz_pose,sensor_depth_png,npz_camera_pose,100,100,12,/home/m/dataset/ltm_datasets/wildrgbd_harrison/book/scenes/scene_226
wildrgbd_harrison__book__scene_236,wildrgbd_harrison/book/scene_236,wildrgbd_harrison,wildrgbd_harrison:book,wildrgbd_rgb_depth_npz_pose,sensor_depth_png,npz_camera_pose,100,100,12,/home/m/dataset/ltm_datasets/wildrgbd_harrison/book/scenes/scene_236
wildrgbd_harrison__book__scene_241,wildrgbd_harrison/book/scene_241,wildrgbd_harrison,wildrgbd_harrison:book,wildrgbd_rgb_depth_npz_pose,sensor_depth_png,npz_camera_pose,100,100,12,/home/m/dataset/ltm_datasets/wildrgbd_harrison/book/scenes/scene_241
wildrgbd_harrison__book__scene_251,wildrgbd_harrison/book/scene_251,wildrgbd_harrison,wildrgbd_harrison:book,wildrgbd_rgb_depth_npz_pose,sensor_depth_png,npz_camera_pose,100,100,12,/home/m/dataset/ltm_datasets/wildrgbd_harrison/book/scenes/scene_251
wildrgbd_harrison__book__scene_257,wildrgbd_harrison/book/scene_257,wildrgbd_harrison,wildrgbd_harrison:book,wildrgbd_rgb_depth_npz_pose,sensor_depth_png,npz_camera_pose,100,100,12,/home/m/dataset/ltm_datasets/wildrgbd_harrison/book/scenes/scene_257
wildrgbd_harrison__book__scene_344,wildrgbd_harrison/book/scene_344,wildrgbd_harrison,wildrgbd_harrison:book,wildrgbd_rgb_depth_npz_pose,sensor_depth_png,npz_camera_pose,100,100,12,/home/m/dataset/ltm_datasets/wildrgbd_harrison/book/scenes/scene_344
wildrgbd_harrison__book__scene_346,wildrgbd_harrison/book/scene_346,wildrgbd_harrison,wildrgbd_harrison:book,wildrgbd_rgb_depth_npz_pose,sensor_depth_png,npz_camera_pose,100,100,12,/home/m/dataset/ltm_datasets/wildrgbd_harrison/book/scenes/scene_346
wildrgbd_harrison__book__scene_362,wildrgbd_harrison/book/scene_362,wildrgbd_harrison,wildrgbd_harrison:book,wildrgbd_rgb_depth_npz_pose,sensor_depth_png,npz_camera_pose,100,100,12,/home/m/dataset/ltm_datasets/wildrgbd_harrison/book/scenes/scene_362
wildrgbd_harrison__book__scene_365,wildrgbd_harrison/book/scene_365,wildrgbd_harrison,wildrgbd_harrison:book,wildrgbd_rgb_depth_npz_pose,sensor_depth_png,npz_camera_pose,100,100,12,/home/m/dataset/ltm_datasets/wildrgbd_harrison/book/scenes/scene_365
wildrgbd_harrison__bottle__scene_024,wildrgbd_harrison/bottle/scene_024,wildrgbd_harrison,wildrgbd_harrison:bottle,wildrgbd_rgb_depth_npz_pose,sensor_depth_png,npz_camera_pose,100,100,12,/home/m/dataset/ltm_datasets/wildrgbd_harrison/bottle/scenes/scene_024
wildrgbd_harrison__bottle__scene_043,wildrgbd_harrison/bottle/scene_043,wildrgbd_harrison,wildrgbd_harrison:bottle,wildrgbd_rgb_depth_npz_pose,sensor_depth_png,npz_camera_pose,100,100,12,/home/m/dataset/ltm_datasets/wildrgbd_harrison/bottle/scenes/scene_043
wildrgbd_harrison__bottle__scene_093,wildrgbd_harrison/bottle/scene_093,wildrgbd_harrison,wildrgbd_harrison:bottle,wildrgbd_rgb_depth_npz_pose,sensor_depth_png,npz_camera_pose,100,100,12,/home/m/dataset/ltm_datasets/wildrgbd_harrison/bottle/scenes/scene_093
wildrgbd_harrison__bottle__scene_232,wildrgbd_harrison/bottle/scene_232,wildrgbd_harrison,wildrgbd_harrison:bottle,wildrgbd_rgb_depth_npz_pose,sensor_depth_png,npz_camera_pose,100,100,12,/home/m/dataset/ltm_datasets/wildrgbd_harrison/bottle/scenes/scene_232
wildrgbd_harrison__bottle__scene_234,wildrgbd_harrison/bottle/scene_234,wildrgbd_harrison,wildrgbd_harrison:bottle,wildrgbd_rgb_depth_npz_pose,sensor_depth_png,npz_camera_pose,100,100,12,/home/m/dataset/ltm_datasets/wildrgbd_harrison/bottle/scenes/scene_234
wildrgbd_harrison__bottle__scene_257,wildrgbd_harrison/bottle/scene_257,wildrgbd_harrison,wildrgbd_harrison:bottle,wildrgbd_rgb_depth_npz_pose,sensor_depth_png,npz_camera_pose,100,100,12,/home/m/dataset/ltm_datasets/wildrgbd_harrison/bottle/scenes/scene_257
wildrgbd_harrison__bottle__scene_264,wildrgbd_harrison/bottle/scene_264,wildrgbd_harrison,wildrgbd_harrison:bottle,wildrgbd_rgb_depth_npz_pose,sensor_depth_png,npz_camera_pose,100,100,12,/home/m/dataset/ltm_datasets/wildrgbd_harrison/bottle/scenes/scene_264
wildrgbd_harrison__bottle__scene_283,wildrgbd_harrison/bottle/scene_283,wildrgbd_harrison,wildrgbd_harrison:bottle,wildrgbd_rgb_depth_npz_pose,sensor_depth_png,npz_camera_pose,100,100,12,/home/m/dataset/ltm_datasets/wildrgbd_harrison/bottle/scenes/scene_283
wildrgbd_harrison__bottle__scene_352,wildrgbd_harrison/bottle/scene_352,wildrgbd_harrison,wildrgbd_harrison:bottle,wildrgbd_rgb_depth_npz_pose,sensor_depth_png,npz_camera_pose,100,100,12,/home/m/dataset/ltm_datasets/wildrgbd_harrison/bottle/scenes/scene_352
wildrgbd_harrison__bottle__scene_359,wildrgbd_harrison/bottle/scene_359,wildrgbd_harrison,wildrgbd_harrison:bottle,wildrgbd_rgb_depth_npz_pose,sensor_depth_png,npz_camera_pose,100,100,12,/home/m/dataset/ltm_datasets/wildrgbd_harrison/bottle/scenes/scene_359
wildrgbd_harrison__bottle__scene_393,wildrgbd_harrison/bottle/scene_393,wildrgbd_harrison,wildrgbd_harrison:bottle,wildrgbd_rgb_depth_npz_pose,sensor_depth_png,npz_camera_pose,100,100,12,/home/m/dataset/ltm_datasets/wildrgbd_harrison/bottle/scenes/scene_393
wildrgbd_harrison__bottle__scene_404,wildrgbd_harrison/bottle/scene_404,wildrgbd_harrison,wildrgbd_harrison:bottle,wildrgbd_rgb_depth_npz_pose,sensor_depth_png,npz_camera_pose,100,100,12,/home/m/dataset/ltm_datasets/wildrgbd_harrison/bottle/scenes/scene_404
wildrgbd_harrison__bottle__scene_407,wildrgbd_harrison/bottle/scene_407,wildrgbd_harrison,wildrgbd_harrison:bottle,wildrgbd_rgb_depth_npz_pose,sensor_depth_png,npz_camera_pose,100,100,12,/home/m/dataset/ltm_datasets/wildrgbd_harrison/bottle/scenes/scene_407
wildrgbd_harrison__bottle__scene_435,wildrgbd_harrison/bottle/scene_435,wildrgbd_harrison,wildrgbd_harrison:bottle,wildrgbd_rgb_depth_npz_pose,sensor_depth_png,npz_camera_pose,100,100,12,/home/m/dataset/ltm_datasets/wildrgbd_harrison/bottle/scenes/scene_435
wildrgbd_harrison__bottle__scene_469,wildrgbd_harrison/bottle/scene_469,wildrgbd_harrison,wildrgbd_harrison:bottle,wildrgbd_rgb_depth_npz_pose,sensor_depth_png,npz_camera_pose,100,100,12,/home/m/dataset/ltm_datasets/wildrgbd_harrison/bottle/scenes/scene_469
wildrgbd_harrison__bottle__scene_494,wildrgbd_harrison/bottle/scene_494,wildrgbd_harrison,wildrgbd_harrison:bottle,wildrgbd_rgb_depth_npz_pose,sensor_depth_png,npz_camera_pose,100,100,12,/home/m/dataset/ltm_datasets/wildrgbd_harrison/bottle/scenes/scene_494
wildrgbd_harrison__bottle__scene_495,wildrgbd_harrison/bottle/scene_495,wildrgbd_harrison,wildrgbd_harrison:bottle,wildrgbd_rgb_depth_npz_pose,sensor_depth_png,npz_camera_pose,100,100,12,/home/m/dataset/ltm_datasets/wildrgbd_harrison/bottle/scenes/scene_495
wildrgbd_harrison__bottle__scene_515,wildrgbd_harrison/bottle/scene_515,wildrgbd_harrison,wildrgbd_harrison:bottle,wildrgbd_rgb_depth_npz_pose,sensor_depth_png,npz_camera_pose,100,100,12,/home/m/dataset/ltm_datasets/wildrgbd_harrison/bottle/scenes/scene_515
wildrgbd_harrison__bowl__scene_021,wildrgbd_harrison/bowl/scene_021,wildrgbd_harrison,wildrgbd_harrison:bowl,wildrgbd_rgb_depth_npz_pose,sensor_depth_png,npz_camera_pose,100,100,12,/home/m/dataset/ltm_datasets/wildrgbd_harrison/bowl/scenes/scene_021
wildrgbd_harrison__bowl__scene_059,wildrgbd_harrison/bowl/scene_059,wildrgbd_harrison,wildrgbd_harrison:bowl,wildrgbd_rgb_depth_npz_pose,sensor_depth_png,npz_camera_pose,100,100,12,/home/m/dataset/ltm_datasets/wildrgbd_harrison/bowl/scenes/scene_059
wildrgbd_harrison__bowl__scene_115,wildrgbd_harrison/bowl/scene_115,wildrgbd_harrison,wildrgbd_harrison:bowl,wildrgbd_rgb_depth_npz_pose,sensor_depth_png,npz_camera_pose,100,100,12,/home/m/dataset/ltm_datasets/wildrgbd_harrison/bowl/scenes/scene_115
wildrgbd_harrison__bowl__scene_129,wildrgbd_harrison/bowl/scene_129,wildrgbd_harrison,wildrgbd_harrison:bowl,wildrgbd_rgb_depth_npz_pose,sensor_depth_png,npz_camera_pose,100,100,12,/home/m/dataset/ltm_datasets/wildrgbd_harrison/bowl/scenes/scene_129
wildrgbd_harrison__bowl__scene_172,wildrgbd_harrison/bowl/scene_172,wildrgbd_harrison,wildrgbd_harrison:bowl,wildrgbd_rgb_depth_npz_pose,sensor_depth_png,npz_camera_pose,100,100,12,/home/m/dataset/ltm_datasets/wildrgbd_harrison/bowl/scenes/scene_172
wildrgbd_harrison__bowl__scene_202,wildrgbd_harrison/bowl/scene_202,wildrgbd_harrison,wildrgbd_harrison:bowl,wildrgbd_rgb_depth_npz_pose,sensor_depth_png,npz_camera_pose,100,100,12,/home/m/dataset/ltm_datasets/wildrgbd_harrison/bowl/scenes/scene_202
wildrgbd_harrison__bowl__scene_337,wildrgbd_harrison/bowl/scene_337,wildrgbd_harrison,wildrgbd_harrison:bowl,wildrgbd_rgb_depth_npz_pose,sensor_depth_png,npz_camera_pose,100,100,12,/home/m/dataset/ltm_datasets/wildrgbd_harrison/bowl/scenes/scene_337
wildrgbd_harrison__bowl__scene_371,wildrgbd_harrison/bowl/scene_371,wildrgbd_harrison,wildrgbd_harrison:bowl,wildrgbd_rgb_depth_npz_pose,sensor_depth_png,npz_camera_pose,100,100,12,/home/m/dataset/ltm_datasets/wildrgbd_harrison/bowl/scenes/scene_371
wildrgbd_harrison__bowl__scene_385,wildrgbd_harrison/bowl/scene_385,wildrgbd_harrison,wildrgbd_harrison:bowl,wildrgbd_rgb_depth_npz_pose,sensor_depth_png,npz_camera_pose,100,100,12,/home/m/dataset/ltm_datasets/wildrgbd_harrison/bowl/scenes/scene_385
wildrgbd_harrison__bowl__scene_391,wildrgbd_harrison/bowl/scene_391,wildrgbd_harrison,wildrgbd_harrison:bowl,wildrgbd_rgb_depth_npz_pose,sensor_depth_png,npz_camera_pose,100,100,12,/home/m/dataset/ltm_datasets/wildrgbd_harrison/bowl/scenes/scene_391
wildrgbd_harrison__bowl__scene_463,wildrgbd_harrison/bowl/scene_463,wildrgbd_harrison,wildrgbd_harrison:bowl,wildrgbd_rgb_depth_npz_pose,sensor_depth_png,npz_camera_pose,100,100,12,/home/m/dataset/ltm_datasets/wildrgbd_harrison/bowl/scenes/scene_463
wildrgbd_harrison__bowl__scene_495,wildrgbd_harrison/bowl/scene_495,wildrgbd_harrison,wildrgbd_harrison:bowl,wildrgbd_rgb_depth_npz_pose,sensor_depth_png,npz_camera_pose,100,100,12,/home/m/dataset/ltm_datasets/wildrgbd_harrison/bowl/scenes/scene_495
wildrgbd_harrison__bowl__scene_502,wildrgbd_harrison/bowl/scene_502,wildrgbd_harrison,wildrgbd_harrison:bowl,wildrgbd_rgb_depth_npz_pose,sensor_depth_png,npz_camera_pose,100,100,12,/home/m/dataset/ltm_datasets/wildrgbd_harrison/bowl/scenes/scene_502
wildrgbd_harrison__bowl__scene_565,wildrgbd_harrison/bowl/scene_565,wildrgbd_harrison,wildrgbd_harrison:bowl,wildrgbd_rgb_depth_npz_pose,sensor_depth_png,npz_camera_pose,100,100,12,/home/m/dataset/ltm_datasets/wildrgbd_harrison/bowl/scenes/scene_565
wildrgbd_harrison__box__scene_015,wildrgbd_harrison/box/scene_015,wildrgbd_harrison,wildrgbd_harrison:box,wildrgbd_rgb_depth_npz_pose,sensor_depth_png,npz_camera_pose,100,100,12,/home/m/dataset/ltm_datasets/wildrgbd_harrison/box/scenes/scene_015
wildrgbd_harrison__box__scene_066,wildrgbd_harrison/box/scene_066,wildrgbd_harrison,wildrgbd_harrison:box,wildrgbd_rgb_depth_npz_pose,sensor_depth_png,npz_camera_pose,100,100,12,/home/m/dataset/ltm_datasets/wildrgbd_harrison/box/scenes/scene_066
wildrgbd_harrison__box__scene_067,wildrgbd_harrison/box/scene_067,wildrgbd_harrison,wildrgbd_harrison:box,wildrgbd_rgb_depth_npz_pose,sensor_depth_png,npz_camera_pose,100,100,12,/home/m/dataset/ltm_datasets/wildrgbd_harrison/box/scenes/scene_067
wildrgbd_harrison__box__scene_088,wildrgbd_harrison/box/scene_088,wildrgbd_harrison,wildrgbd_harrison:box,wildrgbd_rgb_depth_npz_pose,sensor_depth_png,npz_camera_pose,100,100,12,/home/m/dataset/ltm_datasets/wildrgbd_harrison/box/scenes/scene_088
wildrgbd_harrison__box__scene_102,wildrgbd_harrison/box/scene_102,wildrgbd_harrison,wildrgbd_harrison:box,wildrgbd_rgb_depth_npz_pose,sensor_depth_png,npz_camera_pose,100,100,12,/home/m/dataset/ltm_datasets/wildrgbd_harrison/box/scenes/scene_102
wildrgbd_harrison__box__scene_143,wildrgbd_harrison/box/scene_143,wildrgbd_harrison,wildrgbd_harrison:box,wildrgbd_rgb_depth_npz_pose,sensor_depth_png,npz_camera_pose,100,100,12,/home/m/dataset/ltm_datasets/wildrgbd_harrison/box/scenes/scene_143
wildrgbd_harrison__box__scene_182,wildrgbd_harrison/box/scene_182,wildrgbd_harrison,wildrgbd_harrison:box,wildrgbd_rgb_depth_npz_pose,sensor_depth_png,npz_camera_pose,100,100,12,/home/m/dataset/ltm_datasets/wildrgbd_harrison/box/scenes/scene_182
wildrgbd_harrison__box__scene_204,wildrgbd_harrison/box/scene_204,wildrgbd_harrison,wildrgbd_harrison:box,wildrgbd_rgb_depth_npz_pose,sensor_depth_png,npz_camera_pose,100,100,12,/home/m/dataset/ltm_datasets/wildrgbd_harrison/box/scenes/scene_204
wildrgbd_harrison__box__scene_213,wildrgbd_harrison/box/scene_213,wildrgbd_harrison,wildrgbd_harrison:box,wildrgbd_rgb_depth_npz_pose,sensor_depth_png,npz_camera_pose,100,100,12,/home/m/dataset/ltm_datasets/wildrgbd_harrison/box/scenes/scene_213
wildrgbd_harrison__box__scene_214,wildrgbd_harrison/box/scene_214,wildrgbd_harrison,wildrgbd_harrison:box,wildrgbd_rgb_depth_npz_pose,sensor_depth_png,npz_camera_pose,100,100,12,/home/m/dataset/ltm_datasets/wildrgbd_harrison/box/scenes/scene_214
wildrgbd_harrison__box__scene_342,wildrgbd_harrison/box/scene_342,wildrgbd_harrison,wildrgbd_harrison:box,wildrgbd_rgb_depth_npz_pose,sensor_depth_png,npz_camera_pose,100,100,12,/home/m/dataset/ltm_datasets/wildrgbd_harrison/box/scenes/scene_342
wildrgbd_harrison__box__scene_347,wildrgbd_harrison/box/scene_347,wildrgbd_harrison,wildrgbd_harrison:box,wildrgbd_rgb_depth_npz_pose,sensor_depth_png,npz_camera_pose,100,100,12,/home/m/dataset/ltm_datasets/wildrgbd_harrison/box/scenes/scene_347
wildrgbd_harrison__box__scene_375,wildrgbd_harrison/box/scene_375,wildrgbd_harrison,wildrgbd_harrison:box,wildrgbd_rgb_depth_npz_pose,sensor_depth_png,npz_camera_pose,100,100,12,/home/m/dataset/ltm_datasets/wildrgbd_harrison/box/scenes/scene_375
wildrgbd_harrison__bucket__scene_049,wildrgbd_harrison/bucket/scene_049,wildrgbd_harrison,wildrgbd_harrison:bucket,wildrgbd_rgb_depth_npz_pose,sensor_depth_png,npz_camera_pose,100,100,12,/home/m/dataset/ltm_datasets/wildrgbd_harrison/bucket/scenes/scene_049
wildrgbd_harrison__bucket__scene_060,wildrgbd_harrison/bucket/scene_060,wildrgbd_harrison,wildrgbd_harrison:bucket,wildrgbd_rgb_depth_npz_pose,sensor_depth_png,npz_camera_pose,100,100,12,/home/m/dataset/ltm_datasets/wildrgbd_harrison/bucket/scenes/scene_060
wildrgbd_harrison__bucket__scene_092,wildrgbd_harrison/bucket/scene_092,wildrgbd_harrison,wildrgbd_harrison:bucket,wildrgbd_rgb_depth_npz_pose,sensor_depth_png,npz_camera_pose,100,100,12,/home/m/dataset/ltm_datasets/wildrgbd_harrison/bucket/scenes/scene_092
wildrgbd_harrison__bucket__scene_141,wildrgbd_harrison/bucket/scene_141,wildrgbd_harrison,wildrgbd_harrison:bucket,wildrgbd_rgb_depth_npz_pose,sensor_depth_png,npz_camera_pose,100,100,12,/home/m/dataset/ltm_datasets/wildrgbd_harrison/bucket/scenes/scene_141
wildrgbd_harrison__bucket__scene_153,wildrgbd_harrison/bucket/scene_153,wildrgbd_harrison,wildrgbd_harrison:bucket,wildrgbd_rgb_depth_npz_pose,sensor_depth_png,npz_camera_pose,100,100,12,/home/m/dataset/ltm_datasets/wildrgbd_harrison/bucket/scenes/scene_153
wildrgbd_harrison__bucket__scene_157,wildrgbd_harrison/bucket/scene_157,wildrgbd_harrison,wildrgbd_harrison:bucket,wildrgbd_rgb_depth_npz_pose,sensor_depth_png,npz_camera_pose,100,100,12,/home/m/dataset/ltm_datasets/wildrgbd_harrison/bucket/scenes/scene_157
wildrgbd_harrison__bucket__scene_173,wildrgbd_harrison/bucket/scene_173,wildrgbd_harrison,wildrgbd_harrison:bucket,wildrgbd_rgb_depth_npz_pose,sensor_depth_png,npz_camera_pose,100,100,12,/home/m/dataset/ltm_datasets/wildrgbd_harrison/bucket/scenes/scene_173
wildrgbd_harrison__bucket__scene_223,wildrgbd_harrison/bucket/scene_223,wildrgbd_harrison,wildrgbd_harrison:bucket,wildrgbd_rgb_depth_npz_pose,sensor_depth_png,npz_camera_pose,100,100,12,/home/m/dataset/ltm_datasets/wildrgbd_harrison/bucket/scenes/scene_223
wildrgbd_harrison__bucket__scene_240,wildrgbd_harrison/bucket/scene_240,wildrgbd_harrison,wildrgbd_harrison:bucket,wildrgbd_rgb_depth_npz_pose,sensor_depth_png,npz_camera_pose,100,100,12,/home/m/dataset/ltm_datasets/wildrgbd_harrison/bucket/scenes/scene_240
wildrgbd_harrison__bucket__scene_242,wildrgbd_harrison/bucket/scene_242,wildrgbd_harrison,wildrgbd_harrison:bucket,wildrgbd_rgb_depth_npz_pose,sensor_depth_png,npz_camera_pose,100,100,12,/home/m/dataset/ltm_datasets/wildrgbd_harrison/bucket/scenes/scene_242
wildrgbd_harrison__bucket__scene_246,wildrgbd_harrison/bucket/scene_246,wildrgbd_harrison,wildrgbd_harrison:bucket,wildrgbd_rgb_depth_npz_pose,sensor_depth_png,npz_camera_pose,100,100,12,/home/m/dataset/ltm_datasets/wildrgbd_harrison/bucket/scenes/scene_246
wildrgbd_harrison__bucket__scene_252,wildrgbd_harrison/bucket/scene_252,wildrgbd_harrison,wildrgbd_harrison:bucket,wildrgbd_rgb_depth_npz_pose,sensor_depth_png,npz_camera_pose,100,100,12,/home/m/dataset/ltm_datasets/wildrgbd_harrison/bucket/scenes/scene_252
wildrgbd_harrison__bus__scene_023,wildrgbd_harrison/bus/scene_023,wildrgbd_harrison,wildrgbd_harrison:bus,wildrgbd_rgb_depth_npz_pose,sensor_depth_png,npz_camera_pose,100,100,12,/home/m/dataset/ltm_datasets/wildrgbd_harrison/bus/scenes/scene_023
wildrgbd_harrison__bus__scene_026,wildrgbd_harrison/bus/scene_026,wildrgbd_harrison,wildrgbd_harrison:bus,wildrgbd_rgb_depth_npz_pose,sensor_depth_png,npz_camera_pose,100,100,12,/home/m/dataset/ltm_datasets/wildrgbd_harrison/bus/scenes/scene_026
wildrgbd_harrison__bus__scene_040,wildrgbd_harrison/bus/scene_040,wildrgbd_harrison,wildrgbd_harrison:bus,wildrgbd_rgb_depth_npz_pose,sensor_depth_png,npz_camera_pose,100,100,12,/home/m/dataset/ltm_datasets/wildrgbd_harrison/bus/scenes/scene_040
wildrgbd_harrison__bus__scene_073,wildrgbd_harrison/bus/scene_073,wildrgbd_harrison,wildrgbd_harrison:bus,wildrgbd_rgb_depth_npz_pose,sensor_depth_png,npz_camera_pose,100,100,12,/home/m/dataset/ltm_datasets/wildrgbd_harrison/bus/scenes/scene_073
wildrgbd_harrison__bus__scene_091,wildrgbd_harrison/bus/scene_091,wildrgbd_harrison,wildrgbd_harrison:bus,wildrgbd_rgb_depth_npz_pose,sensor_depth_png,npz_camera_pose,100,100,12,/home/m/dataset/ltm_datasets/wildrgbd_harrison/bus/scenes/scene_091
wildrgbd_harrison__bus__scene_105,wildrgbd_harrison/bus/scene_105,wildrgbd_harrison,wildrgbd_harrison:bus,wildrgbd_rgb_depth_npz_pose,sensor_depth_png,npz_camera_pose,100,100,12,/home/m/dataset/ltm_datasets/wildrgbd_harrison/bus/scenes/scene_105
wildrgbd_harrison__bus__scene_118,wildrgbd_harrison/bus/scene_118,wildrgbd_harrison,wildrgbd_harrison:bus,wildrgbd_rgb_depth_npz_pose,sensor_depth_png,npz_camera_pose,100,100,12,/home/m/dataset/ltm_datasets/wildrgbd_harrison/bus/scenes/scene_118
wildrgbd_harrison__bus__scene_131,wildrgbd_harrison/bus/scene_131,wildrgbd_harrison,wildrgbd_harrison:bus,wildrgbd_rgb_depth_npz_pose,sensor_depth_png,npz_camera_pose,100,100,12,/home/m/dataset/ltm_datasets/wildrgbd_harrison/bus/scenes/scene_131
wildrgbd_harrison__bus__scene_157,wildrgbd_harrison/bus/scene_157,wildrgbd_harrison,wildrgbd_harrison:bus,wildrgbd_rgb_depth_npz_pose,sensor_depth_png,npz_camera_pose,100,100,12,/home/m/dataset/ltm_datasets/wildrgbd_harrison/bus/scenes/scene_157
wildrgbd_harrison__bus__scene_165,wildrgbd_harrison/bus/scene_165,wildrgbd_harrison,wildrgbd_harrison:bus,wildrgbd_rgb_depth_npz_pose,sensor_depth_png,npz_camera_pose,100,100,12,/home/m/dataset/ltm_datasets/wildrgbd_harrison/bus/scenes/scene_165
wildrgbd_harrison__bus__scene_185,wildrgbd_harrison/bus/scene_185,wildrgbd_harrison,wildrgbd_harrison:bus,wildrgbd_rgb_depth_npz_pose,sensor_depth_png,npz_camera_pose,100,100,12,/home/m/dataset/ltm_datasets/wildrgbd_harrison/bus/scenes/scene_185
wildrgbd_harrison__bus__scene_189,wildrgbd_harrison/bus/scene_189,wildrgbd_harrison,wildrgbd_harrison:bus,wildrgbd_rgb_depth_npz_pose,sensor_depth_png,npz_camera_pose,100,100,12,/home/m/dataset/ltm_datasets/wildrgbd_harrison/bus/scenes/scene_189
wildrgbd_harrison__bus__scene_194,wildrgbd_harrison/bus/scene_194,wildrgbd_harrison,wildrgbd_harrison:bus,wildrgbd_rgb_depth_npz_pose,sensor_depth_png,npz_camera_pose,100,100,12,/home/m/dataset/ltm_datasets/wildrgbd_harrison/bus/scenes/scene_194
wildrgbd_harrison__cake__scene_014,wildrgbd_harrison/cake/scene_014,wildrgbd_harrison,wildrgbd_harrison:cake,wildrgbd_rgb_depth_npz_pose,sensor_depth_png,npz_camera_pose,100,100,12,/home/m/dataset/ltm_datasets/wildrgbd_harrison/cake/scenes/scene_014
wildrgbd_harrison__cake__scene_015,wildrgbd_harrison/cake/scene_015,wildrgbd_harrison,wildrgbd_harrison:cake,wildrgbd_rgb_depth_npz_pose,sensor_depth_png,npz_camera_pose,100,100,12,/home/m/dataset/ltm_datasets/wildrgbd_harrison/cake/scenes/scene_015
wildrgbd_harrison__cake__scene_022,wildrgbd_harrison/cake/scene_022,wildrgbd_harrison,wildrgbd_harrison:cake,wildrgbd_rgb_depth_npz_pose,sensor_depth_png,npz_camera_pose,100,100,12,/home/m/dataset/ltm_datasets/wildrgbd_harrison/cake/scenes/scene_022
wildrgbd_harrison__cake__scene_049,wildrgbd_harrison/cake/scene_049,wildrgbd_harrison,wildrgbd_harrison:cake,wildrgbd_rgb_depth_npz_pose,sensor_depth_png,npz_camera_pose,100,100,12,/home/m/dataset/ltm_datasets/wildrgbd_harrison/cake/scenes/scene_049
wildrgbd_harrison__cake__scene_050,wildrgbd_harrison/cake/scene_050,wildrgbd_harrison,wildrgbd_harrison:cake,wildrgbd_rgb_depth_npz_pose,sensor_depth_png,npz_camera_pose,100,100,12,/home/m/dataset/ltm_datasets/wildrgbd_harrison/cake/scenes/scene_050
wildrgbd_harrison__cake__scene_058,wildrgbd_harrison/cake/scene_058,wildrgbd_harrison,wildrgbd_harrison:cake,wildrgbd_rgb_depth_npz_pose,sensor_depth_png,npz_camera_pose,100,100,12,/home/m/dataset/ltm_datasets/wildrgbd_harrison/cake/scenes/scene_058
wildrgbd_harrison__cake__scene_071,wildrgbd_harrison/cake/scene_071,wildrgbd_harrison,wildrgbd_harrison:cake,wildrgbd_rgb_depth_npz_pose,sensor_depth_png,npz_camera_pose,100,100,12,/home/m/dataset/ltm_datasets/wildrgbd_harrison/cake/scenes/scene_071
wildrgbd_harrison__cake__scene_072,wildrgbd_harrison/cake/scene_072,wildrgbd_harrison,wildrgbd_harrison:cake,wildrgbd_rgb_depth_npz_pose,sensor_depth_png,npz_camera_pose,100,100,12,/home/m/dataset/ltm_datasets/wildrgbd_harrison/cake/scenes/scene_072
wildrgbd_harrison__cake__scene_125,wildrgbd_harrison/cake/scene_125,wildrgbd_harrison,wildrgbd_harrison:cake,wildrgbd_rgb_depth_npz_pose,sensor_depth_png,npz_camera_pose,100,100,12,/home/m/dataset/ltm_datasets/wildrgbd_harrison/cake/scenes/scene_125
wildrgbd_harrison__cake__scene_130,wildrgbd_harrison/cake/scene_130,wildrgbd_harrison,wildrgbd_harrison:cake,wildrgbd_rgb_depth_npz_pose,sensor_depth_png,npz_camera_pose,100,100,12,/home/m/dataset/ltm_datasets/wildrgbd_harrison/cake/scenes/scene_130
wildrgbd_harrison__cake__scene_148,wildrgbd_harrison/cake/scene_148,wildrgbd_harrison,wildrgbd_harrison:cake,wildrgbd_rgb_depth_npz_pose,sensor_depth_png,npz_camera_pose,100,100,12,/home/m/dataset/ltm_datasets/wildrgbd_harrison/cake/scenes/scene_148
wildrgbd_harrison__cake__scene_158,wildrgbd_harrison/cake/scene_158,wildrgbd_harrison,wildrgbd_harrison:cake,wildrgbd_rgb_depth_npz_pose,sensor_depth_png,npz_camera_pose,100,100,12,/home/m/dataset/ltm_datasets/wildrgbd_harrison/cake/scenes/scene_158
wildrgbd_harrison__cake__scene_174,wildrgbd_harrison/cake/scene_174,wildrgbd_harrison,wildrgbd_harrison:cake,wildrgbd_rgb_depth_npz_pose,sensor_depth_png,npz_camera_pose,100,100,12,/home/m/dataset/ltm_datasets/wildrgbd_harrison/cake/scenes/scene_174
wildrgbd_harrison__car__scene_012,wildrgbd_harrison/car/scene_012,wildrgbd_harrison,wildrgbd_harrison:car,wildrgbd_rgb_depth_npz_pose,sensor_depth_png,npz_camera_pose,100,100,12,/home/m/dataset/ltm_datasets/wildrgbd_harrison/car/scenes/scene_012
wildrgbd_harrison__car__scene_026,wildrgbd_harrison/car/scene_026,wildrgbd_harrison,wildrgbd_harrison:car,wildrgbd_rgb_depth_npz_pose,sensor_depth_png,npz_camera_pose,100,100,12,/home/m/dataset/ltm_datasets/wildrgbd_harrison/car/scenes/scene_026
wildrgbd_harrison__car__scene_036,wildrgbd_harrison/car/scene_036,wildrgbd_harrison,wildrgbd_harrison:car,wildrgbd_rgb_depth_npz_pose,sensor_depth_png,npz_camera_pose,100,100,12,/home/m/dataset/ltm_datasets/wildrgbd_harrison/car/scenes/scene_036
wildrgbd_harrison__car__scene_041,wildrgbd_harrison/car/scene_041,wildrgbd_harrison,wildrgbd_harrison:car,wildrgbd_rgb_depth_npz_pose,sensor_depth_png,npz_camera_pose,100,100,12,/home/m/dataset/ltm_datasets/wildrgbd_harrison/car/scenes/scene_041
wildrgbd_harrison__car__scene_056,wildrgbd_harrison/car/scene_056,wildrgbd_harrison,wildrgbd_harrison:car,wildrgbd_rgb_depth_npz_pose,sensor_depth_png,npz_camera_pose,100,100,12,/home/m/dataset/ltm_datasets/wildrgbd_harrison/car/scenes/scene_056
wildrgbd_harrison__car__scene_057,wildrgbd_harrison/car/scene_057,wildrgbd_harrison,wildrgbd_harrison:car,wildrgbd_rgb_depth_npz_pose,sensor_depth_png,npz_camera_pose,100,100,12,/home/m/dataset/ltm_datasets/wildrgbd_harrison/car/scenes/scene_057
wildrgbd_harrison__car__scene_060,wildrgbd_harrison/car/scene_060,wildrgbd_harrison,wildrgbd_harrison:car,wildrgbd_rgb_depth_npz_pose,sensor_depth_png,npz_camera_pose,100,100,12,/home/m/dataset/ltm_datasets/wildrgbd_harrison/car/scenes/scene_060
wildrgbd_harrison__car__scene_067,wildrgbd_harrison/car/scene_067,wildrgbd_harrison,wildrgbd_harrison:car,wildrgbd_rgb_depth_npz_pose,sensor_depth_png,npz_camera_pose,100,100,12,/home/m/dataset/ltm_datasets/wildrgbd_harrison/car/scenes/scene_067
wildrgbd_harrison__car__scene_088,wildrgbd_harrison/car/scene_088,wildrgbd_harrison,wildrgbd_harrison:car,wildrgbd_rgb_depth_npz_pose,sensor_depth_png,npz_camera_pose,100,100,12,/home/m/dataset/ltm_datasets/wildrgbd_harrison/car/scenes/scene_088
wildrgbd_harrison__car__scene_120,wildrgbd_harrison/car/scene_120,wildrgbd_harrison,wildrgbd_harrison:car,wildrgbd_rgb_depth_npz_pose,sensor_depth_png,npz_camera_pose,100,100,12,/home/m/dataset/ltm_datasets/wildrgbd_harrison/car/scenes/scene_120
wildrgbd_harrison__car__scene_122,wildrgbd_harrison/car/scene_122,wildrgbd_harrison,wildrgbd_harrison:car,wildrgbd_rgb_depth_npz_pose,sensor_depth_png,npz_camera_pose,100,100,12,/home/m/dataset/ltm_datasets/wildrgbd_harrison/car/scenes/scene_122
wildrgbd_harrison__car__scene_127,wildrgbd_harrison/car/scene_127,wildrgbd_harrison,wildrgbd_harrison:car,wildrgbd_rgb_depth_npz_pose,sensor_depth_png,npz_camera_pose,100,100,12,/home/m/dataset/ltm_datasets/wildrgbd_harrison/car/scenes/scene_127
wildrgbd_harrison__car__scene_140,wildrgbd_harrison/car/scene_140,wildrgbd_harrison,wildrgbd_harrison:car,wildrgbd_rgb_depth_npz_pose,sensor_depth_png,npz_camera_pose,100,100,12,/home/m/dataset/ltm_datasets/wildrgbd_harrison/car/scenes/scene_140
wildrgbd_harrison__car__scene_141,wildrgbd_harrison/car/scene_141,wildrgbd_harrison,wildrgbd_harrison:car,wildrgbd_rgb_depth_npz_pose,sensor_depth_png,npz_camera_pose,100,100,12,/home/m/dataset/ltm_datasets/wildrgbd_harrison/car/scenes/scene_141
wildrgbd_harrison__carrot__scene_016,wildrgbd_harrison/carrot/scene_016,wildrgbd_harrison,wildrgbd_harrison:carrot,wildrgbd_rgb_depth_npz_pose,sensor_depth_png,npz_camera_pose,100,100,12,/home/m/dataset/ltm_datasets/wildrgbd_harrison/carrot/scenes/scene_016
wildrgbd_harrison__carrot__scene_022,wildrgbd_harrison/carrot/scene_022,wildrgbd_harrison,wildrgbd_harrison:carrot,wildrgbd_rgb_depth_npz_pose,sensor_depth_png,npz_camera_pose,100,100,12,/home/m/dataset/ltm_datasets/wildrgbd_harrison/carrot/scenes/scene_022
wildrgbd_harrison__carrot__scene_029,wildrgbd_harrison/carrot/scene_029,wildrgbd_harrison,wildrgbd_harrison:carrot,wildrgbd_rgb_depth_npz_pose,sensor_depth_png,npz_camera_pose,100,100,12,/home/m/dataset/ltm_datasets/wildrgbd_harrison/carrot/scenes/scene_029
wildrgbd_harrison__carrot__scene_039,wildrgbd_harrison/carrot/scene_039,wildrgbd_harrison,wildrgbd_harrison:carrot,wildrgbd_rgb_depth_npz_pose,sensor_depth_png,npz_camera_pose,100,100,12,/home/m/dataset/ltm_datasets/wildrgbd_harrison/carrot/scenes/scene_039
wildrgbd_harrison__carrot__scene_060,wildrgbd_harrison/carrot/scene_060,wildrgbd_harrison,wildrgbd_harrison:carrot,wildrgbd_rgb_depth_npz_pose,sensor_depth_png,npz_camera_pose,100,100,12,/home/m/dataset/ltm_datasets/wildrgbd_harrison/carrot/scenes/scene_060
wildrgbd_harrison__carrot__scene_066,wildrgbd_harrison/carrot/scene_066,wildrgbd_harrison,wildrgbd_harrison:carrot,wildrgbd_rgb_depth_npz_pose,sensor_depth_png,npz_camera_pose,100,100,12,/home/m/dataset/ltm_datasets/wildrgbd_harrison/carrot/scenes/scene_066
wildrgbd_harrison__carrot__scene_090,wildrgbd_harrison/carrot/scene_090,wildrgbd_harrison,wildrgbd_harrison:carrot,wildrgbd_rgb_depth_npz_pose,sensor_depth_png,npz_camera_pose,100,100,12,/home/m/dataset/ltm_datasets/wildrgbd_harrison/carrot/scenes/scene_090
wildrgbd_harrison__carrot__scene_096,wildrgbd_harrison/carrot/scene_096,wildrgbd_harrison,wildrgbd_harrison:carrot,wildrgbd_rgb_depth_npz_pose,sensor_depth_png,npz_camera_pose,100,100,12,/home/m/dataset/ltm_datasets/wildrgbd_harrison/carrot/scenes/scene_096
wildrgbd_harrison__carrot__scene_098,wildrgbd_harrison/carrot/scene_098,wildrgbd_harrison,wildrgbd_harrison:carrot,wildrgbd_rgb_depth_npz_pose,sensor_depth_png,npz_camera_pose,100,100,12,/home/m/dataset/ltm_datasets/wildrgbd_harrison/carrot/scenes/scene_098
wildrgbd_harrison__carrot__scene_118,wildrgbd_harrison/carrot/scene_118,wildrgbd_harrison,wildrgbd_harrison:carrot,wildrgbd_rgb_depth_npz_pose,sensor_depth_png,npz_camera_pose,100,100,12,/home/m/dataset/ltm_datasets/wildrgbd_harrison/carrot/scenes/scene_118
wildrgbd_harrison__carrot__scene_136,wildrgbd_harrison/carrot/scene_136,wildrgbd_harrison,wildrgbd_harrison:carrot,wildrgbd_rgb_depth_npz_pose,sensor_depth_png,npz_camera_pose,100,100,12,/home/m/dataset/ltm_datasets/wildrgbd_harrison/carrot/scenes/scene_136
wildrgbd_harrison__carrot__scene_138,wildrgbd_harrison/carrot/scene_138,wildrgbd_harrison,wildrgbd_harrison:carrot,wildrgbd_rgb_depth_npz_pose,sensor_depth_png,npz_camera_pose,100,100,12,/home/m/dataset/ltm_datasets/wildrgbd_harrison/carrot/scenes/scene_138
wildrgbd_harrison__carrot__scene_151,wildrgbd_harrison/carrot/scene_151,wildrgbd_harrison,wildrgbd_harrison:carrot,wildrgbd_rgb_depth_npz_pose,sensor_depth_png,npz_camera_pose,100,100,12,/home/m/dataset/ltm_datasets/wildrgbd_harrison/carrot/scenes/scene_151
wildrgbd_harrison__carrot__scene_169,wildrgbd_harrison/carrot/scene_169,wildrgbd_harrison,wildrgbd_harrison:carrot,wildrgbd_rgb_depth_npz_pose,sensor_depth_png,npz_camera_pose,100,100,12,/home/m/dataset/ltm_datasets/wildrgbd_harrison/carrot/scenes/scene_169
wildrgbd_harrison__carrot__scene_185,wildrgbd_harrison/carrot/scene_185,wildrgbd_harrison,wildrgbd_harrison:carrot,wildrgbd_rgb_depth_npz_pose,sensor_depth_png,npz_camera_pose,100,100,12,/home/m/dataset/ltm_datasets/wildrgbd_harrison/carrot/scenes/scene_185
wildrgbd_harrison__cellphone__scene_006,wildrgbd_harrison/cellphone/scene_006,wildrgbd_harrison,wildrgbd_harrison:cellphone,wildrgbd_rgb_depth_npz_pose,sensor_depth_png,npz_camera_pose,100,100,12,/home/m/dataset/ltm_datasets/wildrgbd_harrison/cellphone/scenes/scene_006
wildrgbd_harrison__cellphone__scene_007,wildrgbd_harrison/cellphone/scene_007,wildrgbd_harrison,wildrgbd_harrison:cellphone,wildrgbd_rgb_depth_npz_pose,sensor_depth_png,npz_camera_pose,100,100,12,/home/m/dataset/ltm_datasets/wildrgbd_harrison/cellphone/scenes/scene_007
wildrgbd_harrison__cellphone__scene_009,wildrgbd_harrison/cellphone/scene_009,wildrgbd_harrison,wildrgbd_harrison:cellphone,wildrgbd_rgb_depth_npz_pose,sensor_depth_png,npz_camera_pose,100,100,12,/home/m/dataset/ltm_datasets/wildrgbd_harrison/cellphone/scenes/scene_009
wildrgbd_harrison__cellphone__scene_011,wildrgbd_harrison/cellphone/scene_011,wildrgbd_harrison,wildrgbd_harrison:cellphone,wildrgbd_rgb_depth_npz_pose,sensor_depth_png,npz_camera_pose,100,100,12,/home/m/dataset/ltm_datasets/wildrgbd_harrison/cellphone/scenes/scene_011
wildrgbd_harrison__cellphone__scene_013,wildrgbd_harrison/cellphone/scene_013,wildrgbd_harrison,wildrgbd_harrison:cellphone,wildrgbd_rgb_depth_npz_pose,sensor_depth_png,npz_camera_pose,100,100,12,/home/m/dataset/ltm_datasets/wildrgbd_harrison/cellphone/scenes/scene_013
wildrgbd_harrison__cellphone__scene_032,wildrgbd_harrison/cellphone/scene_032,wildrgbd_harrison,wildrgbd_harrison:cellphone,wildrgbd_rgb_depth_npz_pose,sensor_depth_png,npz_camera_pose,100,100,12,/home/m/dataset/ltm_datasets/wildrgbd_harrison/cellphone/scenes/scene_032
wildrgbd_harrison__cellphone__scene_039,wildrgbd_harrison/cellphone/scene_039,wildrgbd_harrison,wildrgbd_harrison:cellphone,wildrgbd_rgb_depth_npz_pose,sensor_depth_png,npz_camera_pose,100,100,12,/home/m/dataset/ltm_datasets/wildrgbd_harrison/cellphone/scenes/scene_039
wildrgbd_harrison__cellphone__scene_042,wildrgbd_harrison/cellphone/scene_042,wildrgbd_harrison,wildrgbd_harrison:cellphone,wildrgbd_rgb_depth_npz_pose,sensor_depth_png,npz_camera_pose,100,100,12,/home/m/dataset/ltm_datasets/wildrgbd_harrison/cellphone/scenes/scene_042
wildrgbd_harrison__cellphone__scene_052,wildrgbd_harrison/cellphone/scene_052,wildrgbd_harrison,wildrgbd_harrison:cellphone,wildrgbd_rgb_depth_npz_pose,sensor_depth_png,npz_camera_pose,100,100,12,/home/m/dataset/ltm_datasets/wildrgbd_harrison/cellphone/scenes/scene_052
wildrgbd_harrison__chair__scene_021,wildrgbd_harrison/chair/scene_021,wildrgbd_harrison,wildrgbd_harrison:chair,wildrgbd_rgb_depth_npz_pose,sensor_depth_png,npz_camera_pose,100,100,12,/home/m/dataset/ltm_datasets/wildrgbd_harrison/chair/scenes/scene_021
wildrgbd_harrison__chair__scene_128,wildrgbd_harrison/chair/scene_128,wildrgbd_harrison,wildrgbd_harrison:chair,wildrgbd_rgb_depth_npz_pose,sensor_depth_png,npz_camera_pose,100,100,12,/home/m/dataset/ltm_datasets/wildrgbd_harrison/chair/scenes/scene_128
wildrgbd_harrison__chair__scene_144,wildrgbd_harrison/chair/scene_144,wildrgbd_harrison,wildrgbd_harrison:chair,wildrgbd_rgb_depth_npz_pose,sensor_depth_png,npz_camera_pose,100,100,12,/home/m/dataset/ltm_datasets/wildrgbd_harrison/chair/scenes/scene_144
wildrgbd_harrison__chair__scene_235,wildrgbd_harrison/chair/scene_235,wildrgbd_harrison,wildrgbd_harrison:chair,wildrgbd_rgb_depth_npz_pose,sensor_depth_png,npz_camera_pose,100,100,12,/home/m/dataset/ltm_datasets/wildrgbd_harrison/chair/scenes/scene_235
wildrgbd_harrison__chair__scene_242,wildrgbd_harrison/chair/scene_242,wildrgbd_harrison,wildrgbd_harrison:chair,wildrgbd_rgb_depth_npz_pose,sensor_depth_png,npz_camera_pose,100,100,12,/home/m/dataset/ltm_datasets/wildrgbd_harrison/chair/scenes/scene_242
wildrgbd_harrison__chair__scene_263,wildrgbd_harrison/chair/scene_263,wildrgbd_harrison,wildrgbd_harrison:chair,wildrgbd_rgb_depth_npz_pose,sensor_depth_png,npz_camera_pose,100,100,12,/home/m/dataset/ltm_datasets/wildrgbd_harrison/chair/scenes/scene_263
wildrgbd_harrison__chair__scene_322,wildrgbd_harrison/chair/scene_322,wildrgbd_harrison,wildrgbd_harrison:chair,wildrgbd_rgb_depth_npz_pose,sensor_depth_png,npz_camera_pose,100,100,12,/home/m/dataset/ltm_datasets/wildrgbd_harrison/chair/scenes/scene_322
wildrgbd_harrison__chair__scene_337,wildrgbd_harrison/chair/scene_337,wildrgbd_harrison,wildrgbd_harrison:chair,wildrgbd_rgb_depth_npz_pose,sensor_depth_png,npz_camera_pose,100,100,12,/home/m/dataset/ltm_datasets/wildrgbd_harrison/chair/scenes/scene_337
wildrgbd_harrison__chair__scene_355,wildrgbd_harrison/chair/scene_355,wildrgbd_harrison,wildrgbd_harrison:chair,wildrgbd_rgb_depth_npz_pose,sensor_depth_png,npz_camera_pose,100,100,12,/home/m/dataset/ltm_datasets/wildrgbd_harrison/chair/scenes/scene_355
wildrgbd_harrison__chair__scene_371,wildrgbd_harrison/chair/scene_371,wildrgbd_harrison,wildrgbd_harrison:chair,wildrgbd_rgb_depth_npz_pose,sensor_depth_png,npz_camera_pose,100,100,12,/home/m/dataset/ltm_datasets/wildrgbd_harrison/chair/scenes/scene_371
wildrgbd_harrison__chair__scene_382,wildrgbd_harrison/chair/scene_382,wildrgbd_harrison,wildrgbd_harrison:chair,wildrgbd_rgb_depth_npz_pose,sensor_depth_png,npz_camera_pose,100,100,12,/home/m/dataset/ltm_datasets/wildrgbd_harrison/chair/scenes/scene_382
wildrgbd_harrison__chair__scene_391,wildrgbd_harrison/chair/scene_391,wildrgbd_harrison,wildrgbd_harrison:chair,wildrgbd_rgb_depth_npz_pose,sensor_depth_png,npz_camera_pose,100,100,12,/home/m/dataset/ltm_datasets/wildrgbd_harrison/chair/scenes/scene_391
wildrgbd_harrison__chair__scene_398,wildrgbd_harrison/chair/scene_398,wildrgbd_harrison,wildrgbd_harrison:chair,wildrgbd_rgb_depth_npz_pose,sensor_depth_png,npz_camera_pose,100,100,12,/home/m/dataset/ltm_datasets/wildrgbd_harrison/chair/scenes/scene_398
wildrgbd_harrison__chair__scene_408,wildrgbd_harrison/chair/scene_408,wildrgbd_harrison,wildrgbd_harrison:chair,wildrgbd_rgb_depth_npz_pose,sensor_depth_png,npz_camera_pose,100,100,12,/home/m/dataset/ltm_datasets/wildrgbd_harrison/chair/scenes/scene_408
wildrgbd_harrison__clock__scene_005,wildrgbd_harrison/clock/scene_005,wildrgbd_harrison,wildrgbd_harrison:clock,wildrgbd_rgb_depth_npz_pose,sensor_depth_png,npz_camera_pose,100,100,12,/home/m/dataset/ltm_datasets/wildrgbd_harrison/clock/scenes/scene_005
wildrgbd_harrison__clock__scene_038,wildrgbd_harrison/clock/scene_038,wildrgbd_harrison,wildrgbd_harrison:clock,wildrgbd_rgb_depth_npz_pose,sensor_depth_png,npz_camera_pose,100,100,12,/home/m/dataset/ltm_datasets/wildrgbd_harrison/clock/scenes/scene_038
wildrgbd_harrison__clock__scene_081,wildrgbd_harrison/clock/scene_081,wildrgbd_harrison,wildrgbd_harrison:clock,wildrgbd_rgb_depth_npz_pose,sensor_depth_png,npz_camera_pose,100,100,12,/home/m/dataset/ltm_datasets/wildrgbd_harrison/clock/scenes/scene_081
wildrgbd_harrison__clock__scene_096,wildrgbd_harrison/clock/scene_096,wildrgbd_harrison,wildrgbd_harrison:clock,wildrgbd_rgb_depth_npz_pose,sensor_depth_png,npz_camera_pose,100,100,12,/home/m/dataset/ltm_datasets/wildrgbd_harrison/clock/scenes/scene_096
wildrgbd_harrison__clock__scene_097,wildrgbd_harrison/clock/scene_097,wildrgbd_harrison,wildrgbd_harrison:clock,wildrgbd_rgb_depth_npz_pose,sensor_depth_png,npz_camera_pose,100,100,12,/home/m/dataset/ltm_datasets/wildrgbd_harrison/clock/scenes/scene_097
wildrgbd_harrison__clock__scene_161,wildrgbd_harrison/clock/scene_161,wildrgbd_harrison,wildrgbd_harrison:clock,wildrgbd_rgb_depth_npz_pose,sensor_depth_png,npz_camera_pose,100,100,12,/home/m/dataset/ltm_datasets/wildrgbd_harrison/clock/scenes/scene_161
wildrgbd_harrison__clock__scene_163,wildrgbd_harrison/clock/scene_163,wildrgbd_harrison,wildrgbd_harrison:clock,wildrgbd_rgb_depth_npz_pose,sensor_depth_png,npz_camera_pose,100,100,12,/home/m/dataset/ltm_datasets/wildrgbd_harrison/clock/scenes/scene_163
wildrgbd_harrison__clock__scene_201,wildrgbd_harrison/clock/scene_201,wildrgbd_harrison,wildrgbd_harrison:clock,wildrgbd_rgb_depth_npz_pose,sensor_depth_png,npz_camera_pose,100,100,12,/home/m/dataset/ltm_datasets/wildrgbd_harrison/clock/scenes/scene_201
wildrgbd_harrison__clock__scene_241,wildrgbd_harrison/clock/scene_241,wildrgbd_harrison,wildrgbd_harrison:clock,wildrgbd_rgb_depth_npz_pose,sensor_depth_png,npz_camera_pose,100,100,12,/home/m/dataset/ltm_datasets/wildrgbd_harrison/clock/scenes/scene_241
wildrgbd_harrison__clock__scene_243,wildrgbd_harrison/clock/scene_243,wildrgbd_harrison,wildrgbd_harrison:clock,wildrgbd_rgb_depth_npz_pose,sensor_depth_png,npz_camera_pose,100,100,12,/home/m/dataset/ltm_datasets/wildrgbd_harrison/clock/scenes/scene_243
wildrgbd_harrison__clock__scene_325,wildrgbd_harrison/clock/scene_325,wildrgbd_harrison,wildrgbd_harrison:clock,wildrgbd_rgb_depth_npz_pose,sensor_depth_png,npz_camera_pose,100,100,12,/home/m/dataset/ltm_datasets/wildrgbd_harrison/clock/scenes/scene_325
wildrgbd_harrison__clock__scene_359,wildrgbd_harrison/clock/scene_359,wildrgbd_harrison,wildrgbd_harrison:clock,wildrgbd_rgb_depth_npz_pose,sensor_depth_png,npz_camera_pose,100,100,12,/home/m/dataset/ltm_datasets/wildrgbd_harrison/clock/scenes/scene_359
wildrgbd_harrison__cucumber__scene_015,wildrgbd_harrison/cucumber/scene_015,wildrgbd_harrison,wildrgbd_harrison:cucumber,wildrgbd_rgb_depth_npz_pose,sensor_depth_png,npz_camera_pose,100,100,12,/home/m/dataset/ltm_datasets/wildrgbd_harrison/cucumber/scenes/scene_015
wildrgbd_harrison__cucumber__scene_036,wildrgbd_harrison/cucumber/scene_036,wildrgbd_harrison,wildrgbd_harrison:cucumber,wildrgbd_rgb_depth_npz_pose,sensor_depth_png,npz_camera_pose,100,100,12,/home/m/dataset/ltm_datasets/wildrgbd_harrison/cucumber/scenes/scene_036
wildrgbd_harrison__cucumber__scene_058,wildrgbd_harrison/cucumber/scene_058,wildrgbd_harrison,wildrgbd_harrison:cucumber,wildrgbd_rgb_depth_npz_pose,sensor_depth_png,npz_camera_pose,100,100,12,/home/m/dataset/ltm_datasets/wildrgbd_harrison/cucumber/scenes/scene_058
wildrgbd_harrison__cucumber__scene_071,wildrgbd_harrison/cucumber/scene_071,wildrgbd_harrison,wildrgbd_harrison:cucumber,wildrgbd_rgb_depth_npz_pose,sensor_depth_png,npz_camera_pose,100,100,12,/home/m/dataset/ltm_datasets/wildrgbd_harrison/cucumber/scenes/scene_071
wildrgbd_harrison__cucumber__scene_096,wildrgbd_harrison/cucumber/scene_096,wildrgbd_harrison,wildrgbd_harrison:cucumber,wildrgbd_rgb_depth_npz_pose,sensor_depth_png,npz_camera_pose,100,100,12,/home/m/dataset/ltm_datasets/wildrgbd_harrison/cucumber/scenes/scene_096
wildrgbd_harrison__cucumber__scene_099,wildrgbd_harrison/cucumber/scene_099,wildrgbd_harrison,wildrgbd_harrison:cucumber,wildrgbd_rgb_depth_npz_pose,sensor_depth_png,npz_camera_pose,100,100,12,/home/m/dataset/ltm_datasets/wildrgbd_harrison/cucumber/scenes/scene_099
wildrgbd_harrison__cucumber__scene_137,wildrgbd_harrison/cucumber/scene_137,wildrgbd_harrison,wildrgbd_harrison:cucumber,wildrgbd_rgb_depth_npz_pose,sensor_depth_png,npz_camera_pose,100,100,12,/home/m/dataset/ltm_datasets/wildrgbd_harrison/cucumber/scenes/scene_137
wildrgbd_harrison__cucumber__scene_184,wildrgbd_harrison/cucumber/scene_184,wildrgbd_harrison,wildrgbd_harrison:cucumber,wildrgbd_rgb_depth_npz_pose,sensor_depth_png,npz_camera_pose,100,100,12,/home/m/dataset/ltm_datasets/wildrgbd_harrison/cucumber/scenes/scene_184
wildrgbd_harrison__cucumber__scene_189,wildrgbd_harrison/cucumber/scene_189,wildrgbd_harrison,wildrgbd_harrison:cucumber,wildrgbd_rgb_depth_npz_pose,sensor_depth_png,npz_camera_pose,100,100,12,/home/m/dataset/ltm_datasets/wildrgbd_harrison/cucumber/scenes/scene_189
wildrgbd_harrison__detergent__scene_070,wildrgbd_harrison/detergent/scene_070,wildrgbd_harrison,wildrgbd_harrison:detergent,wildrgbd_rgb_depth_npz_pose,sensor_depth_png,npz_camera_pose,100,100,12,/home/m/dataset/ltm_datasets/wildrgbd_harrison/detergent/scenes/scene_070
wildrgbd_harrison__detergent__scene_139,wildrgbd_harrison/detergent/scene_139,wildrgbd_harrison,wildrgbd_harrison:detergent,wildrgbd_rgb_depth_npz_pose,sensor_depth_png,npz_camera_pose,100,100,12,/home/m/dataset/ltm_datasets/wildrgbd_harrison/detergent/scenes/scene_139
wildrgbd_harrison__detergent__scene_177,wildrgbd_harrison/detergent/scene_177,wildrgbd_harrison,wildrgbd_harrison:detergent,wildrgbd_rgb_depth_npz_pose,sensor_depth_png,npz_camera_pose,100,100,12,/home/m/dataset/ltm_datasets/wildrgbd_harrison/detergent/scenes/scene_177
wildrgbd_harrison__detergent__scene_203,wildrgbd_harrison/detergent/scene_203,wildrgbd_harrison,wildrgbd_harrison:detergent,wildrgbd_rgb_depth_npz_pose,sensor_depth_png,npz_camera_pose,100,100,12,/home/m/dataset/ltm_datasets/wildrgbd_harrison/detergent/scenes/scene_203
wildrgbd_harrison__detergent__scene_233,wildrgbd_harrison/detergent/scene_233,wildrgbd_harrison,wildrgbd_harrison:detergent,wildrgbd_rgb_depth_npz_pose,sensor_depth_png,npz_camera_pose,100,100,12,/home/m/dataset/ltm_datasets/wildrgbd_harrison/detergent/scenes/scene_233
wildrgbd_harrison__detergent__scene_272,wildrgbd_harrison/detergent/scene_272,wildrgbd_harrison,wildrgbd_harrison:detergent,wildrgbd_rgb_depth_npz_pose,sensor_depth_png,npz_camera_pose,100,100,12,/home/m/dataset/ltm_datasets/wildrgbd_harrison/detergent/scenes/scene_272
wildrgbd_harrison__detergent__scene_351,wildrgbd_harrison/detergent/scene_351,wildrgbd_harrison,wildrgbd_harrison:detergent,wildrgbd_rgb_depth_npz_pose,sensor_depth_png,npz_camera_pose,100,100,12,/home/m/dataset/ltm_datasets/wildrgbd_harrison/detergent/scenes/scene_351
wildrgbd_harrison__detergent__scene_358,wildrgbd_harrison/detergent/scene_358,wildrgbd_harrison,wildrgbd_harrison:detergent,wildrgbd_rgb_depth_npz_pose,sensor_depth_png,npz_camera_pose,100,100,12,/home/m/dataset/ltm_datasets/wildrgbd_harrison/detergent/scenes/scene_358
wildrgbd_harrison__detergent__scene_380,wildrgbd_harrison/detergent/scene_380,wildrgbd_harrison,wildrgbd_harrison:detergent,wildrgbd_rgb_depth_npz_pose,sensor_depth_png,npz_camera_pose,100,100,12,/home/m/dataset/ltm_datasets/wildrgbd_harrison/detergent/scenes/scene_380
wildrgbd_harrison__detergent__scene_385,wildrgbd_harrison/detergent/scene_385,wildrgbd_harrison,wildrgbd_harrison:detergent,wildrgbd_rgb_depth_npz_pose,sensor_depth_png,npz_camera_pose,100,100,12,/home/m/dataset/ltm_datasets/wildrgbd_harrison/detergent/scenes/scene_385
wildrgbd_harrison__detergent__scene_428,wildrgbd_harrison/detergent/scene_428,wildrgbd_harrison,wildrgbd_harrison:detergent,wildrgbd_rgb_depth_npz_pose,sensor_depth_png,npz_camera_pose,100,100,12,/home/m/dataset/ltm_datasets/wildrgbd_harrison/detergent/scenes/scene_428
wildrgbd_harrison__detergent__scene_462,wildrgbd_harrison/detergent/scene_462,wildrgbd_harrison,wildrgbd_harrison:detergent,wildrgbd_rgb_depth_npz_pose,sensor_depth_png,npz_camera_pose,100,100,12,/home/m/dataset/ltm_datasets/wildrgbd_harrison/detergent/scenes/scene_462
wildrgbd_harrison__donut__scene_038,wildrgbd_harrison/donut/scene_038,wildrgbd_harrison,wildrgbd_harrison:donut,wildrgbd_rgb_depth_npz_pose,sensor_depth_png,npz_camera_pose,100,100,12,/home/m/dataset/ltm_datasets/wildrgbd_harrison/donut/scenes/scene_038
wildrgbd_harrison__donut__scene_093,wildrgbd_harrison/donut/scene_093,wildrgbd_harrison,wildrgbd_harrison:donut,wildrgbd_rgb_depth_npz_pose,sensor_depth_png,npz_camera_pose,100,100,12,/home/m/dataset/ltm_datasets/wildrgbd_harrison/donut/scenes/scene_093
wildrgbd_harrison__donut__scene_111,wildrgbd_harrison/donut/scene_111,wildrgbd_harrison,wildrgbd_harrison:donut,wildrgbd_rgb_depth_npz_pose,sensor_depth_png,npz_camera_pose,100,100,12,/home/m/dataset/ltm_datasets/wildrgbd_harrison/donut/scenes/scene_111
wildrgbd_harrison__donut__scene_113,wildrgbd_harrison/donut/scene_113,wildrgbd_harrison,wildrgbd_harrison:donut,wildrgbd_rgb_depth_npz_pose,sensor_depth_png,npz_camera_pose,100,100,12,/home/m/dataset/ltm_datasets/wildrgbd_harrison/donut/scenes/scene_113
wildrgbd_harrison__donut__scene_125,wildrgbd_harrison/donut/scene_125,wildrgbd_harrison,wildrgbd_harrison:donut,wildrgbd_rgb_depth_npz_pose,sensor_depth_png,npz_camera_pose,100,100,12,/home/m/dataset/ltm_datasets/wildrgbd_harrison/donut/scenes/scene_125
wildrgbd_harrison__donut__scene_127,wildrgbd_harrison/donut/scene_127,wildrgbd_harrison,wildrgbd_harrison:donut,wildrgbd_rgb_depth_npz_pose,sensor_depth_png,npz_camera_pose,100,100,12,/home/m/dataset/ltm_datasets/wildrgbd_harrison/donut/scenes/scene_127
wildrgbd_harrison__donut__scene_133,wildrgbd_harrison/donut/scene_133,wildrgbd_harrison,wildrgbd_harrison:donut,wildrgbd_rgb_depth_npz_pose,sensor_depth_png,npz_camera_pose,100,100,12,/home/m/dataset/ltm_datasets/wildrgbd_harrison/donut/scenes/scene_133
wildrgbd_harrison__donut__scene_137,wildrgbd_harrison/donut/scene_137,wildrgbd_harrison,wildrgbd_harrison:donut,wildrgbd_rgb_depth_npz_pose,sensor_depth_png,npz_camera_pose,100,100,12,/home/m/dataset/ltm_datasets/wildrgbd_harrison/donut/scenes/scene_137
wildrgbd_harrison__donut__scene_139,wildrgbd_harrison/donut/scene_139,wildrgbd_harrison,wildrgbd_harrison:donut,wildrgbd_rgb_depth_npz_pose,sensor_depth_png,npz_camera_pose,100,100,12,/home/m/dataset/ltm_datasets/wildrgbd_harrison/donut/scenes/scene_139
wildrgbd_harrison__flower_pot__scene_077,wildrgbd_harrison/flower_pot/scene_077,wildrgbd_harrison,wildrgbd_harrison:flower_pot,wildrgbd_rgb_depth_npz_pose,sensor_depth_png,npz_camera_pose,100,100,12,/home/m/dataset/ltm_datasets/wildrgbd_harrison/flower_pot/scenes/scene_077
wildrgbd_harrison__flower_pot__scene_132,wildrgbd_harrison/flower_pot/scene_132,wildrgbd_harrison,wildrgbd_harrison:flower_pot,wildrgbd_rgb_depth_npz_pose,sensor_depth_png,npz_camera_pose,100,100,12,/home/m/dataset/ltm_datasets/wildrgbd_harrison/flower_pot/scenes/scene_132
wildrgbd_harrison__flower_pot__scene_171,wildrgbd_harrison/flower_pot/scene_171,wildrgbd_harrison,wildrgbd_harrison:flower_pot,wildrgbd_rgb_depth_npz_pose,sensor_depth_png,npz_camera_pose,100,100,12,/home/m/dataset/ltm_datasets/wildrgbd_harrison/flower_pot/scenes/scene_171
wildrgbd_harrison__flower_pot__scene_200,wildrgbd_harrison/flower_pot/scene_200,wildrgbd_harrison,wildrgbd_harrison:flower_pot,wildrgbd_rgb_depth_npz_pose,sensor_depth_png,npz_camera_pose,100,100,12,/home/m/dataset/ltm_datasets/wildrgbd_harrison/flower_pot/scenes/scene_200
wildrgbd_harrison__flower_pot__scene_251,wildrgbd_harrison/flower_pot/scene_251,wildrgbd_harrison,wildrgbd_harrison:flower_pot,wildrgbd_rgb_depth_npz_pose,sensor_depth_png,npz_camera_pose,100,100,12,/home/m/dataset/ltm_datasets/wildrgbd_harrison/flower_pot/scenes/scene_251
wildrgbd_harrison__flower_pot__scene_253,wildrgbd_harrison/flower_pot/scene_253,wildrgbd_harrison,wildrgbd_harrison:flower_pot,wildrgbd_rgb_depth_npz_pose,sensor_depth_png,npz_camera_pose,100,100,12,/home/m/dataset/ltm_datasets/wildrgbd_harrison/flower_pot/scenes/scene_253
wildrgbd_harrison__flower_pot__scene_330,wildrgbd_harrison/flower_pot/scene_330,wildrgbd_harrison,wildrgbd_harrison:flower_pot,wildrgbd_rgb_depth_npz_pose,sensor_depth_png,npz_camera_pose,100,100,12,/home/m/dataset/ltm_datasets/wildrgbd_harrison/flower_pot/scenes/scene_330
wildrgbd_harrison__flower_pot__scene_344,wildrgbd_harrison/flower_pot/scene_344,wildrgbd_harrison,wildrgbd_harrison:flower_pot,wildrgbd_rgb_depth_npz_pose,sensor_depth_png,npz_camera_pose,100,100,12,/home/m/dataset/ltm_datasets/wildrgbd_harrison/flower_pot/scenes/scene_344
wildrgbd_harrison__flower_pot__scene_346,wildrgbd_harrison/flower_pot/scene_346,wildrgbd_harrison,wildrgbd_harrison:flower_pot,wildrgbd_rgb_depth_npz_pose,sensor_depth_png,npz_camera_pose,100,100,12,/home/m/dataset/ltm_datasets/wildrgbd_harrison/flower_pot/scenes/scene_346
wildrgbd_harrison__flower_pot__scene_350,wildrgbd_harrison/flower_pot/scene_350,wildrgbd_harrison,wildrgbd_harrison:flower_pot,wildrgbd_rgb_depth_npz_pose,sensor_depth_png,npz_camera_pose,100,100,12,/home/m/dataset/ltm_datasets/wildrgbd_harrison/flower_pot/scenes/scene_350
wildrgbd_harrison__handbag__scene_034,wildrgbd_harrison/handbag/scene_034,wildrgbd_harrison,wildrgbd_harrison:handbag,wildrgbd_rgb_depth_npz_pose,sensor_depth_png,npz_camera_pose,100,100,12,/home/m/dataset/ltm_datasets/wildrgbd_harrison/handbag/scenes/scene_034
wildrgbd_harrison__handbag__scene_041,wildrgbd_harrison/handbag/scene_041,wildrgbd_harrison,wildrgbd_harrison:handbag,wildrgbd_rgb_depth_npz_pose,sensor_depth_png,npz_camera_pose,100,100,12,/home/m/dataset/ltm_datasets/wildrgbd_harrison/handbag/scenes/scene_041
wildrgbd_harrison__handbag__scene_104,wildrgbd_harrison/handbag/scene_104,wildrgbd_harrison,wildrgbd_harrison:handbag,wildrgbd_rgb_depth_npz_pose,sensor_depth_png,npz_camera_pose,100,100,12,/home/m/dataset/ltm_datasets/wildrgbd_harrison/handbag/scenes/scene_104
wildrgbd_harrison__handbag__scene_133,wildrgbd_harrison/handbag/scene_133,wildrgbd_harrison,wildrgbd_harrison:handbag,wildrgbd_rgb_depth_npz_pose,sensor_depth_png,npz_camera_pose,100,100,12,/home/m/dataset/ltm_datasets/wildrgbd_harrison/handbag/scenes/scene_133
wildrgbd_harrison__handbag__scene_228,wildrgbd_harrison/handbag/scene_228,wildrgbd_harrison,wildrgbd_harrison:handbag,wildrgbd_rgb_depth_npz_pose,sensor_depth_png,npz_camera_pose,100,100,12,/home/m/dataset/ltm_datasets/wildrgbd_harrison/handbag/scenes/scene_228
wildrgbd_harrison__handbag__scene_348,wildrgbd_harrison/handbag/scene_348,wildrgbd_harrison,wildrgbd_harrison:handbag,wildrgbd_rgb_depth_npz_pose,sensor_depth_png,npz_camera_pose,100,100,12,/home/m/dataset/ltm_datasets/wildrgbd_harrison/handbag/scenes/scene_348
wildrgbd_harrison__handbag__scene_355,wildrgbd_harrison/handbag/scene_355,wildrgbd_harrison,wildrgbd_harrison:handbag,wildrgbd_rgb_depth_npz_pose,sensor_depth_png,npz_camera_pose,100,100,12,/home/m/dataset/ltm_datasets/wildrgbd_harrison/handbag/scenes/scene_355
wildrgbd_harrison__handbag__scene_403,wildrgbd_harrison/handbag/scene_403,wildrgbd_harrison,wildrgbd_harrison:handbag,wildrgbd_rgb_depth_npz_pose,sensor_depth_png,npz_camera_pose,100,100,12,/home/m/dataset/ltm_datasets/wildrgbd_harrison/handbag/scenes/scene_403
wildrgbd_harrison__handbag__scene_426,wildrgbd_harrison/handbag/scene_426,wildrgbd_harrison,wildrgbd_harrison:handbag,wildrgbd_rgb_depth_npz_pose,sensor_depth_png,npz_camera_pose,100,100,12,/home/m/dataset/ltm_datasets/wildrgbd_harrison/handbag/scenes/scene_426
wildrgbd_harrison__handbag__scene_489,wildrgbd_harrison/handbag/scene_489,wildrgbd_harrison,wildrgbd_harrison:handbag,wildrgbd_rgb_depth_npz_pose,sensor_depth_png,npz_camera_pose,100,100,12,/home/m/dataset/ltm_datasets/wildrgbd_harrison/handbag/scenes/scene_489
wildrgbd_harrison__handbag__scene_522,wildrgbd_harrison/handbag/scene_522,wildrgbd_harrison,wildrgbd_harrison:handbag,wildrgbd_rgb_depth_npz_pose,sensor_depth_png,npz_camera_pose,100,100,12,/home/m/dataset/ltm_datasets/wildrgbd_harrison/handbag/scenes/scene_522
wildrgbd_harrison__handbag__scene_532,wildrgbd_harrison/handbag/scene_532,wildrgbd_harrison,wildrgbd_harrison:handbag,wildrgbd_rgb_depth_npz_pose,sensor_depth_png,npz_camera_pose,100,100,12,/home/m/dataset/ltm_datasets/wildrgbd_harrison/handbag/scenes/scene_532
wildrgbd_harrison__hat__scene_030,wildrgbd_harrison/hat/scene_030,wildrgbd_harrison,wildrgbd_harrison:hat,wildrgbd_rgb_depth_npz_pose,sensor_depth_png,npz_camera_pose,100,100,12,/home/m/dataset/ltm_datasets/wildrgbd_harrison/hat/scenes/scene_030
wildrgbd_harrison__hat__scene_059,wildrgbd_harrison/hat/scene_059,wildrgbd_harrison,wildrgbd_harrison:hat,wildrgbd_rgb_depth_npz_pose,sensor_depth_png,npz_camera_pose,100,100,12,/home/m/dataset/ltm_datasets/wildrgbd_harrison/hat/scenes/scene_059
wildrgbd_harrison__hat__scene_116,wildrgbd_harrison/hat/scene_116,wildrgbd_harrison,wildrgbd_harrison:hat,wildrgbd_rgb_depth_npz_pose,sensor_depth_png,npz_camera_pose,100,100,12,/home/m/dataset/ltm_datasets/wildrgbd_harrison/hat/scenes/scene_116
wildrgbd_harrison__hat__scene_128,wildrgbd_harrison/hat/scene_128,wildrgbd_harrison,wildrgbd_harrison:hat,wildrgbd_rgb_depth_npz_pose,sensor_depth_png,npz_camera_pose,100,100,12,/home/m/dataset/ltm_datasets/wildrgbd_harrison/hat/scenes/scene_128
wildrgbd_harrison__hat__scene_202,wildrgbd_harrison/hat/scene_202,wildrgbd_harrison,wildrgbd_harrison:hat,wildrgbd_rgb_depth_npz_pose,sensor_depth_png,npz_camera_pose,100,100,12,/home/m/dataset/ltm_datasets/wildrgbd_harrison/hat/scenes/scene_202
wildrgbd_harrison__hat__scene_235,wildrgbd_harrison/hat/scene_235,wildrgbd_harrison,wildrgbd_harrison:hat,wildrgbd_rgb_depth_npz_pose,sensor_depth_png,npz_camera_pose,100,100,12,/home/m/dataset/ltm_datasets/wildrgbd_harrison/hat/scenes/scene_235
wildrgbd_harrison__hat__scene_333,wildrgbd_harrison/hat/scene_333,wildrgbd_harrison,wildrgbd_harrison:hat,wildrgbd_rgb_depth_npz_pose,sensor_depth_png,npz_camera_pose,100,100,12,/home/m/dataset/ltm_datasets/wildrgbd_harrison/hat/scenes/scene_333
wildrgbd_harrison__hat__scene_365,wildrgbd_harrison/hat/scene_365,wildrgbd_harrison,wildrgbd_harrison:hat,wildrgbd_rgb_depth_npz_pose,sensor_depth_png,npz_camera_pose,100,100,12,/home/m/dataset/ltm_datasets/wildrgbd_harrison/hat/scenes/scene_365
wildrgbd_harrison__hat__scene_391,wildrgbd_harrison/hat/scene_391,wildrgbd_harrison,wildrgbd_harrison:hat,wildrgbd_rgb_depth_npz_pose,sensor_depth_png,npz_camera_pose,100,100,12,/home/m/dataset/ltm_datasets/wildrgbd_harrison/hat/scenes/scene_391
wildrgbd_harrison__hat__scene_398,wildrgbd_harrison/hat/scene_398,wildrgbd_harrison,wildrgbd_harrison:hat,wildrgbd_rgb_depth_npz_pose,sensor_depth_png,npz_camera_pose,100,100,12,/home/m/dataset/ltm_datasets/wildrgbd_harrison/hat/scenes/scene_398
wildrgbd_harrison__hat__scene_471,wildrgbd_harrison/hat/scene_471,wildrgbd_harrison,wildrgbd_harrison:hat,wildrgbd_rgb_depth_npz_pose,sensor_depth_png,npz_camera_pose,100,100,12,/home/m/dataset/ltm_datasets/wildrgbd_harrison/hat/scenes/scene_471
wildrgbd_harrison__kettle__scene_040,wildrgbd_harrison/kettle/scene_040,wildrgbd_harrison,wildrgbd_harrison:kettle,wildrgbd_rgb_depth_npz_pose,sensor_depth_png,npz_camera_pose,100,100,12,/home/m/dataset/ltm_datasets/wildrgbd_harrison/kettle/scenes/scene_040
wildrgbd_harrison__kettle__scene_100,wildrgbd_harrison/kettle/scene_100,wildrgbd_harrison,wildrgbd_harrison:kettle,wildrgbd_rgb_depth_npz_pose,sensor_depth_png,npz_camera_pose,100,100,12,/home/m/dataset/ltm_datasets/wildrgbd_harrison/kettle/scenes/scene_100
wildrgbd_harrison__kettle__scene_216,wildrgbd_harrison/kettle/scene_216,wildrgbd_harrison,wildrgbd_harrison:kettle,wildrgbd_rgb_depth_npz_pose,sensor_depth_png,npz_camera_pose,100,100,12,/home/m/dataset/ltm_datasets/wildrgbd_harrison/kettle/scenes/scene_216
wildrgbd_harrison__kettle__scene_241,wildrgbd_harrison/kettle/scene_241,wildrgbd_harrison,wildrgbd_harrison:kettle,wildrgbd_rgb_depth_npz_pose,sensor_depth_png,npz_camera_pose,100,100,12,/home/m/dataset/ltm_datasets/wildrgbd_harrison/kettle/scenes/scene_241
wildrgbd_harrison__kettle__scene_242,wildrgbd_harrison/kettle/scene_242,wildrgbd_harrison,wildrgbd_harrison:kettle,wildrgbd_rgb_depth_npz_pose,sensor_depth_png,npz_camera_pose,100,100,12,/home/m/dataset/ltm_datasets/wildrgbd_harrison/kettle/scenes/scene_242
wildrgbd_harrison__kettle__scene_254,wildrgbd_harrison/kettle/scene_254,wildrgbd_harrison,wildrgbd_harrison:kettle,wildrgbd_rgb_depth_npz_pose,sensor_depth_png,npz_camera_pose,100,100,12,/home/m/dataset/ltm_datasets/wildrgbd_harrison/kettle/scenes/scene_254
wildrgbd_harrison__kettle__scene_281,wildrgbd_harrison/kettle/scene_281,wildrgbd_harrison,wildrgbd_harrison:kettle,wildrgbd_rgb_depth_npz_pose,sensor_depth_png,npz_camera_pose,100,100,12,/home/m/dataset/ltm_datasets/wildrgbd_harrison/kettle/scenes/scene_281
wildrgbd_harrison__kettle__scene_375,wildrgbd_harrison/kettle/scene_375,wildrgbd_harrison,wildrgbd_harrison:kettle,wildrgbd_rgb_depth_npz_pose,sensor_depth_png,npz_camera_pose,100,100,12,/home/m/dataset/ltm_datasets/wildrgbd_harrison/kettle/scenes/scene_375
wildrgbd_harrison__kettle__scene_427,wildrgbd_harrison/kettle/scene_427,wildrgbd_harrison,wildrgbd_harrison:kettle,wildrgbd_rgb_depth_npz_pose,sensor_depth_png,npz_camera_pose,100,100,12,/home/m/dataset/ltm_datasets/wildrgbd_harrison/kettle/scenes/scene_427
wildrgbd_harrison__kettle__scene_488,wildrgbd_harrison/kettle/scene_488,wildrgbd_harrison,wildrgbd_harrison:kettle,wildrgbd_rgb_depth_npz_pose,sensor_depth_png,npz_camera_pose,100,100,12,/home/m/dataset/ltm_datasets/wildrgbd_harrison/kettle/scenes/scene_488
wildrgbd_harrison__kettle__scene_514,wildrgbd_harrison/kettle/scene_514,wildrgbd_harrison,wildrgbd_harrison:kettle,wildrgbd_rgb_depth_npz_pose,sensor_depth_png,npz_camera_pose,100,100,12,/home/m/dataset/ltm_datasets/wildrgbd_harrison/kettle/scenes/scene_514
wildrgbd_harrison__keyboard__scene_062,wildrgbd_harrison/keyboard/scene_062,wildrgbd_harrison,wildrgbd_harrison:keyboard,wildrgbd_rgb_depth_npz_pose,sensor_depth_png,npz_camera_pose,100,100,12,/home/m/dataset/ltm_datasets/wildrgbd_harrison/keyboard/scenes/scene_062
wildrgbd_harrison__keyboard__scene_068,wildrgbd_harrison/keyboard/scene_068,wildrgbd_harrison,wildrgbd_harrison:keyboard,wildrgbd_rgb_depth_npz_pose,sensor_depth_png,npz_camera_pose,100,100,12,/home/m/dataset/ltm_datasets/wildrgbd_harrison/keyboard/scenes/scene_068
wildrgbd_harrison__keyboard__scene_077,wildrgbd_harrison/keyboard/scene_077,wildrgbd_harrison,wildrgbd_harrison:keyboard,wildrgbd_rgb_depth_npz_pose,sensor_depth_png,npz_camera_pose,100,100,12,/home/m/dataset/ltm_datasets/wildrgbd_harrison/keyboard/scenes/scene_077
wildrgbd_harrison__keyboard__scene_106,wildrgbd_harrison/keyboard/scene_106,wildrgbd_harrison,wildrgbd_harrison:keyboard,wildrgbd_rgb_depth_npz_pose,sensor_depth_png,npz_camera_pose,100,100,12,/home/m/dataset/ltm_datasets/wildrgbd_harrison/keyboard/scenes/scene_106
wildrgbd_harrison__keyboard__scene_136,wildrgbd_harrison/keyboard/scene_136,wildrgbd_harrison,wildrgbd_harrison:keyboard,wildrgbd_rgb_depth_npz_pose,sensor_depth_png,npz_camera_pose,100,100,12,/home/m/dataset/ltm_datasets/wildrgbd_harrison/keyboard/scenes/scene_136
wildrgbd_harrison__keyboard__scene_173,wildrgbd_harrison/keyboard/scene_173,wildrgbd_harrison,wildrgbd_harrison:keyboard,wildrgbd_rgb_depth_npz_pose,sensor_depth_png,npz_camera_pose,100,100,12,/home/m/dataset/ltm_datasets/wildrgbd_harrison/keyboard/scenes/scene_173
wildrgbd_harrison__keyboard__scene_241,wildrgbd_harrison/keyboard/scene_241,wildrgbd_harrison,wildrgbd_harrison:keyboard,wildrgbd_rgb_depth_npz_pose,sensor_depth_png,npz_camera_pose,100,100,12,/home/m/dataset/ltm_datasets/wildrgbd_harrison/keyboard/scenes/scene_241
wildrgbd_harrison__keyboard__scene_257,wildrgbd_harrison/keyboard/scene_257,wildrgbd_harrison,wildrgbd_harrison:keyboard,wildrgbd_rgb_depth_npz_pose,sensor_depth_png,npz_camera_pose,100,100,12,/home/m/dataset/ltm_datasets/wildrgbd_harrison/keyboard/scenes/scene_257
wildrgbd_harrison__keyboard__scene_327,wildrgbd_harrison/keyboard/scene_327,wildrgbd_harrison,wildrgbd_harrison:keyboard,wildrgbd_rgb_depth_npz_pose,sensor_depth_png,npz_camera_pose,100,100,12,/home/m/dataset/ltm_datasets/wildrgbd_harrison/keyboard/scenes/scene_327
wildrgbd_harrison__keyboard__scene_330,wildrgbd_harrison/keyboard/scene_330,wildrgbd_harrison,wildrgbd_harrison:keyboard,wildrgbd_rgb_depth_npz_pose,sensor_depth_png,npz_camera_pose,100,100,12,/home/m/dataset/ltm_datasets/wildrgbd_harrison/keyboard/scenes/scene_330
wildrgbd_harrison__keyboard__scene_346,wildrgbd_harrison/keyboard/scene_346,wildrgbd_harrison,wildrgbd_harrison:keyboard,wildrgbd_rgb_depth_npz_pose,sensor_depth_png,npz_camera_pose,100,100,12,/home/m/dataset/ltm_datasets/wildrgbd_harrison/keyboard/scenes/scene_346
wildrgbd_harrison__keyboard__scene_351,wildrgbd_harrison/keyboard/scene_351,wildrgbd_harrison,wildrgbd_harrison:keyboard,wildrgbd_rgb_depth_npz_pose,sensor_depth_png,npz_camera_pose,100,100,12,/home/m/dataset/ltm_datasets/wildrgbd_harrison/keyboard/scenes/scene_351
wildrgbd_harrison__knife__scene_020,wildrgbd_harrison/knife/scene_020,wildrgbd_harrison,wildrgbd_harrison:knife,wildrgbd_rgb_depth_npz_pose,sensor_depth_png,npz_camera_pose,100,100,12,/home/m/dataset/ltm_datasets/wildrgbd_harrison/knife/scenes/scene_020
wildrgbd_harrison__knife__scene_048,wildrgbd_harrison/knife/scene_048,wildrgbd_harrison,wildrgbd_harrison:knife,wildrgbd_rgb_depth_npz_pose,sensor_depth_png,npz_camera_pose,100,100,12,/home/m/dataset/ltm_datasets/wildrgbd_harrison/knife/scenes/scene_048
wildrgbd_harrison__knife__scene_063,wildrgbd_harrison/knife/scene_063,wildrgbd_harrison,wildrgbd_harrison:knife,wildrgbd_rgb_depth_npz_pose,sensor_depth_png,npz_camera_pose,100,100,12,/home/m/dataset/ltm_datasets/wildrgbd_harrison/knife/scenes/scene_063
wildrgbd_harrison__knife__scene_184,wildrgbd_harrison/knife/scene_184,wildrgbd_harrison,wildrgbd_harrison:knife,wildrgbd_rgb_depth_npz_pose,sensor_depth_png,npz_camera_pose,100,100,12,/home/m/dataset/ltm_datasets/wildrgbd_harrison/knife/scenes/scene_184
wildrgbd_harrison__knife__scene_231,wildrgbd_harrison/knife/scene_231,wildrgbd_harrison,wildrgbd_harrison:knife,wildrgbd_rgb_depth_npz_pose,sensor_depth_png,npz_camera_pose,100,100,12,/home/m/dataset/ltm_datasets/wildrgbd_harrison/knife/scenes/scene_231
wildrgbd_harrison__knife__scene_397,wildrgbd_harrison/knife/scene_397,wildrgbd_harrison,wildrgbd_harrison:knife,wildrgbd_rgb_depth_npz_pose,sensor_depth_png,npz_camera_pose,100,100,12,/home/m/dataset/ltm_datasets/wildrgbd_harrison/knife/scenes/scene_397
wildrgbd_harrison__knife__scene_414,wildrgbd_harrison/knife/scene_414,wildrgbd_harrison,wildrgbd_harrison:knife,wildrgbd_rgb_depth_npz_pose,sensor_depth_png,npz_camera_pose,100,100,12,/home/m/dataset/ltm_datasets/wildrgbd_harrison/knife/scenes/scene_414
wildrgbd_harrison__knife__scene_445,wildrgbd_harrison/knife/scene_445,wildrgbd_harrison,wildrgbd_harrison:knife,wildrgbd_rgb_depth_npz_pose,sensor_depth_png,npz_camera_pose,100,100,12,/home/m/dataset/ltm_datasets/wildrgbd_harrison/knife/scenes/scene_445
wildrgbd_harrison__knife__scene_469,wildrgbd_harrison/knife/scene_469,wildrgbd_harrison,wildrgbd_harrison:knife,wildrgbd_rgb_depth_npz_pose,sensor_depth_png,npz_camera_pose,100,100,12,/home/m/dataset/ltm_datasets/wildrgbd_harrison/knife/scenes/scene_469
wildrgbd_harrison__knife__scene_491,wildrgbd_harrison/knife/scene_491,wildrgbd_harrison,wildrgbd_harrison:knife,wildrgbd_rgb_depth_npz_pose,sensor_depth_png,npz_camera_pose,100,100,12,/home/m/dataset/ltm_datasets/wildrgbd_harrison/knife/scenes/scene_491
wildrgbd_harrison__knife__scene_497,wildrgbd_harrison/knife/scene_497,wildrgbd_harrison,wildrgbd_harrison:knife,wildrgbd_rgb_depth_npz_pose,sensor_depth_png,npz_camera_pose,100,100,12,/home/m/dataset/ltm_datasets/wildrgbd_harrison/knife/scenes/scene_497
wildrgbd_harrison__microwave__scene_004,wildrgbd_harrison/microwave/scene_004,wildrgbd_harrison,wildrgbd_harrison:microwave,wildrgbd_rgb_depth_npz_pose,sensor_depth_png,npz_camera_pose,100,100,12,/home/m/dataset/ltm_datasets/wildrgbd_harrison/microwave/scenes/scene_004
wildrgbd_harrison__microwave__scene_099,wildrgbd_harrison/microwave/scene_099,wildrgbd_harrison,wildrgbd_harrison:microwave,wildrgbd_rgb_depth_npz_pose,sensor_depth_png,npz_camera_pose,100,100,12,/home/m/dataset/ltm_datasets/wildrgbd_harrison/microwave/scenes/scene_099
wildrgbd_harrison__microwave__scene_123,wildrgbd_harrison/microwave/scene_123,wildrgbd_harrison,wildrgbd_harrison:microwave,wildrgbd_rgb_depth_npz_pose,sensor_depth_png,npz_camera_pose,100,100,12,/home/m/dataset/ltm_datasets/wildrgbd_harrison/microwave/scenes/scene_123
wildrgbd_harrison__microwave__scene_125,wildrgbd_harrison/microwave/scene_125,wildrgbd_harrison,wildrgbd_harrison:microwave,wildrgbd_rgb_depth_npz_pose,sensor_depth_png,npz_camera_pose,100,100,12,/home/m/dataset/ltm_datasets/wildrgbd_harrison/microwave/scenes/scene_125
wildrgbd_harrison__microwave__scene_133,wildrgbd_harrison/microwave/scene_133,wildrgbd_harrison,wildrgbd_harrison:microwave,wildrgbd_rgb_depth_npz_pose,sensor_depth_png,npz_camera_pose,100,100,12,/home/m/dataset/ltm_datasets/wildrgbd_harrison/microwave/scenes/scene_133
wildrgbd_harrison__microwave__scene_137,wildrgbd_harrison/microwave/scene_137,wildrgbd_harrison,wildrgbd_harrison:microwave,wildrgbd_rgb_depth_npz_pose,sensor_depth_png,npz_camera_pose,100,100,12,/home/m/dataset/ltm_datasets/wildrgbd_harrison/microwave/scenes/scene_137
wildrgbd_harrison__microwave__scene_154,wildrgbd_harrison/microwave/scene_154,wildrgbd_harrison,wildrgbd_harrison:microwave,wildrgbd_rgb_depth_npz_pose,sensor_depth_png,npz_camera_pose,100,100,12,/home/m/dataset/ltm_datasets/wildrgbd_harrison/microwave/scenes/scene_154
wildrgbd_harrison__microwave__scene_160,wildrgbd_harrison/microwave/scene_160,wildrgbd_harrison,wildrgbd_harrison:microwave,wildrgbd_rgb_depth_npz_pose,sensor_depth_png,npz_camera_pose,100,100,12,/home/m/dataset/ltm_datasets/wildrgbd_harrison/microwave/scenes/scene_160
wildrgbd_harrison__mouse__scene_070,wildrgbd_harrison/mouse/scene_070,wildrgbd_harrison,wildrgbd_harrison:mouse,wildrgbd_rgb_depth_npz_pose,sensor_depth_png,npz_camera_pose,100,100,12,/home/m/dataset/ltm_datasets/wildrgbd_harrison/mouse/scenes/scene_070
wildrgbd_harrison__mouse__scene_098,wildrgbd_harrison/mouse/scene_098,wildrgbd_harrison,wildrgbd_harrison:mouse,wildrgbd_rgb_depth_npz_pose,sensor_depth_png,npz_camera_pose,100,100,12,/home/m/dataset/ltm_datasets/wildrgbd_harrison/mouse/scenes/scene_098
wildrgbd_harrison__mouse__scene_113,wildrgbd_harrison/mouse/scene_113,wildrgbd_harrison,wildrgbd_harrison:mouse,wildrgbd_rgb_depth_npz_pose,sensor_depth_png,npz_camera_pose,100,100,12,/home/m/dataset/ltm_datasets/wildrgbd_harrison/mouse/scenes/scene_113
wildrgbd_harrison__mouse__scene_186,wildrgbd_harrison/mouse/scene_186,wildrgbd_harrison,wildrgbd_harrison:mouse,wildrgbd_rgb_depth_npz_pose,sensor_depth_png,npz_camera_pose,100,100,12,/home/m/dataset/ltm_datasets/wildrgbd_harrison/mouse/scenes/scene_186
wildrgbd_harrison__mouse__scene_209,wildrgbd_harrison/mouse/scene_209,wildrgbd_harrison,wildrgbd_harrison:mouse,wildrgbd_rgb_depth_npz_pose,sensor_depth_png,npz_camera_pose,100,100,12,/home/m/dataset/ltm_datasets/wildrgbd_harrison/mouse/scenes/scene_209
wildrgbd_harrison__mouse__scene_210,wildrgbd_harrison/mouse/scene_210,wildrgbd_harrison,wildrgbd_harrison:mouse,wildrgbd_rgb_depth_npz_pose,sensor_depth_png,npz_camera_pose,100,100,12,/home/m/dataset/ltm_datasets/wildrgbd_harrison/mouse/scenes/scene_210
wildrgbd_harrison__mouse__scene_218,wildrgbd_harrison/mouse/scene_218,wildrgbd_harrison,wildrgbd_harrison:mouse,wildrgbd_rgb_depth_npz_pose,sensor_depth_png,npz_camera_pose,100,100,12,/home/m/dataset/ltm_datasets/wildrgbd_harrison/mouse/scenes/scene_218
wildrgbd_harrison__mouse__scene_233,wildrgbd_harrison/mouse/scene_233,wildrgbd_harrison,wildrgbd_harrison:mouse,wildrgbd_rgb_depth_npz_pose,sensor_depth_png,npz_camera_pose,100,100,12,/home/m/dataset/ltm_datasets/wildrgbd_harrison/mouse/scenes/scene_233
wildrgbd_harrison__mouse__scene_263,wildrgbd_harrison/mouse/scene_263,wildrgbd_harrison,wildrgbd_harrison:mouse,wildrgbd_rgb_depth_npz_pose,sensor_depth_png,npz_camera_pose,100,100,12,/home/m/dataset/ltm_datasets/wildrgbd_harrison/mouse/scenes/scene_263
wildrgbd_harrison__mouse__scene_287,wildrgbd_harrison/mouse/scene_287,wildrgbd_harrison,wildrgbd_harrison:mouse,wildrgbd_rgb_depth_npz_pose,sensor_depth_png,npz_camera_pose,100,100,12,/home/m/dataset/ltm_datasets/wildrgbd_harrison/mouse/scenes/scene_287
wildrgbd_harrison__mouse__scene_352,wildrgbd_harrison/mouse/scene_352,wildrgbd_harrison,wildrgbd_harrison:mouse,wildrgbd_rgb_depth_npz_pose,sensor_depth_png,npz_camera_pose,100,100,12,/home/m/dataset/ltm_datasets/wildrgbd_harrison/mouse/scenes/scene_352
wildrgbd_harrison__mouse__scene_366,wildrgbd_harrison/mouse/scene_366,wildrgbd_harrison,wildrgbd_harrison:mouse,wildrgbd_rgb_depth_npz_pose,sensor_depth_png,npz_camera_pose,100,100,12,/home/m/dataset/ltm_datasets/wildrgbd_harrison/mouse/scenes/scene_366
wildrgbd_harrison__mouse__scene_372,wildrgbd_harrison/mouse/scene_372,wildrgbd_harrison,wildrgbd_harrison:mouse,wildrgbd_rgb_depth_npz_pose,sensor_depth_png,npz_camera_pose,100,100,12,/home/m/dataset/ltm_datasets/wildrgbd_harrison/mouse/scenes/scene_372
wildrgbd_harrison__mouse__scene_381,wildrgbd_harrison/mouse/scene_381,wildrgbd_harrison,wildrgbd_harrison:mouse,wildrgbd_rgb_depth_npz_pose,sensor_depth_png,npz_camera_pose,100,100,12,/home/m/dataset/ltm_datasets/wildrgbd_harrison/mouse/scenes/scene_381
wildrgbd_harrison__mouse__scene_395,wildrgbd_harrison/mouse/scene_395,wildrgbd_harrison,wildrgbd_harrison:mouse,wildrgbd_rgb_depth_npz_pose,sensor_depth_png,npz_camera_pose,100,100,12,/home/m/dataset/ltm_datasets/wildrgbd_harrison/mouse/scenes/scene_395
wildrgbd_harrison__mouse__scene_404,wildrgbd_harrison/mouse/scene_404,wildrgbd_harrison,wildrgbd_harrison:mouse,wildrgbd_rgb_depth_npz_pose,sensor_depth_png,npz_camera_pose,100,100,12,/home/m/dataset/ltm_datasets/wildrgbd_harrison/mouse/scenes/scene_404
wildrgbd_harrison__orange__scene_016,wildrgbd_harrison/orange/scene_016,wildrgbd_harrison,wildrgbd_harrison:orange,wildrgbd_rgb_depth_npz_pose,sensor_depth_png,npz_camera_pose,100,100,12,/home/m/dataset/ltm_datasets/wildrgbd_harrison/orange/scenes/scene_016
wildrgbd_harrison__orange__scene_043,wildrgbd_harrison/orange/scene_043,wildrgbd_harrison,wildrgbd_harrison:orange,wildrgbd_rgb_depth_npz_pose,sensor_depth_png,npz_camera_pose,100,100,12,/home/m/dataset/ltm_datasets/wildrgbd_harrison/orange/scenes/scene_043
wildrgbd_harrison__orange__scene_050,wildrgbd_harrison/orange/scene_050,wildrgbd_harrison,wildrgbd_harrison:orange,wildrgbd_rgb_depth_npz_pose,sensor_depth_png,npz_camera_pose,100,100,12,/home/m/dataset/ltm_datasets/wildrgbd_harrison/orange/scenes/scene_050
wildrgbd_harrison__orange__scene_072,wildrgbd_harrison/orange/scene_072,wildrgbd_harrison,wildrgbd_harrison:orange,wildrgbd_rgb_depth_npz_pose,sensor_depth_png,npz_camera_pose,100,100,12,/home/m/dataset/ltm_datasets/wildrgbd_harrison/orange/scenes/scene_072
wildrgbd_harrison__orange__scene_099,wildrgbd_harrison/orange/scene_099,wildrgbd_harrison,wildrgbd_harrison:orange,wildrgbd_rgb_depth_npz_pose,sensor_depth_png,npz_camera_pose,100,100,12,/home/m/dataset/ltm_datasets/wildrgbd_harrison/orange/scenes/scene_099
wildrgbd_harrison__orange__scene_107,wildrgbd_harrison/orange/scene_107,wildrgbd_harrison,wildrgbd_harrison:orange,wildrgbd_rgb_depth_npz_pose,sensor_depth_png,npz_camera_pose,100,100,12,/home/m/dataset/ltm_datasets/wildrgbd_harrison/orange/scenes/scene_107
wildrgbd_harrison__orange__scene_109,wildrgbd_harrison/orange/scene_109,wildrgbd_harrison,wildrgbd_harrison:orange,wildrgbd_rgb_depth_npz_pose,sensor_depth_png,npz_camera_pose,100,100,12,/home/m/dataset/ltm_datasets/wildrgbd_harrison/orange/scenes/scene_109
wildrgbd_harrison__orange__scene_110,wildrgbd_harrison/orange/scene_110,wildrgbd_harrison,wildrgbd_harrison:orange,wildrgbd_rgb_depth_npz_pose,sensor_depth_png,npz_camera_pose,100,100,12,/home/m/dataset/ltm_datasets/wildrgbd_harrison/orange/scenes/scene_110
wildrgbd_harrison__orange__scene_133,wildrgbd_harrison/orange/scene_133,wildrgbd_harrison,wildrgbd_harrison:orange,wildrgbd_rgb_depth_npz_pose,sensor_depth_png,npz_camera_pose,100,100,12,/home/m/dataset/ltm_datasets/wildrgbd_harrison/orange/scenes/scene_133
wildrgbd_harrison__orange__scene_136,wildrgbd_harrison/orange/scene_136,wildrgbd_harrison,wildrgbd_harrison:orange,wildrgbd_rgb_depth_npz_pose,sensor_depth_png,npz_camera_pose,100,100,12,/home/m/dataset/ltm_datasets/wildrgbd_harrison/orange/scenes/scene_136
wildrgbd_harrison__orange__scene_148,wildrgbd_harrison/orange/scene_148,wildrgbd_harrison,wildrgbd_harrison:orange,wildrgbd_rgb_depth_npz_pose,sensor_depth_png,npz_camera_pose,100,100,12,/home/m/dataset/ltm_datasets/wildrgbd_harrison/orange/scenes/scene_148
wildrgbd_harrison__orange__scene_159,wildrgbd_harrison/orange/scene_159,wildrgbd_harrison,wildrgbd_harrison:orange,wildrgbd_rgb_depth_npz_pose,sensor_depth_png,npz_camera_pose,100,100,12,/home/m/dataset/ltm_datasets/wildrgbd_harrison/orange/scenes/scene_159
wildrgbd_harrison__orange__scene_174,wildrgbd_harrison/orange/scene_174,wildrgbd_harrison,wildrgbd_harrison:orange,wildrgbd_rgb_depth_npz_pose,sensor_depth_png,npz_camera_pose,100,100,12,/home/m/dataset/ltm_datasets/wildrgbd_harrison/orange/scenes/scene_174
wildrgbd_harrison__orange__scene_193,wildrgbd_harrison/orange/scene_193,wildrgbd_harrison,wildrgbd_harrison:orange,wildrgbd_rgb_depth_npz_pose,sensor_depth_png,npz_camera_pose,100,100,12,/home/m/dataset/ltm_datasets/wildrgbd_harrison/orange/scenes/scene_193
wildrgbd_harrison__peach__scene_012,wildrgbd_harrison/peach/scene_012,wildrgbd_harrison,wildrgbd_harrison:peach,wildrgbd_rgb_depth_npz_pose,sensor_depth_png,npz_camera_pose,100,100,12,/home/m/dataset/ltm_datasets/wildrgbd_harrison/peach/scenes/scene_012
wildrgbd_harrison__peach__scene_050,wildrgbd_harrison/peach/scene_050,wildrgbd_harrison,wildrgbd_harrison:peach,wildrgbd_rgb_depth_npz_pose,sensor_depth_png,npz_camera_pose,100,100,12,/home/m/dataset/ltm_datasets/wildrgbd_harrison/peach/scenes/scene_050
wildrgbd_harrison__peach__scene_099,wildrgbd_harrison/peach/scene_099,wildrgbd_harrison,wildrgbd_harrison:peach,wildrgbd_rgb_depth_npz_pose,sensor_depth_png,npz_camera_pose,100,100,12,/home/m/dataset/ltm_datasets/wildrgbd_harrison/peach/scenes/scene_099
wildrgbd_harrison__peach__scene_110,wildrgbd_harrison/peach/scene_110,wildrgbd_harrison,wildrgbd_harrison:peach,wildrgbd_rgb_depth_npz_pose,sensor_depth_png,npz_camera_pose,100,100,12,/home/m/dataset/ltm_datasets/wildrgbd_harrison/peach/scenes/scene_110
wildrgbd_harrison__peach__scene_125,wildrgbd_harrison/peach/scene_125,wildrgbd_harrison,wildrgbd_harrison:peach,wildrgbd_rgb_depth_npz_pose,sensor_depth_png,npz_camera_pose,100,100,12,/home/m/dataset/ltm_datasets/wildrgbd_harrison/peach/scenes/scene_125
wildrgbd_harrison__peach__scene_130,wildrgbd_harrison/peach/scene_130,wildrgbd_harrison,wildrgbd_harrison:peach,wildrgbd_rgb_depth_npz_pose,sensor_depth_png,npz_camera_pose,100,100,12,/home/m/dataset/ltm_datasets/wildrgbd_harrison/peach/scenes/scene_130
wildrgbd_harrison__peach__scene_136,wildrgbd_harrison/peach/scene_136,wildrgbd_harrison,wildrgbd_harrison:peach,wildrgbd_rgb_depth_npz_pose,sensor_depth_png,npz_camera_pose,100,100,12,/home/m/dataset/ltm_datasets/wildrgbd_harrison/peach/scenes/scene_136
wildrgbd_harrison__peach__scene_150,wildrgbd_harrison/peach/scene_150,wildrgbd_harrison,wildrgbd_harrison:peach,wildrgbd_rgb_depth_npz_pose,sensor_depth_png,npz_camera_pose,100,100,12,/home/m/dataset/ltm_datasets/wildrgbd_harrison/peach/scenes/scene_150
wildrgbd_harrison__peach__scene_162,wildrgbd_harrison/peach/scene_162,wildrgbd_harrison,wildrgbd_harrison:peach,wildrgbd_rgb_depth_npz_pose,sensor_depth_png,npz_camera_pose,100,100,12,/home/m/dataset/ltm_datasets/wildrgbd_harrison/peach/scenes/scene_162
wildrgbd_harrison__peach__scene_167,wildrgbd_harrison/peach/scene_167,wildrgbd_harrison,wildrgbd_harrison:peach,wildrgbd_rgb_depth_npz_pose,sensor_depth_png,npz_camera_pose,100,100,12,/home/m/dataset/ltm_datasets/wildrgbd_harrison/peach/scenes/scene_167
wildrgbd_harrison__peach__scene_171,wildrgbd_harrison/peach/scene_171,wildrgbd_harrison,wildrgbd_harrison:peach,wildrgbd_rgb_depth_npz_pose,sensor_depth_png,npz_camera_pose,100,100,12,/home/m/dataset/ltm_datasets/wildrgbd_harrison/peach/scenes/scene_171
wildrgbd_harrison__peach__scene_180,wildrgbd_harrison/peach/scene_180,wildrgbd_harrison,wildrgbd_harrison:peach,wildrgbd_rgb_depth_npz_pose,sensor_depth_png,npz_camera_pose,100,100,12,/home/m/dataset/ltm_datasets/wildrgbd_harrison/peach/scenes/scene_180
wildrgbd_harrison__pear__scene_014,wildrgbd_harrison/pear/scene_014,wildrgbd_harrison,wildrgbd_harrison:pear,wildrgbd_rgb_depth_npz_pose,sensor_depth_png,npz_camera_pose,100,100,12,/home/m/dataset/ltm_datasets/wildrgbd_harrison/pear/scenes/scene_014
wildrgbd_harrison__pear__scene_022,wildrgbd_harrison/pear/scene_022,wildrgbd_harrison,wildrgbd_harrison:pear,wildrgbd_rgb_depth_npz_pose,sensor_depth_png,npz_camera_pose,100,100,12,/home/m/dataset/ltm_datasets/wildrgbd_harrison/pear/scenes/scene_022
wildrgbd_harrison__pear__scene_035,wildrgbd_harrison/pear/scene_035,wildrgbd_harrison,wildrgbd_harrison:pear,wildrgbd_rgb_depth_npz_pose,sensor_depth_png,npz_camera_pose,100,100,12,/home/m/dataset/ltm_datasets/wildrgbd_harrison/pear/scenes/scene_035
wildrgbd_harrison__pear__scene_109,wildrgbd_harrison/pear/scene_109,wildrgbd_harrison,wildrgbd_harrison:pear,wildrgbd_rgb_depth_npz_pose,sensor_depth_png,npz_camera_pose,100,100,12,/home/m/dataset/ltm_datasets/wildrgbd_harrison/pear/scenes/scene_109
wildrgbd_harrison__pear__scene_130,wildrgbd_harrison/pear/scene_130,wildrgbd_harrison,wildrgbd_harrison:pear,wildrgbd_rgb_depth_npz_pose,sensor_depth_png,npz_camera_pose,100,100,12,/home/m/dataset/ltm_datasets/wildrgbd_harrison/pear/scenes/scene_130
wildrgbd_harrison__pear__scene_131,wildrgbd_harrison/pear/scene_131,wildrgbd_harrison,wildrgbd_harrison:pear,wildrgbd_rgb_depth_npz_pose,sensor_depth_png,npz_camera_pose,100,100,12,/home/m/dataset/ltm_datasets/wildrgbd_harrison/pear/scenes/scene_131
wildrgbd_harrison__pear__scene_167,wildrgbd_harrison/pear/scene_167,wildrgbd_harrison,wildrgbd_harrison:pear,wildrgbd_rgb_depth_npz_pose,sensor_depth_png,npz_camera_pose,100,100,12,/home/m/dataset/ltm_datasets/wildrgbd_harrison/pear/scenes/scene_167
wildrgbd_harrison__pear__scene_173,wildrgbd_harrison/pear/scene_173,wildrgbd_harrison,wildrgbd_harrison:pear,wildrgbd_rgb_depth_npz_pose,sensor_depth_png,npz_camera_pose,100,100,12,/home/m/dataset/ltm_datasets/wildrgbd_harrison/pear/scenes/scene_173
wildrgbd_harrison__pear__scene_177,wildrgbd_harrison/pear/scene_177,wildrgbd_harrison,wildrgbd_harrison:pear,wildrgbd_rgb_depth_npz_pose,sensor_depth_png,npz_camera_pose,100,100,12,/home/m/dataset/ltm_datasets/wildrgbd_harrison/pear/scenes/scene_177
wildrgbd_harrison__pear__scene_179,wildrgbd_harrison/pear/scene_179,wildrgbd_harrison,wildrgbd_harrison:pear,wildrgbd_rgb_depth_npz_pose,sensor_depth_png,npz_camera_pose,100,100,12,/home/m/dataset/ltm_datasets/wildrgbd_harrison/pear/scenes/scene_179
wildrgbd_harrison__pliers__scene_030,wildrgbd_harrison/pliers/scene_030,wildrgbd_harrison,wildrgbd_harrison:pliers,wildrgbd_rgb_depth_npz_pose,sensor_depth_png,npz_camera_pose,100,100,12,/home/m/dataset/ltm_datasets/wildrgbd_harrison/pliers/scenes/scene_030
wildrgbd_harrison__pliers__scene_118,wildrgbd_harrison/pliers/scene_118,wildrgbd_harrison,wildrgbd_harrison:pliers,wildrgbd_rgb_depth_npz_pose,sensor_depth_png,npz_camera_pose,100,100,12,/home/m/dataset/ltm_datasets/wildrgbd_harrison/pliers/scenes/scene_118
wildrgbd_harrison__pliers__scene_129,wildrgbd_harrison/pliers/scene_129,wildrgbd_harrison,wildrgbd_harrison:pliers,wildrgbd_rgb_depth_npz_pose,sensor_depth_png,npz_camera_pose,100,100,12,/home/m/dataset/ltm_datasets/wildrgbd_harrison/pliers/scenes/scene_129
wildrgbd_harrison__pliers__scene_130,wildrgbd_harrison/pliers/scene_130,wildrgbd_harrison,wildrgbd_harrison:pliers,wildrgbd_rgb_depth_npz_pose,sensor_depth_png,npz_camera_pose,100,100,12,/home/m/dataset/ltm_datasets/wildrgbd_harrison/pliers/scenes/scene_130
wildrgbd_harrison__pliers__scene_146,wildrgbd_harrison/pliers/scene_146,wildrgbd_harrison,wildrgbd_harrison:pliers,wildrgbd_rgb_depth_npz_pose,sensor_depth_png,npz_camera_pose,100,100,12,/home/m/dataset/ltm_datasets/wildrgbd_harrison/pliers/scenes/scene_146
wildrgbd_harrison__pliers__scene_174,wildrgbd_harrison/pliers/scene_174,wildrgbd_harrison,wildrgbd_harrison:pliers,wildrgbd_rgb_depth_npz_pose,sensor_depth_png,npz_camera_pose,100,100,12,/home/m/dataset/ltm_datasets/wildrgbd_harrison/pliers/scenes/scene_174
wildrgbd_harrison__pliers__scene_237,wildrgbd_harrison/pliers/scene_237,wildrgbd_harrison,wildrgbd_harrison:pliers,wildrgbd_rgb_depth_npz_pose,sensor_depth_png,npz_camera_pose,100,100,12,/home/m/dataset/ltm_datasets/wildrgbd_harrison/pliers/scenes/scene_237
wildrgbd_harrison__pliers__scene_256,wildrgbd_harrison/pliers/scene_256,wildrgbd_harrison,wildrgbd_harrison:pliers,wildrgbd_rgb_depth_npz_pose,sensor_depth_png,npz_camera_pose,100,100,12,/home/m/dataset/ltm_datasets/wildrgbd_harrison/pliers/scenes/scene_256
wildrgbd_harrison__pliers__scene_263,wildrgbd_harrison/pliers/scene_263,wildrgbd_harrison,wildrgbd_harrison:pliers,wildrgbd_rgb_depth_npz_pose,sensor_depth_png,npz_camera_pose,100,100,12,/home/m/dataset/ltm_datasets/wildrgbd_harrison/pliers/scenes/scene_263
wildrgbd_harrison__pliers__scene_332,wildrgbd_harrison/pliers/scene_332,wildrgbd_harrison,wildrgbd_harrison:pliers,wildrgbd_rgb_depth_npz_pose,sensor_depth_png,npz_camera_pose,100,100,12,/home/m/dataset/ltm_datasets/wildrgbd_harrison/pliers/scenes/scene_332
wildrgbd_harrison__pliers__scene_357,wildrgbd_harrison/pliers/scene_357,wildrgbd_harrison,wildrgbd_harrison:pliers,wildrgbd_rgb_depth_npz_pose,sensor_depth_png,npz_camera_pose,100,100,12,/home/m/dataset/ltm_datasets/wildrgbd_harrison/pliers/scenes/scene_357
wildrgbd_harrison__pliers__scene_373,wildrgbd_harrison/pliers/scene_373,wildrgbd_harrison,wildrgbd_harrison:pliers,wildrgbd_rgb_depth_npz_pose,sensor_depth_png,npz_camera_pose,100,100,12,/home/m/dataset/ltm_datasets/wildrgbd_harrison/pliers/scenes/scene_373
wildrgbd_harrison__pliers__scene_384,wildrgbd_harrison/pliers/scene_384,wildrgbd_harrison,wildrgbd_harrison:pliers,wildrgbd_rgb_depth_npz_pose,sensor_depth_png,npz_camera_pose,100,100,12,/home/m/dataset/ltm_datasets/wildrgbd_harrison/pliers/scenes/scene_384
wildrgbd_harrison__pliers__scene_400,wildrgbd_harrison/pliers/scene_400,wildrgbd_harrison,wildrgbd_harrison:pliers,wildrgbd_rgb_depth_npz_pose,sensor_depth_png,npz_camera_pose,100,100,12,/home/m/dataset/ltm_datasets/wildrgbd_harrison/pliers/scenes/scene_400
wildrgbd_harrison__pliers__scene_516,wildrgbd_harrison/pliers/scene_516,wildrgbd_harrison,wildrgbd_harrison:pliers,wildrgbd_rgb_depth_npz_pose,sensor_depth_png,npz_camera_pose,100,100,12,/home/m/dataset/ltm_datasets/wildrgbd_harrison/pliers/scenes/scene_516
wildrgbd_harrison__pliers__scene_522,wildrgbd_harrison/pliers/scene_522,wildrgbd_harrison,wildrgbd_harrison:pliers,wildrgbd_rgb_depth_npz_pose,sensor_depth_png,npz_camera_pose,100,100,12,/home/m/dataset/ltm_datasets/wildrgbd_harrison/pliers/scenes/scene_522
wildrgbd_harrison__potato__scene_012,wildrgbd_harrison/potato/scene_012,wildrgbd_harrison,wildrgbd_harrison:potato,wildrgbd_rgb_depth_npz_pose,sensor_depth_png,npz_camera_pose,100,100,12,/home/m/dataset/ltm_datasets/wildrgbd_harrison/potato/scenes/scene_012
wildrgbd_harrison__potato__scene_029,wildrgbd_harrison/potato/scene_029,wildrgbd_harrison,wildrgbd_harrison:potato,wildrgbd_rgb_depth_npz_pose,sensor_depth_png,npz_camera_pose,100,100,12,/home/m/dataset/ltm_datasets/wildrgbd_harrison/potato/scenes/scene_029
wildrgbd_harrison__potato__scene_035,wildrgbd_harrison/potato/scene_035,wildrgbd_harrison,wildrgbd_harrison:potato,wildrgbd_rgb_depth_npz_pose,sensor_depth_png,npz_camera_pose,100,100,12,/home/m/dataset/ltm_datasets/wildrgbd_harrison/potato/scenes/scene_035
wildrgbd_harrison__potato__scene_039,wildrgbd_harrison/potato/scene_039,wildrgbd_harrison,wildrgbd_harrison:potato,wildrgbd_rgb_depth_npz_pose,sensor_depth_png,npz_camera_pose,100,100,12,/home/m/dataset/ltm_datasets/wildrgbd_harrison/potato/scenes/scene_039
wildrgbd_harrison__potato__scene_043,wildrgbd_harrison/potato/scene_043,wildrgbd_harrison,wildrgbd_harrison:potato,wildrgbd_rgb_depth_npz_pose,sensor_depth_png,npz_camera_pose,100,100,12,/home/m/dataset/ltm_datasets/wildrgbd_harrison/potato/scenes/scene_043
wildrgbd_harrison__potato__scene_055,wildrgbd_harrison/potato/scene_055,wildrgbd_harrison,wildrgbd_harrison:potato,wildrgbd_rgb_depth_npz_pose,sensor_depth_png,npz_camera_pose,100,100,12,/home/m/dataset/ltm_datasets/wildrgbd_harrison/potato/scenes/scene_055
wildrgbd_harrison__potato__scene_058,wildrgbd_harrison/potato/scene_058,wildrgbd_harrison,wildrgbd_harrison:potato,wildrgbd_rgb_depth_npz_pose,sensor_depth_png,npz_camera_pose,100,100,12,/home/m/dataset/ltm_datasets/wildrgbd_harrison/potato/scenes/scene_058
wildrgbd_harrison__potato__scene_066,wildrgbd_harrison/potato/scene_066,wildrgbd_harrison,wildrgbd_harrison:potato,wildrgbd_rgb_depth_npz_pose,sensor_depth_png,npz_camera_pose,100,100,12,/home/m/dataset/ltm_datasets/wildrgbd_harrison/potato/scenes/scene_066
wildrgbd_harrison__potato__scene_073,wildrgbd_harrison/potato/scene_073,wildrgbd_harrison,wildrgbd_harrison:potato,wildrgbd_rgb_depth_npz_pose,sensor_depth_png,npz_camera_pose,100,100,12,/home/m/dataset/ltm_datasets/wildrgbd_harrison/potato/scenes/scene_073
wildrgbd_harrison__potato__scene_090,wildrgbd_harrison/potato/scene_090,wildrgbd_harrison,wildrgbd_harrison:potato,wildrgbd_rgb_depth_npz_pose,sensor_depth_png,npz_camera_pose,100,100,12,/home/m/dataset/ltm_datasets/wildrgbd_harrison/potato/scenes/scene_090
wildrgbd_harrison__potato__scene_091,wildrgbd_harrison/potato/scene_091,wildrgbd_harrison,wildrgbd_harrison:potato,wildrgbd_rgb_depth_npz_pose,sensor_depth_png,npz_camera_pose,100,100,12,/home/m/dataset/ltm_datasets/wildrgbd_harrison/potato/scenes/scene_091
wildrgbd_harrison__potato__scene_105,wildrgbd_harrison/potato/scene_105,wildrgbd_harrison,wildrgbd_harrison:potato,wildrgbd_rgb_depth_npz_pose,sensor_depth_png,npz_camera_pose,100,100,12,/home/m/dataset/ltm_datasets/wildrgbd_harrison/potato/scenes/scene_105
wildrgbd_harrison__potato__scene_118,wildrgbd_harrison/potato/scene_118,wildrgbd_harrison,wildrgbd_harrison:potato,wildrgbd_rgb_depth_npz_pose,sensor_depth_png,npz_camera_pose,100,100,12,/home/m/dataset/ltm_datasets/wildrgbd_harrison/potato/scenes/scene_118
wildrgbd_harrison__potato__scene_123,wildrgbd_harrison/potato/scene_123,wildrgbd_harrison,wildrgbd_harrison:potato,wildrgbd_rgb_depth_npz_pose,sensor_depth_png,npz_camera_pose,100,100,12,/home/m/dataset/ltm_datasets/wildrgbd_harrison/potato/scenes/scene_123
wildrgbd_harrison__potato__scene_131,wildrgbd_harrison/potato/scene_131,wildrgbd_harrison,wildrgbd_harrison:potato,wildrgbd_rgb_depth_npz_pose,sensor_depth_png,npz_camera_pose,100,100,12,/home/m/dataset/ltm_datasets/wildrgbd_harrison/potato/scenes/scene_131
wildrgbd_harrison__potato__scene_137,wildrgbd_harrison/potato/scene_137,wildrgbd_harrison,wildrgbd_harrison:potato,wildrgbd_rgb_depth_npz_pose,sensor_depth_png,npz_camera_pose,100,100,12,/home/m/dataset/ltm_datasets/wildrgbd_harrison/potato/scenes/scene_137
wildrgbd_harrison__potato__scene_154,wildrgbd_harrison/potato/scene_154,wildrgbd_harrison,wildrgbd_harrison:potato,wildrgbd_rgb_depth_npz_pose,sensor_depth_png,npz_camera_pose,100,100,12,/home/m/dataset/ltm_datasets/wildrgbd_harrison/potato/scenes/scene_154
wildrgbd_harrison__potato__scene_158,wildrgbd_harrison/potato/scene_158,wildrgbd_harrison,wildrgbd_harrison:potato,wildrgbd_rgb_depth_npz_pose,sensor_depth_png,npz_camera_pose,100,100,12,/home/m/dataset/ltm_datasets/wildrgbd_harrison/potato/scenes/scene_158
wildrgbd_harrison__potato__scene_178,wildrgbd_harrison/potato/scene_178,wildrgbd_harrison,wildrgbd_harrison:potato,wildrgbd_rgb_depth_npz_pose,sensor_depth_png,npz_camera_pose,100,100,12,/home/m/dataset/ltm_datasets/wildrgbd_harrison/potato/scenes/scene_178
wildrgbd_harrison__potato__scene_181,wildrgbd_harrison/potato/scene_181,wildrgbd_harrison,wildrgbd_harrison:potato,wildrgbd_rgb_depth_npz_pose,sensor_depth_png,npz_camera_pose,100,100,12,/home/m/dataset/ltm_datasets/wildrgbd_harrison/potato/scenes/scene_181
wildrgbd_harrison__razor__scene_074,wildrgbd_harrison/razor/scene_074,wildrgbd_harrison,wildrgbd_harrison:razor,wildrgbd_rgb_depth_npz_pose,sensor_depth_png,npz_camera_pose,100,100,12,/home/m/dataset/ltm_datasets/wildrgbd_harrison/razor/scenes/scene_074
wildrgbd_harrison__razor__scene_081,wildrgbd_harrison/razor/scene_081,wildrgbd_harrison,wildrgbd_harrison:razor,wildrgbd_rgb_depth_npz_pose,sensor_depth_png,npz_camera_pose,100,100,12,/home/m/dataset/ltm_datasets/wildrgbd_harrison/razor/scenes/scene_081
wildrgbd_harrison__razor__scene_119,wildrgbd_harrison/razor/scene_119,wildrgbd_harrison,wildrgbd_harrison:razor,wildrgbd_rgb_depth_npz_pose,sensor_depth_png,npz_camera_pose,100,100,12,/home/m/dataset/ltm_datasets/wildrgbd_harrison/razor/scenes/scene_119
wildrgbd_harrison__razor__scene_145,wildrgbd_harrison/razor/scene_145,wildrgbd_harrison,wildrgbd_harrison:razor,wildrgbd_rgb_depth_npz_pose,sensor_depth_png,npz_camera_pose,100,100,12,/home/m/dataset/ltm_datasets/wildrgbd_harrison/razor/scenes/scene_145
wildrgbd_harrison__razor__scene_148,wildrgbd_harrison/razor/scene_148,wildrgbd_harrison,wildrgbd_harrison:razor,wildrgbd_rgb_depth_npz_pose,sensor_depth_png,npz_camera_pose,100,100,12,/home/m/dataset/ltm_datasets/wildrgbd_harrison/razor/scenes/scene_148
wildrgbd_harrison__razor__scene_149,wildrgbd_harrison/razor/scene_149,wildrgbd_harrison,wildrgbd_harrison:razor,wildrgbd_rgb_depth_npz_pose,sensor_depth_png,npz_camera_pose,100,100,12,/home/m/dataset/ltm_datasets/wildrgbd_harrison/razor/scenes/scene_149
wildrgbd_harrison__razor__scene_217,wildrgbd_harrison/razor/scene_217,wildrgbd_harrison,wildrgbd_harrison:razor,wildrgbd_rgb_depth_npz_pose,sensor_depth_png,npz_camera_pose,100,100,12,/home/m/dataset/ltm_datasets/wildrgbd_harrison/razor/scenes/scene_217
wildrgbd_harrison__razor__scene_224,wildrgbd_harrison/razor/scene_224,wildrgbd_harrison,wildrgbd_harrison:razor,wildrgbd_rgb_depth_npz_pose,sensor_depth_png,npz_camera_pose,100,100,12,/home/m/dataset/ltm_datasets/wildrgbd_harrison/razor/scenes/scene_224
wildrgbd_harrison__razor__scene_249,wildrgbd_harrison/razor/scene_249,wildrgbd_harrison,wildrgbd_harrison:razor,wildrgbd_rgb_depth_npz_pose,sensor_depth_png,npz_camera_pose,100,100,12,/home/m/dataset/ltm_datasets/wildrgbd_harrison/razor/scenes/scene_249
wildrgbd_harrison__razor__scene_254,wildrgbd_harrison/razor/scene_254,wildrgbd_harrison,wildrgbd_harrison:razor,wildrgbd_rgb_depth_npz_pose,sensor_depth_png,npz_camera_pose,100,100,12,/home/m/dataset/ltm_datasets/wildrgbd_harrison/razor/scenes/scene_254
wildrgbd_harrison__razor__scene_266,wildrgbd_harrison/razor/scene_266,wildrgbd_harrison,wildrgbd_harrison:razor,wildrgbd_rgb_depth_npz_pose,sensor_depth_png,npz_camera_pose,100,100,12,/home/m/dataset/ltm_datasets/wildrgbd_harrison/razor/scenes/scene_266
wildrgbd_harrison__razor__scene_343,wildrgbd_harrison/razor/scene_343,wildrgbd_harrison,wildrgbd_harrison:razor,wildrgbd_rgb_depth_npz_pose,sensor_depth_png,npz_camera_pose,100,100,12,/home/m/dataset/ltm_datasets/wildrgbd_harrison/razor/scenes/scene_343
wildrgbd_harrison__razor__scene_357,wildrgbd_harrison/razor/scene_357,wildrgbd_harrison,wildrgbd_harrison:razor,wildrgbd_rgb_depth_npz_pose,sensor_depth_png,npz_camera_pose,100,100,12,/home/m/dataset/ltm_datasets/wildrgbd_harrison/razor/scenes/scene_357
wildrgbd_harrison__razor__scene_363,wildrgbd_harrison/razor/scene_363,wildrgbd_harrison,wildrgbd_harrison:razor,wildrgbd_rgb_depth_npz_pose,sensor_depth_png,npz_camera_pose,100,100,12,/home/m/dataset/ltm_datasets/wildrgbd_harrison/razor/scenes/scene_363
wildrgbd_harrison__razor__scene_372,wildrgbd_harrison/razor/scene_372,wildrgbd_harrison,wildrgbd_harrison:razor,wildrgbd_rgb_depth_npz_pose,sensor_depth_png,npz_camera_pose,100,100,12,/home/m/dataset/ltm_datasets/wildrgbd_harrison/razor/scenes/scene_372
wildrgbd_harrison__razor__scene_386,wildrgbd_harrison/razor/scene_386,wildrgbd_harrison,wildrgbd_harrison:razor,wildrgbd_rgb_depth_npz_pose,sensor_depth_png,npz_camera_pose,100,100,12,/home/m/dataset/ltm_datasets/wildrgbd_harrison/razor/scenes/scene_386
wildrgbd_harrison__remote_control__scene_061,wildrgbd_harrison/remote_control/scene_061,wildrgbd_harrison,wildrgbd_harrison:remote_control,wildrgbd_rgb_depth_npz_pose,sensor_depth_png,npz_camera_pose,100,100,12,/home/m/dataset/ltm_datasets/wildrgbd_harrison/remote_control/scenes/scene_061
wildrgbd_harrison__remote_control__scene_064,wildrgbd_harrison/remote_control/scene_064,wildrgbd_harrison,wildrgbd_harrison:remote_control,wildrgbd_rgb_depth_npz_pose,sensor_depth_png,npz_camera_pose,100,100,12,/home/m/dataset/ltm_datasets/wildrgbd_harrison/remote_control/scenes/scene_064
wildrgbd_harrison__remote_control__scene_071,wildrgbd_harrison/remote_control/scene_071,wildrgbd_harrison,wildrgbd_harrison:remote_control,wildrgbd_rgb_depth_npz_pose,sensor_depth_png,npz_camera_pose,100,100,12,/home/m/dataset/ltm_datasets/wildrgbd_harrison/remote_control/scenes/scene_071
wildrgbd_harrison__remote_control__scene_075,wildrgbd_harrison/remote_control/scene_075,wildrgbd_harrison,wildrgbd_harrison:remote_control,wildrgbd_rgb_depth_npz_pose,sensor_depth_png,npz_camera_pose,100,100,12,/home/m/dataset/ltm_datasets/wildrgbd_harrison/remote_control/scenes/scene_075
wildrgbd_harrison__remote_control__scene_103,wildrgbd_harrison/remote_control/scene_103,wildrgbd_harrison,wildrgbd_harrison:remote_control,wildrgbd_rgb_depth_npz_pose,sensor_depth_png,npz_camera_pose,100,100,12,/home/m/dataset/ltm_datasets/wildrgbd_harrison/remote_control/scenes/scene_103
wildrgbd_harrison__remote_control__scene_123,wildrgbd_harrison/remote_control/scene_123,wildrgbd_harrison,wildrgbd_harrison:remote_control,wildrgbd_rgb_depth_npz_pose,sensor_depth_png,npz_camera_pose,100,100,12,/home/m/dataset/ltm_datasets/wildrgbd_harrison/remote_control/scenes/scene_123
wildrgbd_harrison__remote_control__scene_170,wildrgbd_harrison/remote_control/scene_170,wildrgbd_harrison,wildrgbd_harrison:remote_control,wildrgbd_rgb_depth_npz_pose,sensor_depth_png,npz_camera_pose,100,100,12,/home/m/dataset/ltm_datasets/wildrgbd_harrison/remote_control/scenes/scene_170
wildrgbd_harrison__remote_control__scene_181,wildrgbd_harrison/remote_control/scene_181,wildrgbd_harrison,wildrgbd_harrison:remote_control,wildrgbd_rgb_depth_npz_pose,sensor_depth_png,npz_camera_pose,100,100,12,/home/m/dataset/ltm_datasets/wildrgbd_harrison/remote_control/scenes/scene_181
wildrgbd_harrison__remote_control__scene_200,wildrgbd_harrison/remote_control/scene_200,wildrgbd_harrison,wildrgbd_harrison:remote_control,wildrgbd_rgb_depth_npz_pose,sensor_depth_png,npz_camera_pose,100,100,12,/home/m/dataset/ltm_datasets/wildrgbd_harrison/remote_control/scenes/scene_200
wildrgbd_harrison__remote_control__scene_218,wildrgbd_harrison/remote_control/scene_218,wildrgbd_harrison,wildrgbd_harrison:remote_control,wildrgbd_rgb_depth_npz_pose,sensor_depth_png,npz_camera_pose,100,100,12,/home/m/dataset/ltm_datasets/wildrgbd_harrison/remote_control/scenes/scene_218
wildrgbd_harrison__remote_control__scene_227,wildrgbd_harrison/remote_control/scene_227,wildrgbd_harrison,wildrgbd_harrison:remote_control,wildrgbd_rgb_depth_npz_pose,sensor_depth_png,npz_camera_pose,100,100,12,/home/m/dataset/ltm_datasets/wildrgbd_harrison/remote_control/scenes/scene_227
wildrgbd_harrison__remote_control__scene_229,wildrgbd_harrison/remote_control/scene_229,wildrgbd_harrison,wildrgbd_harrison:remote_control,wildrgbd_rgb_depth_npz_pose,sensor_depth_png,npz_camera_pose,100,100,12,/home/m/dataset/ltm_datasets/wildrgbd_harrison/remote_control/scenes/scene_229
wildrgbd_harrison__remote_control__scene_239,wildrgbd_harrison/remote_control/scene_239,wildrgbd_harrison,wildrgbd_harrison:remote_control,wildrgbd_rgb_depth_npz_pose,sensor_depth_png,npz_camera_pose,100,100,12,/home/m/dataset/ltm_datasets/wildrgbd_harrison/remote_control/scenes/scene_239
wildrgbd_harrison__remote_control__scene_265,wildrgbd_harrison/remote_control/scene_265,wildrgbd_harrison,wildrgbd_harrison:remote_control,wildrgbd_rgb_depth_npz_pose,sensor_depth_png,npz_camera_pose,100,100,12,/home/m/dataset/ltm_datasets/wildrgbd_harrison/remote_control/scenes/scene_265
wildrgbd_harrison__remote_control__scene_267,wildrgbd_harrison/remote_control/scene_267,wildrgbd_harrison,wildrgbd_harrison:remote_control,wildrgbd_rgb_depth_npz_pose,sensor_depth_png,npz_camera_pose,100,100,12,/home/m/dataset/ltm_datasets/wildrgbd_harrison/remote_control/scenes/scene_267
wildrgbd_harrison__remote_control__scene_281,wildrgbd_harrison/remote_control/scene_281,wildrgbd_harrison,wildrgbd_harrison:remote_control,wildrgbd_rgb_depth_npz_pose,sensor_depth_png,npz_camera_pose,100,100,12,/home/m/dataset/ltm_datasets/wildrgbd_harrison/remote_control/scenes/scene_281
wildrgbd_harrison__scissor__scene_014,wildrgbd_harrison/scissor/scene_014,wildrgbd_harrison,wildrgbd_harrison:scissor,wildrgbd_rgb_depth_npz_pose,sensor_depth_png,npz_camera_pose,100,100,12,/home/m/dataset/ltm_datasets/wildrgbd_harrison/scissor/scenes/scene_014
wildrgbd_harrison__scissor__scene_052,wildrgbd_harrison/scissor/scene_052,wildrgbd_harrison,wildrgbd_harrison:scissor,wildrgbd_rgb_depth_npz_pose,sensor_depth_png,npz_camera_pose,100,100,12,/home/m/dataset/ltm_datasets/wildrgbd_harrison/scissor/scenes/scene_052
wildrgbd_harrison__scissor__scene_112,wildrgbd_harrison/scissor/scene_112,wildrgbd_harrison,wildrgbd_harrison:scissor,wildrgbd_rgb_depth_npz_pose,sensor_depth_png,npz_camera_pose,100,100,12,/home/m/dataset/ltm_datasets/wildrgbd_harrison/scissor/scenes/scene_112
wildrgbd_harrison__scissor__scene_128,wildrgbd_harrison/scissor/scene_128,wildrgbd_harrison,wildrgbd_harrison:scissor,wildrgbd_rgb_depth_npz_pose,sensor_depth_png,npz_camera_pose,100,100,12,/home/m/dataset/ltm_datasets/wildrgbd_harrison/scissor/scenes/scene_128
wildrgbd_harrison__scissor__scene_230,wildrgbd_harrison/scissor/scene_230,wildrgbd_harrison,wildrgbd_harrison:scissor,wildrgbd_rgb_depth_npz_pose,sensor_depth_png,npz_camera_pose,100,100,12,/home/m/dataset/ltm_datasets/wildrgbd_harrison/scissor/scenes/scene_230
wildrgbd_harrison__scissor__scene_238,wildrgbd_harrison/scissor/scene_238,wildrgbd_harrison,wildrgbd_harrison:scissor,wildrgbd_rgb_depth_npz_pose,sensor_depth_png,npz_camera_pose,100,100,12,/home/m/dataset/ltm_datasets/wildrgbd_harrison/scissor/scenes/scene_238
wildrgbd_harrison__scissor__scene_383,wildrgbd_harrison/scissor/scene_383,wildrgbd_harrison,wildrgbd_harrison:scissor,wildrgbd_rgb_depth_npz_pose,sensor_depth_png,npz_camera_pose,100,100,12,/home/m/dataset/ltm_datasets/wildrgbd_harrison/scissor/scenes/scene_383
wildrgbd_harrison__scissor__scene_417,wildrgbd_harrison/scissor/scene_417,wildrgbd_harrison,wildrgbd_harrison:scissor,wildrgbd_rgb_depth_npz_pose,sensor_depth_png,npz_camera_pose,100,100,12,/home/m/dataset/ltm_datasets/wildrgbd_harrison/scissor/scenes/scene_417
wildrgbd_harrison__scissor__scene_458,wildrgbd_harrison/scissor/scene_458,wildrgbd_harrison,wildrgbd_harrison:scissor,wildrgbd_rgb_depth_npz_pose,sensor_depth_png,npz_camera_pose,100,100,12,/home/m/dataset/ltm_datasets/wildrgbd_harrison/scissor/scenes/scene_458
wildrgbd_harrison__scissor__scene_492,wildrgbd_harrison/scissor/scene_492,wildrgbd_harrison,wildrgbd_harrison:scissor,wildrgbd_rgb_depth_npz_pose,sensor_depth_png,npz_camera_pose,100,100,12,/home/m/dataset/ltm_datasets/wildrgbd_harrison/scissor/scenes/scene_492
wildrgbd_harrison__scissor__scene_690,wildrgbd_harrison/scissor/scene_690,wildrgbd_harrison,wildrgbd_harrison:scissor,wildrgbd_rgb_depth_npz_pose,sensor_depth_png,npz_camera_pose,100,100,12,/home/m/dataset/ltm_datasets/wildrgbd_harrison/scissor/scenes/scene_690
wildrgbd_harrison__shoe__scene_025,wildrgbd_harrison/shoe/scene_025,wildrgbd_harrison,wildrgbd_harrison:shoe,wildrgbd_rgb_depth_npz_pose,sensor_depth_png,npz_camera_pose,100,100,12,/home/m/dataset/ltm_datasets/wildrgbd_harrison/shoe/scenes/scene_025
wildrgbd_harrison__shoe__scene_049,wildrgbd_harrison/shoe/scene_049,wildrgbd_harrison,wildrgbd_harrison:shoe,wildrgbd_rgb_depth_npz_pose,sensor_depth_png,npz_camera_pose,100,100,12,/home/m/dataset/ltm_datasets/wildrgbd_harrison/shoe/scenes/scene_049
wildrgbd_harrison__shoe__scene_128,wildrgbd_harrison/shoe/scene_128,wildrgbd_harrison,wildrgbd_harrison:shoe,wildrgbd_rgb_depth_npz_pose,sensor_depth_png,npz_camera_pose,100,100,12,/home/m/dataset/ltm_datasets/wildrgbd_harrison/shoe/scenes/scene_128
wildrgbd_harrison__shoe__scene_202,wildrgbd_harrison/shoe/scene_202,wildrgbd_harrison,wildrgbd_harrison:shoe,wildrgbd_rgb_depth_npz_pose,sensor_depth_png,npz_camera_pose,100,100,12,/home/m/dataset/ltm_datasets/wildrgbd_harrison/shoe/scenes/scene_202
wildrgbd_harrison__shoe__scene_235,wildrgbd_harrison/shoe/scene_235,wildrgbd_harrison,wildrgbd_harrison:shoe,wildrgbd_rgb_depth_npz_pose,sensor_depth_png,npz_camera_pose,100,100,12,/home/m/dataset/ltm_datasets/wildrgbd_harrison/shoe/scenes/scene_235
wildrgbd_harrison__shoe__scene_254,wildrgbd_harrison/shoe/scene_254,wildrgbd_harrison,wildrgbd_harrison:shoe,wildrgbd_rgb_depth_npz_pose,sensor_depth_png,npz_camera_pose,100,100,12,/home/m/dataset/ltm_datasets/wildrgbd_harrison/shoe/scenes/scene_254
wildrgbd_harrison__shoe__scene_261,wildrgbd_harrison/shoe/scene_261,wildrgbd_harrison,wildrgbd_harrison:shoe,wildrgbd_rgb_depth_npz_pose,sensor_depth_png,npz_camera_pose,100,100,12,/home/m/dataset/ltm_datasets/wildrgbd_harrison/shoe/scenes/scene_261
wildrgbd_harrison__shoe__scene_371,wildrgbd_harrison/shoe/scene_371,wildrgbd_harrison,wildrgbd_harrison:shoe,wildrgbd_rgb_depth_npz_pose,sensor_depth_png,npz_camera_pose,100,100,12,/home/m/dataset/ltm_datasets/wildrgbd_harrison/shoe/scenes/scene_371
wildrgbd_harrison__shoe__scene_497,wildrgbd_harrison/shoe/scene_497,wildrgbd_harrison,wildrgbd_harrison:shoe,wildrgbd_rgb_depth_npz_pose,sensor_depth_png,npz_camera_pose,100,100,12,/home/m/dataset/ltm_datasets/wildrgbd_harrison/shoe/scenes/scene_497
wildrgbd_harrison__shoe__scene_520,wildrgbd_harrison/shoe/scene_520,wildrgbd_harrison,wildrgbd_harrison:shoe,wildrgbd_rgb_depth_npz_pose,sensor_depth_png,npz_camera_pose,100,100,12,/home/m/dataset/ltm_datasets/wildrgbd_harrison/shoe/scenes/scene_520
wildrgbd_harrison__stuffed_toy__scene_071,wildrgbd_harrison/stuffed_toy/scene_071,wildrgbd_harrison,wildrgbd_harrison:stuffed_toy,wildrgbd_rgb_depth_npz_pose,sensor_depth_png,npz_camera_pose,100,100,12,/home/m/dataset/ltm_datasets/wildrgbd_harrison/stuffed_toy/scenes/scene_071
wildrgbd_harrison__stuffed_toy__scene_072,wildrgbd_harrison/stuffed_toy/scene_072,wildrgbd_harrison,wildrgbd_harrison:stuffed_toy,wildrgbd_rgb_depth_npz_pose,sensor_depth_png,npz_camera_pose,100,100,12,/home/m/dataset/ltm_datasets/wildrgbd_harrison/stuffed_toy/scenes/scene_072
wildrgbd_harrison__stuffed_toy__scene_080,wildrgbd_harrison/stuffed_toy/scene_080,wildrgbd_harrison,wildrgbd_harrison:stuffed_toy,wildrgbd_rgb_depth_npz_pose,sensor_depth_png,npz_camera_pose,100,100,12,/home/m/dataset/ltm_datasets/wildrgbd_harrison/stuffed_toy/scenes/scene_080
wildrgbd_harrison__stuffed_toy__scene_138,wildrgbd_harrison/stuffed_toy/scene_138,wildrgbd_harrison,wildrgbd_harrison:stuffed_toy,wildrgbd_rgb_depth_npz_pose,sensor_depth_png,npz_camera_pose,100,100,12,/home/m/dataset/ltm_datasets/wildrgbd_harrison/stuffed_toy/scenes/scene_138
wildrgbd_harrison__stuffed_toy__scene_207,wildrgbd_harrison/stuffed_toy/scene_207,wildrgbd_harrison,wildrgbd_harrison:stuffed_toy,wildrgbd_rgb_depth_npz_pose,sensor_depth_png,npz_camera_pose,100,100,12,/home/m/dataset/ltm_datasets/wildrgbd_harrison/stuffed_toy/scenes/scene_207
wildrgbd_harrison__stuffed_toy__scene_212,wildrgbd_harrison/stuffed_toy/scene_212,wildrgbd_harrison,wildrgbd_harrison:stuffed_toy,wildrgbd_rgb_depth_npz_pose,sensor_depth_png,npz_camera_pose,100,100,12,/home/m/dataset/ltm_datasets/wildrgbd_harrison/stuffed_toy/scenes/scene_212
wildrgbd_harrison__stuffed_toy__scene_260,wildrgbd_harrison/stuffed_toy/scene_260,wildrgbd_harrison,wildrgbd_harrison:stuffed_toy,wildrgbd_rgb_depth_npz_pose,sensor_depth_png,npz_camera_pose,100,100,12,/home/m/dataset/ltm_datasets/wildrgbd_harrison/stuffed_toy/scenes/scene_260
wildrgbd_harrison__stuffed_toy__scene_265,wildrgbd_harrison/stuffed_toy/scene_265,wildrgbd_harrison,wildrgbd_harrison:stuffed_toy,wildrgbd_rgb_depth_npz_pose,sensor_depth_png,npz_camera_pose,100,100,12,/home/m/dataset/ltm_datasets/wildrgbd_harrison/stuffed_toy/scenes/scene_265
wildrgbd_harrison__stuffed_toy__scene_424,wildrgbd_harrison/stuffed_toy/scene_424,wildrgbd_harrison,wildrgbd_harrison:stuffed_toy,wildrgbd_rgb_depth_npz_pose,sensor_depth_png,npz_camera_pose,100,100,12,/home/m/dataset/ltm_datasets/wildrgbd_harrison/stuffed_toy/scenes/scene_424
wildrgbd_harrison__stuffed_toy__scene_485,wildrgbd_harrison/stuffed_toy/scene_485,wildrgbd_harrison,wildrgbd_harrison:stuffed_toy,wildrgbd_rgb_depth_npz_pose,sensor_depth_png,npz_camera_pose,100,100,12,/home/m/dataset/ltm_datasets/wildrgbd_harrison/stuffed_toy/scenes/scene_485
wildrgbd_harrison__tomato__scene_016,wildrgbd_harrison/tomato/scene_016,wildrgbd_harrison,wildrgbd_harrison:tomato,wildrgbd_rgb_depth_npz_pose,sensor_depth_png,npz_camera_pose,100,100,12,/home/m/dataset/ltm_datasets/wildrgbd_harrison/tomato/scenes/scene_016
wildrgbd_harrison__tomato__scene_029,wildrgbd_harrison/tomato/scene_029,wildrgbd_harrison,wildrgbd_harrison:tomato,wildrgbd_rgb_depth_npz_pose,sensor_depth_png,npz_camera_pose,100,100,12,/home/m/dataset/ltm_datasets/wildrgbd_harrison/tomato/scenes/scene_029
wildrgbd_harrison__tomato__scene_033,wildrgbd_harrison/tomato/scene_033,wildrgbd_harrison,wildrgbd_harrison:tomato,wildrgbd_rgb_depth_npz_pose,sensor_depth_png,npz_camera_pose,100,100,12,/home/m/dataset/ltm_datasets/wildrgbd_harrison/tomato/scenes/scene_033
wildrgbd_harrison__tomato__scene_035,wildrgbd_harrison/tomato/scene_035,wildrgbd_harrison,wildrgbd_harrison:tomato,wildrgbd_rgb_depth_npz_pose,sensor_depth_png,npz_camera_pose,100,100,12,/home/m/dataset/ltm_datasets/wildrgbd_harrison/tomato/scenes/scene_035
wildrgbd_harrison__tomato__scene_043,wildrgbd_harrison/tomato/scene_043,wildrgbd_harrison,wildrgbd_harrison:tomato,wildrgbd_rgb_depth_npz_pose,sensor_depth_png,npz_camera_pose,100,100,12,/home/m/dataset/ltm_datasets/wildrgbd_harrison/tomato/scenes/scene_043
wildrgbd_harrison__tomato__scene_099,wildrgbd_harrison/tomato/scene_099,wildrgbd_harrison,wildrgbd_harrison:tomato,wildrgbd_rgb_depth_npz_pose,sensor_depth_png,npz_camera_pose,100,100,12,/home/m/dataset/ltm_datasets/wildrgbd_harrison/tomato/scenes/scene_099
wildrgbd_harrison__tomato__scene_123,wildrgbd_harrison/tomato/scene_123,wildrgbd_harrison,wildrgbd_harrison:tomato,wildrgbd_rgb_depth_npz_pose,sensor_depth_png,npz_camera_pose,100,100,12,/home/m/dataset/ltm_datasets/wildrgbd_harrison/tomato/scenes/scene_123
wildrgbd_harrison__tomato__scene_131,wildrgbd_harrison/tomato/scene_131,wildrgbd_harrison,wildrgbd_harrison:tomato,wildrgbd_rgb_depth_npz_pose,sensor_depth_png,npz_camera_pose,100,100,12,/home/m/dataset/ltm_datasets/wildrgbd_harrison/tomato/scenes/scene_131
wildrgbd_harrison__tomato__scene_133,wildrgbd_harrison/tomato/scene_133,wildrgbd_harrison,wildrgbd_harrison:tomato,wildrgbd_rgb_depth_npz_pose,sensor_depth_png,npz_camera_pose,100,100,12,/home/m/dataset/ltm_datasets/wildrgbd_harrison/tomato/scenes/scene_133
wildrgbd_harrison__tomato__scene_149,wildrgbd_harrison/tomato/scene_149,wildrgbd_harrison,wildrgbd_harrison:tomato,wildrgbd_rgb_depth_npz_pose,sensor_depth_png,npz_camera_pose,100,100,12,/home/m/dataset/ltm_datasets/wildrgbd_harrison/tomato/scenes/scene_149
wildrgbd_harrison__tomato__scene_155,wildrgbd_harrison/tomato/scene_155,wildrgbd_harrison,wildrgbd_harrison:tomato,wildrgbd_rgb_depth_npz_pose,sensor_depth_png,npz_camera_pose,100,100,12,/home/m/dataset/ltm_datasets/wildrgbd_harrison/tomato/scenes/scene_155
wildrgbd_harrison__tomato__scene_157,wildrgbd_harrison/tomato/scene_157,wildrgbd_harrison,wildrgbd_harrison:tomato,wildrgbd_rgb_depth_npz_pose,sensor_depth_png,npz_camera_pose,100,100,12,/home/m/dataset/ltm_datasets/wildrgbd_harrison/tomato/scenes/scene_157
wildrgbd_harrison__tomato__scene_168,wildrgbd_harrison/tomato/scene_168,wildrgbd_harrison,wildrgbd_harrison:tomato,wildrgbd_rgb_depth_npz_pose,sensor_depth_png,npz_camera_pose,100,100,12,/home/m/dataset/ltm_datasets/wildrgbd_harrison/tomato/scenes/scene_168
wildrgbd_harrison__tomato__scene_175,wildrgbd_harrison/tomato/scene_175,wildrgbd_harrison,wildrgbd_harrison:tomato,wildrgbd_rgb_depth_npz_pose,sensor_depth_png,npz_camera_pose,100,100,12,/home/m/dataset/ltm_datasets/wildrgbd_harrison/tomato/scenes/scene_175
